code,season,round,fixture_id,team,pos,opponent,was_home,kickoff,minutes,starts,points,goals,assists,clean_sheets,goals_conceded,own_goals,pens_saved,pens_missed,xg,xa,xgc,defcon,bps,bonus,saves,yellow,red,threat,creativity,influence,price,selected
80178,2026/27,1,1,COV,DEF,ARS,0,2026-08-21T19:00:00Z,0,0,0,0,0,0,0,0,0,0,0.0,0.0,0.0,0,0,0,0,0,0,0.0,0.0,0.0,40,7091
109745,2026/27,1,1,ARS,GKP,COV,1,2026-08-21T19:00:00Z,0,0,0,0,0,0,0,0,0,0,0.0,0.0,0.0,0,0,0,0,0,0,0.0,0.0,0.0,50,7415
110690,2026/27,1,1,COV,GKP,ARS,0,2026-08-21T19:00:00Z,0,0,0,0,0,0,0,0,0,0,0.0,0.0,0.0,0,0,0,0,0,0,0.0,0.0,0.0,45,42690
154561,2026/27,1,1,ARS,GKP,COV,1,2026-08-21T19:00:00Z,90,1,6,0,0,1,0,0,0,0,0.0,0.0,0.2,0,24,0,1,0,0,0.0,0.0,11.8,60,3347153
168144,2026/27,1,1,COV,MID,ARS,0,2026-08-21T19:00:00Z,90,1,2,0,0,0,3,0,0,0,0.0,0.01,1.88,7,14,0,0,0,0,0.0,3.7,13.4,50,17412
173878,2026/27,1,1,COV,DEF,ARS,0,2026-08-21T19:00:00Z,90,1,1,0,0,0,3,0,0,0,0.0,0.02,1.88,6,-4,0,0,0,0,0.0,3.8,13.8,40,73424
176412,2026/27,1,1,COV,FWD,ARS,0,2026-08-21T19:00:00Z,0,0,0,0,0,0,0,0,0,0,0.0,0.0,0.0,0,0,0,0,0,0,0.0,0.0,0.0,55,18871
184029,2026/27,1,1,ARS,MID,COV,1,2026-08-21T19:00:00Z,75,1,11,1,0,1,0,0,0,0,0.21,0.1,0.06,8,41,3,0,0,0,31.0,41.5,50.6,65,717252
195384,2026/27,1,1,ARS,MID,COV,1,2026-08-21T19:00:00Z,14,0,1,0,0,0,0,0,0,0,0.14,0.02,0.15,2,5,0,0,0,0,14.0,1.2,3.6,60,62671
196100,2026/27,1,1,COV,MID,ARS,0,2026-08-21T19:00:00Z,8,0,1,0,0,0,0,0,0,0,0.0,0.0,0.13,1,3,0,0,0,0,0.0,0.3,0.4,55,12932
198869,2026/27,1,1,ARS,DEF,COV,1,2026-08-21T19:00:00Z,90,1,11,0,1,1,0,0,0,0,0.18,0.21,0.2,5,37,2,0,0,0,13.0,26.8,33.2,55,401419
199798,2026/27,1,1,ARS,DEF,COV,1,2026-08-21T19:00:00Z,0,0,0,0,0,0,0,0,0,0,0.0,0.0,0.0,0,0,0,0,0,0,0.0,0.0,0.0,45,1206127
200641,2026/27,1,1,ARS,MID,COV,1,2026-08-21T19:00:00Z,0,0,0,0,0,0,0,0,0,0,0.0,0.0,0.0,0,0,0,0,0,0,0.0,0.0,0.0,55,853
204480,2026/27,1,1,ARS,MID,COV,1,2026-08-21T19:00:00Z,67,1,3,0,0,1,0,0,0,0,0.07,0.08,0.06,6,10,0,0,0,0,2.0,6.4,6.8,75,1604406
204813,2026/27,1,1,COV,DEF,ARS,0,2026-08-21T19:00:00Z,0,0,0,0,0,0,0,0,0,0,0.0,0.0,0.0,0,0,0,0,0,0,0.0,0.0,0.0,40,3977
205651,2026/27,1,1,ARS,FWD,COV,1,2026-08-21T19:00:00Z,0,0,0,0,0,0,0,0,0,0,0.0,0.0,0.0,0,0,0,0,0,0,0.0,0.0,0.0,60,31403
208706,2026/27,1,1,ARS,MID,COV,1,2026-08-21T19:00:00Z,0,0,0,0,0,0,0,0,0,0,0.0,0.0,0.0,0,0,0,0,0,0,0.0,0.0,0.0,70,391151
210156,2026/27,1,1,COV,FWD,ARS,0,2026-08-21T19:00:00Z,20,0,1,0,0,0,0,0,0,0,0.0,0.0,0.29,1,4,0,0,0,0,0.0,1.4,0.0,55,76129
218997,2026/27,1,1,COV,FWD,ARS,0,2026-08-21T19:00:00Z,69,1,2,0,0,0,3,0,0,0,0.0,0.01,1.6,3,7,0,0,0,0,2.0,12.3,2.6,50,78607
219847,2026/27,1,1,ARS,FWD,COV,1,2026-08-21T19:00:00Z,90,1,6,1,0,1,0,0,0,0,0.26,0.03,0.2,2,34,0,0,0,0,25.0,13.2,37.2,75,468616
220583,2026/27,1,1,COV,DEF,ARS,0,2026-08-21T19:00:00Z,0,0,0,0,0,0,0,0,0,0,0.0,0.0,0.0,0,0,0,0,0,0,0.0,0.0,0.0,40,16501
223340,2026/27,1,1,ARS,MID,COV,1,2026-08-21T19:00:00Z,67,1,9,1,0,1,0,0,0,0,0.64,0.08,0.06,7,36,1,0,0,0,33.0,26.1,42.8,95,819914
224117,2026/27,1,1,ARS,FWD,COV,1,2026-08-21T19:00:00Z,0,0,0,0,0,0,0,0,0,0,0.0,0.0,0.0,0,0,0,0,0,0,0.0,0.0,0.0,75,816962
226597,2026/27,1,1,ARS,DEF,COV,1,2026-08-21T19:00:00Z,90,1,5,0,0,1,0,0,0,0,0.05,0.01,0.2,4,21,0,0,1,0,1.0,1.8,6.6,80,2647984
226965,2026/27,1,1,COV,MID,ARS,0,2026-08-21T19:00:00Z,28,0,1,0,0,0,0,0,0,0,0.0,0.11,0.32,1,8,0,0,0,0,0.0,16.4,6.8,55,15509
230730,2026/27,1,1,COV,FWD,ARS,0,2026-08-21T19:00:00Z,69,1,2,0,0,0,3,0,0,0,0.0,0.02,1.6,6,9,0,0,0,0,0.0,1.1,4.6,50,66198
232413,2026/27,1,1,ARS,MID,COV,1,2026-08-21T19:00:00Z,14,0,1,0,0,0,0,0,0,0,0.04,0.0,0.15,2,4,0,0,0,0,1.0,1.8,0.0,65,188164
241293,2026/27,1,1,COV,MID,ARS,0,2026-08-21T19:00:00Z,0,0,0,0,0,0,0,0,0,0,0.0,0.0,0.0,0,0,0,0,0,0,0.0,0.0,0.0,55,11314
248857,2026/27,1,1,ARS,MID,COV,1,2026-08-21T19:00:00Z,22,0,1,0,0,0,0,0,0,0,0.0,0.04,0.15,2,8,0,0,0,0,0.0,43.1,9.4,65,30442
428580,2026/27,1,1,COV,MID,ARS,0,2026-08-21T19:00:00Z,90,1,2,0,0,0,3,0,0,0,0.0,0.01,1.88,9,8,0,0,0,0,0.0,1.6,3.6,50,13188
436761,2026/27,1,1,COV,DEF,ARS,0,2026-08-21T19:00:00Z,0,0,0,0,0,0,0,0,0,0,0.0,0.0,0.0,0,0,0,0,0,0,0.0,0.0,0.0,40,60272
437495,2026/27,1,1,ARS,GKP,COV,1,2026-08-21T19:00:00Z,0,0,0,0,0,0,0,0,0,0,0.0,0.0,0.0,0,0,0,0,0,0,0.0,0.0,0.0,50,2971
438098,2026/27,1,1,ARS,MID,COV,1,2026-08-21T19:00:00Z,0,0,0,0,0,0,0,0,0,0,0.0,0.0,0.0,0,0,0,0,0,0,0.0,0.0,0.0,55,892
439509,2026/27,1,1,ARS,MID,COV,1,2026-08-21T19:00:00Z,75,1,6,0,1,1,0,0,0,0,0.19,0.14,0.06,6,30,0,0,0,0,30.0,39.8,17.0,65,2247384
439668,2026/27,1,1,COV,MID,ARS,0,2026-08-21T19:00:00Z,0,0,0,0,0,0,0,0,0,0,0.0,0.0,0.0,0,0,0,0,0,0,0.0,0.0,0.0,50,1503
444145,2026/27,1,1,ARS,MID,COV,1,2026-08-21T19:00:00Z,0,0,0,0,0,0,0,0,0,0,0.0,0.0,0.0,0,0,0,0,0,0,0.0,0.0,0.0,65,21290
445122,2026/27,1,1,ARS,DEF,COV,1,2026-08-21T19:00:00Z,0,0,0,0,0,0,0,0,0,0,0.0,0.0,0.0,0,0,0,0,0,0,0.0,0.0,0.0,65,11200
448104,2026/27,1,1,ARS,DEF,COV,1,2026-08-21T19:00:00Z,9,0,1,0,0,0,0,0,0,0,0.0,0.0,0.15,0,3,0,0,0,0,0.0,0.5,0.4,55,165924
451284,2026/27,1,1,COV,DEF,ARS,0,2026-08-21T19:00:00Z,90,1,1,0,0,0,3,0,0,0,0.0,0.01,1.88,7,-8,0,0,0,0,2.0,2.0,10.6,40,1257228
461102,2026/27,1,1,COV,DEF,ARS,0,2026-08-21T19:00:00Z,90,1,3,0,0,0,3,0,0,0,0.02,0.01,1.88,10,11,0,0,0,0,1.0,11.2,23.2,40,721945
462424,2026/27,1,1,ARS,DEF,COV,1,2026-08-21T19:00:00Z,0,0,0,0,0,0,0,0,0,0,0.0,0.0,0.0,0,0,0,0,0,0,0.0,0.0,0.0,60,26559
465390,2026/27,1,1,COV,DEF,ARS,0,2026-08-21T19:00:00Z,0,0,0,0,0,0,0,0,0,0,0.0,0.0,0.0,0,0,0,0,0,0,0.0,0.0,0.0,40,6032
466075,2026/27,1,1,ARS,DEF,COV,1,2026-08-21T19:00:00Z,80,1,9,0,1,1,0,0,0,0,0.04,0.09,0.06,5,31,0,0,0,0,4.0,12.2,26.0,55,3542684
469272,2026/27,1,1,COV,MID,ARS,0,2026-08-21T19:00:00Z,81,1,2,0,0,0,3,0,0,0,0.04,0.02,1.76,8,11,0,0,0,0,3.0,6.0,1.8,55,12321
472739,2026/27,1,1,COV,GKP,ARS,0,2026-08-21T19:00:00Z,90,1,1,0,0,0,3,0,0,0,0.0,0.01,1.88,0,0,0,2,0,0,0.0,0.0,14.2,45,100521
480457,2026/27,1,1,COV,MID,ARS,0,2026-08-21T19:00:00Z,20,0,1,0,0,0,0,0,0,0,0.15,0.0,0.29,5,3,0,0,0,0,17.0,3.8,5.6,50,13002
481655,2026/27,1,1,ARS,MID,COV,1,2026-08-21T19:00:00Z,22,0,1,0,0,0,0,0,0,0,0.0,0.02,0.15,3,3,0,0,0,0,0.0,2.3,3.8,55,107568
484389,2026/27,1,1,COV,GKP,ARS,0,2026-08-21T19:00:00Z,0,0,0,0,0,0,0,0,0,0,0.0,0.0,0.0,0,0,0,0,0,0,0.0,0.0,0.0,40,142267
492498,2026/27,1,1,COV,MID,ARS,0,2026-08-21T19:00:00Z,0,0,0,0,0,0,0,0,0,0,0.0,0.0,0.0,0,0,0,0,0,0,0.0,0.0,0.0,45,16813
499169,2026/27,1,1,ARS,MID,COV,1,2026-08-21T19:00:00Z,90,1,3,0,0,1,0,0,0,0,0.06,0.11,0.2,7,15,0,0,0,0,7.0,22.9,11.0,55,55656
499175,2026/27,1,1,ARS,MID,COV,1,2026-08-21T19:00:00Z,0,0,0,0,0,0,0,0,0,0,0.0,0.0,0.0,0,0,0,0,0,0,0.0,0.0,0.0,55,1260
500040,2026/27,1,1,ARS,DEF,COV,1,2026-08-21T19:00:00Z,90,1,6,0,0,1,0,0,0,0,0.0,0.0,0.2,6,27,0,0,0,0,0.0,0.6,14.4,55,571606
501459,2026/27,1,1,COV,MID,ARS,0,2026-08-21T19:00:00Z,0,0,0,0,0,0,0,0,0,0,0.0,0.0,0.0,0,0,0,0,0,0,0.0,0.0,0.0,50,10294
539142,2026/27,1,1,COV,DEF,ARS,0,2026-08-21T19:00:00Z,90,1,1,0,0,0,3,0,0,0,0.0,0.01,1.88,9,1,0,0,0,0,0.0,0.8,28.8,40,75420
549653,2026/27,1,1,COV,FWD,ARS,0,2026-08-21T19:00:00Z,0,0,0,0,0,0,0,0,0,0,0.0,0.0,0.0,0,0,0,0,0,0,0.0,0.0,0.0,45,4620
551262,2026/27,1,1,COV,FWD,ARS,0,2026-08-21T19:00:00Z,0,0,0,0,0,0,0,0,0,0,0.0,0.0,0.0,0,0,0,0,0,0,0.0,0.0,0.0,50,1827
577411,2026/27,1,1,COV,DEF,ARS,0,2026-08-21T19:00:00Z,0,0,0,0,0,0,0,0,0,0,0.0,0.0,0.0,0,0,0,0,0,0,0.0,0.0,0.0,40,3736
616077,2026/27,1,1,ARS,MID,COV,1,2026-08-21T19:00:00Z,0,0,0,0,0,0,0,0,0,0,0.0,0.0,0.0,0,0,0,0,0,0,0.0,0.0,0.0,55,8920
627221,2026/27,1,1,COV,FWD,ARS,0,2026-08-21T19:00:00Z,0,0,0,0,0,0,0,0,0,0,0.0,0.0,0.0,0,0,0,0,0,0,0.0,0.0,0.0,50,7348
629397,2026/27,1,1,COV,MID,ARS,0,2026-08-21T19:00:00Z,0,0,0,0,0,0,0,0,0,0,0.0,0.0,0.0,0,0,0,0,0,0,0.0,0.0,0.0,45,62690
661888,2026/27,1,1,COV,MID,ARS,0,2026-08-21T19:00:00Z,61,1,1,0,0,0,3,0,0,0,0.0,0.0,1.56,3,2,0,0,1,0,0.0,3.1,0.0,50,23536
684268,2026/27,1,1,COV,MID,ARS,0,2026-08-21T19:00:00Z,0,0,0,0,0,0,0,0,0,0,0.0,0.0,0.0,0,0,0,0,0,0,0.0,0.0,0.0,45,28435
67089,2026/27,1,2,TOT,GKP,BRE,0,2026-08-22T16:30:00Z,0,0,0,0,0,0,0,0,0,0,0.0,0.0,0.0,0,0,0,0,0,0,0.0,0.0,0.0,40,1778139
75115,2026/27,1,2,BRE,FWD,TOT,1,2026-08-22T16:30:00Z,7,0,1,0,0,0,0,0,0,0,0.03,0.04,0.07,0,4,0,0,0,0,5.0,10.3,2.2,55,30450
115556,2026/27,1,2,TOT,DEF,BRE,0,2026-08-22T16:30:00Z,0,0,0,0,0,0,0,0,0,0,0.0,0.0,0.0,0,0,0,0,0,0,0.0,0.0,0.0,40,99420
122798,2026/27,1,2,TOT,DEF,BRE,0,2026-08-22T16:30:00Z,90,1,3,0,0,0,3,0,0,0,0.0,0.06,3.87,11,13,0,0,0,0,2.0,19.2,31.8,45,350993
135720,2026/27,1,2,SUN,DEF,BRE,0,2026-08-22T16:30:00Z,0,0,0,0,0,0,0,0,0,0,0.0,0.0,0.0,0,0,0,0,0,0,0.0,0.0,0.0,50,15516
154566,2026/27,1,2,TOT,FWD,BRE,0,2026-08-22T16:30:00Z,22,0,1,0,0,0,0,0,0,0,0.07,0.0,0.85,0,3,0,0,0,0,5.0,0.0,0.0,60,126667
172780,2026/27,1,2,TOT,MID,BRE,0,2026-08-22T16:30:00Z,22,0,1,0,0,0,0,0,0,0,0.0,0.01,0.85,2,6,0,0,0,0,8.0,8.3,4.4,65,119410
183656,2026/27,1,2,BRE,MID,TOT,1,2026-08-22T16:30:00Z,0,0,0,0,0,0,0,0,0,0,0.0,0.0,0.0,0,0,0,0,0,0,0.0,0.0,0.0,50,2396
184254,2026/27,1,2,TOT,GKP,BRE,0,2026-08-22T16:30:00Z,0,0,0,0,0,0,0,0,0,0,0.0,0.0,0.0,0,0,0,0,0,0,0.0,0.0,0.0,45,35657
191866,2026/27,1,2,BRE,DEF,TOT,1,2026-08-22T16:30:00Z,90,1,8,0,0,1,0,0,0,0,0.11,0.02,0.57,10,29,0,0,0,0,35.0,0.9,20.0,45,318142
194010,2026/27,1,2,BRE,DEF,TOT,1,2026-08-22T16:30:00Z,0,0,0,0,0,0,0,0,0,0,0.0,0.0,0.0,0,0,0,0,0,0,0.0,0.0,0.0,45,22322
200720,2026/27,1,2,BRE,GKP,TOT,1,2026-08-22T16:30:00Z,90,1,7,0,0,1,0,0,0,0,0.0,0.01,0.57,0,34,0,4,0,0,0.0,0.0,31.4,50,513912
202993,2026/27,1,2,TOT,MID,BRE,0,2026-08-22T16:30:00Z,45,0,1,0,0,0,1,0,0,0,0.0,0.01,2.18,5,8,0,0,0,0,0.0,14.7,2.0,55,17403
204580,2026/27,1,2,BRE,MID,TOT,1,2026-08-22T16:30:00Z,90,1,9,1,0,1,0,0,0,0,0.39,0.17,0.57,13,35,0,0,1,0,24.0,38.8,53.2,50,9018
207283,2026/27,1,2,BRE,MID,TOT,1,2026-08-22T16:30:00Z,66,1,6,0,1,1,0,0,0,0,0.08,0.34,0.47,5,22,0,0,0,0,13.0,46.2,12.6,55,16245
212319,2026/27,1,2,TOT,FWD,BRE,0,2026-08-22T16:30:00Z,67,1,2,0,0,0,3,0,0,0,0.0,0.0,3.02,1,6,0,0,0,0,0.0,2.2,0.0,60,283639
214572,2026/27,1,2,TOT,GKP,BRE,0,2026-08-22T16:30:00Z,0,0,0,0,0,0,0,0,0,0,0.0,0.0,0.0,0,0,0,0,0,0,0.0,0.0,0.0,40,78400
221466,2026/27,1,2,TOT,DEF,BRE,0,2026-08-22T16:30:00Z,90,1,3,0,0,0,3,0,0,0,0.0,0.02,3.87,16,10,0,0,0,0,0.0,2.2,36.6,60,724252
221632,2026/27,1,2,TOT,DEF,BRE,0,2026-08-22T16:30:00Z,0,0,0,0,0,0,0,0,0,0,0.0,0.0,0.0,0,0,0,0,0,0,0.0,0.0,0.0,50,25814
231065,2026/27,1,2,COV,DEF,TOT,1,2026-08-22T16:30:00Z,0,0,0,0,0,0,0,0,0,0,0.0,0.0,0.0,0,0,0,0,0,0,0.0,0.0,0.0,45,7000
232787,2026/27,1,2,TOT,MID,BRE,0,2026-08-22T16:30:00Z,45,1,0,0,0,0,2,0,0,0,0.02,0.06,1.7,3,1,0,0,1,0,1.0,5.5,0.0,55,26860
232859,2026/27,1,2,TOT,DEF,BRE,0,2026-08-22T16:30:00Z,0,0,0,0,0,0,0,0,0,0,0.0,0.0,0.0,0,0,0,0,0,0,0.0,0.0,0.0,45,93085
244858,2026/27,1,2,BRE,MID,TOT,1,2026-08-22T16:30:00Z,0,0,0,0,0,0,0,0,0,0,0.0,0.0,0.0,0,0,0,0,0,0,0.0,0.0,0.0,50,1459
249231,2026/27,1,2,BRE,MID,TOT,1,2026-08-22T16:30:00Z,90,1,10,1,0,1,0,0,0,0,0.77,0.12,0.57,10,37,2,0,0,0,19.0,15.9,47.2,55,38558
432422,2026/27,1,2,TOT,MID,BRE,0,2026-08-22T16:30:00Z,90,1,2,0,0,0,3,0,0,0,0.04,0.06,3.87,4,14,0,0,0,0,8.0,6.4,6.2,55,376914
432830,2026/27,1,2,BRE,DEF,TOT,1,2026-08-22T16:30:00Z,90,1,6,0,0,1,0,0,0,0,0.34,0.04,0.57,3,21,0,0,0,0,17.0,21.5,11.6,55,156847
440089,2026/27,1,2,BRE,MID,TOT,1,2026-08-22T16:30:00Z,14,0,1,0,0,0,0,0,0,0,0.0,0.11,0.1,4,6,0,0,0,0,0.0,26.3,7.6,55,52929
441164,2026/27,1,2,TOT,DEF,BRE,0,2026-08-22T16:30:00Z,0,0,0,0,0,0,0,0,0,0,0.0,0.0,0.0,0,0,0,0,0,0,0.0,0.0,0.0,55,1595087
444180,2026/27,1,2,BRE,MID,TOT,1,2026-08-22T16:30:00Z,23,0,1,0,0,0,0,0,0,0,0.03,0.35,0.1,8,9,0,0,0,0,1.0,34.9,10.6,60,14244
444765,2026/27,1,2,BRE,DEF,TOT,1,2026-08-22T16:30:00Z,0,0,0,0,0,0,0,0,0,0,0.0,0.0,0.0,0,0,0,0,0,0,0.0,0.0,0.0,50,14391
445044,2026/27,1,2,TOT,MID,BRE,0,2026-08-22T16:30:00Z,0,0,0,0,0,0,0,0,0,0,0.0,0.0,0.0,0,0,0,0,0,0,0.0,0.0,0.0,65,949
460842,2026/27,1,2,TOT,MID,BRE,0,2026-08-22T16:30:00Z,0,0,0,0,0,0,0,0,0,0,0.0,0.0,0.0,0,0,0,0,0,0,0.0,0.0,0.0,65,8272
469142,2026/27,1,2,TOT,DEF,BRE,0,2026-08-22T16:30:00Z,90,1,1,0,0,0,3,0,0,0,0.0,0.03,3.87,9,3,0,0,0,0,2.0,2.8,28.2,50,955905
472713,2026/27,1,2,BRE,DEF,TOT,1,2026-08-22T16:30:00Z,14,0,1,0,0,0,0,0,0,0,0.0,0.0,0.1,0,2,0,0,0,0,0.0,0.3,0.0,45,5416
482442,2026/27,1,2,TOT,MID,BRE,0,2026-08-22T16:30:00Z,0,0,0,0,0,0,0,0,0,0,0.0,0.0,0.0,0,0,0,0,0,0,0.0,0.0,0.0,50,25576
485055,2026/27,1,2,TOT,GKP,BRE,0,2026-08-22T16:30:00Z,90,1,2,0,0,0,3,0,0,0,0.0,0.0,3.87,0,15,0,5,0,0,0.0,0.0,43.6,45,2208330
487053,2026/27,1,2,TOT,DEF,BRE,0,2026-08-22T16:30:00Z,4,0,1,0,0,0,0,0,0,0,0.0,0.02,0.44,0,3,0,0,0,0,0.0,0.7,0.0,45,43741
490145,2026/27,1,2,TOT,FWD,BRE,0,2026-08-22T16:30:00Z,0,0,0,0,0,0,0,0,0,0,0.0,0.0,0.0,0,0,0,0,0,0,0.0,0.0,0.0,45,149807
491279,2026/27,1,2,TOT,DEF,BRE,0,2026-08-22T16:30:00Z,0,0,0,0,0,0,0,0,0,0,0.0,0.0,0.0,0,0,0,0,0,0,0.0,0.0,0.0,50,522301
493362,2026/27,1,2,TOT,MID,BRE,0,2026-08-22T16:30:00Z,0,0,0,0,0,0,0,0,0,0,0.0,0.0,0.0,0,0,0,0,0,0,0.0,0.0,0.0,60,1345
499716,2026/27,1,2,TOT,DEF,BRE,0,2026-08-22T16:30:00Z,0,0,0,0,0,0,0,0,0,0,0.0,0.0,0.0,0,0,0,0,0,0,0.0,0.0,0.0,40,7021
499721,2026/27,1,2,TOT,MID,BRE,0,2026-08-22T16:30:00Z,67,1,2,0,0,0,3,0,0,0,0.38,0.02,3.02,2,10,0,0,0,0,55.0,5.9,14.2,50,17505
499726,2026/27,1,2,TOT,MID,BRE,0,2026-08-22T16:30:00Z,0,0,0,0,0,0,0,0,0,0,0.0,0.0,0.0,0,0,0,0,0,0,0.0,0.0,0.0,45,79913
502500,2026/27,1,2,BRE,FWD,TOT,1,2026-08-22T16:30:00Z,82,1,0,0,0,1,0,0,0,1,1.0,0.08,0.5,5,-3,0,0,0,0,8.0,4.0,2.2,80,1509299
507433,2026/27,1,2,BRE,GKP,TOT,1,2026-08-22T16:30:00Z,0,0,0,0,0,0,0,0,0,0,0.0,0.0,0.0,0,0,0,0,0,0,0.0,0.0,0.0,45,9667
508395,2026/27,1,2,BRE,MID,TOT,1,2026-08-22T16:30:00Z,23,0,1,0,0,0,0,0,0,0,0.04,0.0,0.1,6,7,0,0,0,0,3.0,0.8,2.2,50,123741
511499,2026/27,1,2,TOT,MID,BRE,0,2026-08-22T16:30:00Z,90,1,2,0,0,0,3,0,0,0,0.06,0.06,3.87,8,17,0,0,0,0,9.0,26.0,10.4,60,50995
513086,2026/27,1,2,BRE,DEF,TOT,1,2026-08-22T16:30:00Z,0,0,0,0,0,0,0,0,0,0,0.0,0.0,0.0,0,0,0,0,0,0,0.0,0.0,0.0,45,15125
513418,2026/27,1,2,BRE,MID,TOT,1,2026-08-22T16:30:00Z,90,1,3,0,0,1,0,0,0,0,0.52,0.01,0.57,9,17,0,0,0,0,59.0,11.8,14.4,60,330810
513545,2026/27,1,2,BRE,MID,TOT,1,2026-08-22T16:30:00Z,75,1,14,0,2,1,0,0,0,0,0.05,0.33,0.47,13,41,3,0,0,0,21.0,21.8,31.6,55,294770
533463,2026/27,1,2,BRE,MID,TOT,1,2026-08-22T16:30:00Z,66,1,3,0,0,1,0,0,0,0,0.05,0.29,0.47,6,6,0,0,0,0,15.0,30.8,1.0,65,105835
543295,2026/27,1,2,BRE,MID,TOT,1,2026-08-22T16:30:00Z,0,0,0,0,0,0,0,0,0,0,0.0,0.0,0.0,0,0,0,0,0,0,0.0,0.0,0.0,50,187
547701,2026/27,1,2,TOT,MID,BRE,0,2026-08-22T16:30:00Z,85,1,2,0,0,0,3,0,0,0,0.0,0.01,3.43,5,15,0,0,0,0,0.0,3.3,6.2,50,19767
548308,2026/27,1,2,TOT,DEF,BRE,0,2026-08-22T16:30:00Z,0,0,0,0,0,0,0,0,0,0,0.0,0.0,0.0,0,0,0,0,0,0,0.0,0.0,0.0,45,2583
550839,2026/27,1,2,TOT,MID,BRE,0,2026-08-22T16:30:00Z,0,0,0,0,0,0,0,0,0,0,0.0,0.0,0.0,0,0,0,0,0,0,0.0,0.0,0.0,55,100
551226,2026/27,1,2,TOT,MID,BRE,0,2026-08-22T16:30:00Z,45,0,1,0,0,0,1,0,0,0,0.0,0.06,2.18,2,16,0,0,0,0,2.0,27.2,7.2,60,178624
570241,2026/27,1,2,BRE,DEF,TOT,1,2026-08-22T16:30:00Z,0,0,0,0,0,0,0,0,0,0,0.0,0.0,0.0,0,0,0,0,0,0,0.0,0.0,0.0,45,1635
570526,2026/27,1,2,TOT,MID,BRE,0,2026-08-22T16:30:00Z,45,1,1,0,0,0,2,0,0,0,0.0,0.01,1.7,8,2,0,0,0,0,2.0,2.0,0.0,55,18443
593174,2026/27,1,2,BRE,FWD,TOT,1,2026-08-22T16:30:00Z,0,0,0,0,0,0,0,0,0,0,0.0,0.0,0.0,0,0,0,0,0,0,0.0,0.0,0.0,45,78000
607464,2026/27,1,2,BRE,DEF,TOT,1,2026-08-22T16:30:00Z,75,1,13,1,0,1,0,0,0,0,0.5,0.0,0.47,4,36,1,0,0,0,46.0,1.5,33.8,45,282611
611917,2026/27,1,2,TOT,MID,BRE,0,2026-08-22T16:30:00Z,0,0,0,0,0,0,0,0,0,0,0.0,0.0,0.0,0,0,0,0,0,0,0.0,0.0,0.0,45,0
616221,2026/27,1,2,TOT,DEF,BRE,0,2026-08-22T16:30:00Z,0,0,0,0,0,0,0,0,0,0,0.0,0.0,0.0,0,0,0,0,0,0,0.0,0.0,0.0,40,27254
640419,2026/27,1,2,TOT,DEF,BRE,0,2026-08-22T16:30:00Z,0,0,0,0,0,0,0,0,0,0,0.0,0.0,0.0,0,0,0,0,0,0,0.0,0.0,0.0,40,4794
17761,2026/27,1,3,EVE,DEF,CRY,1,2026-08-22T14:00:00Z,90,1,6,0,0,1,0,0,0,0,0.05,0.0,1.96,9,25,0,0,0,0,4.0,0.8,15.2,60,765229
106611,2026/27,1,3,EVE,DEF,CRY,1,2026-08-22T14:00:00Z,0,0,0,0,0,0,0,0,0,0,0.0,0.0,0.0,0,0,0,0,0,0,0.0,0.0,0.0,50,151116
108413,2026/27,1,3,CRY,MID,EVE,0,2026-08-22T14:00:00Z,0,0,0,0,0,0,0,0,0,0,0.0,0.0,0.0,0,0,0,0,0,0,0.0,0.0,0.0,45,1093674
111234,2026/27,1,3,EVE,GKP,CRY,1,2026-08-22T14:00:00Z,90,1,7,0,0,1,0,0,0,0,0.0,0.02,1.96,0,34,0,4,0,0,0.0,0.0,31.8,55,698199
121709,2026/27,1,3,CRY,GKP,EVE,0,2026-08-22T14:00:00Z,0,0,0,0,0,0,0,0,0,0,0.0,0.0,0.0,0,0,0,0,0,0,0.0,0.0,0.0,45,10987
128295,2026/27,1,3,EVE,MID,CRY,1,2026-08-22T14:00:00Z,0,0,0,0,0,0,0,0,0,0,0.0,0.0,0.0,0,0,0,0,0,0,0.0,0.0,0.0,50,10920
138001,2026/27,1,3,EVE,GKP,CRY,1,2026-08-22T14:00:00Z,0,0,0,0,0,0,0,0,0,0,0.0,0.0,0.0,0,0,0,0,0,0,0.0,0.0,0.0,45,3498
152551,2026/27,1,3,CRY,MID,EVE,0,2026-08-22T14:00:00Z,0,0,0,0,0,0,0,0,0,0,0.0,0.0,0.0,0,0,0,0,0,0,0.0,0.0,0.0,50,10665
169593,2026/27,1,3,CRY,GKP,EVE,0,2026-08-22T14:00:00Z,0,0,0,0,0,0,0,0,0,0,0.0,0.0,0.0,0,0,0,0,0,0,0.0,0.0,0.0,40,156141
172649,2026/27,1,3,CRY,GKP,EVE,0,2026-08-22T14:00:00Z,90,1,2,0,0,0,2,0,0,0,0.0,0.0,1.12,0,14,0,3,0,0,0.0,0.0,28.2,50,171144
205533,2026/27,1,3,CRY,FWD,EVE,0,2026-08-22T14:00:00Z,55,1,1,0,0,0,2,0,0,0,0.6,0.58,0.84,3,12,0,0,0,0,23.0,24.5,10.4,55,43148
209400,2026/27,1,3,CRY,MID,EVE,0,2026-08-22T14:00:00Z,90,1,3,0,0,0,2,0,0,0,0.0,0.27,1.12,14,25,0,0,1,0,0.0,29.3,20.4,50,24728
215413,2026/27,1,3,EVE,MID,CRY,1,2026-08-22T14:00:00Z,90,1,11,1,0,1,0,0,0,0,0.12,0.17,1.92,8,40,3,0,0,0,27.0,28.3,42.8,65,288693
218364,2026/27,1,3,CRY,DEF,EVE,0,2026-08-22T14:00:00Z,0,0,0,0,0,0,0,0,0,0,0.0,0.0,0.0,0,0,0,0,0,0,0.0,0.0,0.0,45,2785
223723,2026/27,1,3,CRY,DEF,EVE,0,2026-08-22T14:00:00Z,18,0,1,0,0,0,0,0,0,0,0.0,0.01,0.14,1,3,0,0,0,0,0.0,2.4,2.4,45,31543
224967,2026/27,1,3,EVE,DEF,CRY,1,2026-08-22T14:00:00Z,90,1,6,0,0,1,0,0,0,0,0.0,0.05,1.96,4,27,0,0,0,0,2.0,13.8,12.8,45,134687
229600,2026/27,1,3,EVE,GKP,CRY,1,2026-08-22T14:00:00Z,0,0,0,0,0,0,0,0,0,0,0.0,0.0,0.0,0,0,0,0,0,0,0.0,0.0,0.0,50,3019
231747,2026/27,1,3,CRY,FWD,EVE,0,2026-08-22T14:00:00Z,62,1,2,0,0,0,2,0,0,0,0.7,0.02,0.98,5,-3,0,0,0,0,11.0,12.3,1.4,65,504100
232185,2026/27,1,3,CRY,MID,EVE,0,2026-08-22T14:00:00Z,0,0,0,0,0,0,0,0,0,0,0.0,0.0,0.0,0,0,0,0,0,0,0.0,0.0,0.0,65,424225
232928,2026/27,1,3,EVE,MID,CRY,1,2026-08-22T14:00:00Z,11,0,1,0,0,0,0,0,0,0,0.0,0.03,0.34,1,6,0,0,0,0,2.0,11.8,4.8,60,11659
242313,2026/27,1,3,CRY,DEF,EVE,0,2026-08-22T14:00:00Z,0,0,0,0,0,0,0,0,0,0,0.0,0.0,0.0,0,0,0,0,0,0,0.0,0.0,0.0,45,7928
242898,2026/27,1,3,EVE,MID,CRY,1,2026-08-22T14:00:00Z,6,0,1,0,0,0,0,0,0,0,0.0,0.0,0.29,2,3,0,0,0,0,0.0,0.3,4.0,60,15299
243571,2026/27,1,3,EVE,DEF,CRY,1,2026-08-22T14:00:00Z,0,0,0,0,0,0,0,0,0,0,0.0,0.0,0.0,0,0,0,0,0,0,0.0,0.0,0.0,45,2948
244723,2026/27,1,3,CRY,DEF,EVE,0,2026-08-22T14:00:00Z,90,1,1,0,0,0,2,0,0,0,0.0,0.01,1.12,5,9,0,0,0,0,2.0,13.8,11.6,45,580791
244860,2026/27,1,3,EVE,MID,CRY,1,2026-08-22T14:00:00Z,78,1,3,0,0,1,0,0,0,0,0.01,0.01,1.62,7,16,0,0,0,0,5.0,12.2,8.6,55,24410
247348,2026/27,1,3,NFO,DEF,EVE,0,2026-08-22T14:00:00Z,54,1,0,0,0,0,2,0,0,0,0.23,0.01,0.84,4,-4,0,0,0,0,21.0,1.8,1.2,55,873015
247412,2026/27,1,3,CRY,FWD,EVE,0,2026-08-22T14:00:00Z,27,0,1,0,0,0,0,0,0,0,0.25,0.01,0.14,0,3,0,0,0,0,17.0,3.5,1.0,60,50940
427623,2026/27,1,3,CRY,DEF,EVE,0,2026-08-22T14:00:00Z,90,1,3,0,0,0,2,0,0,0,0.0,0.0,1.12,16,13,0,0,0,0,0.0,0.7,42.6,50,66477
433154,2026/27,1,3,CRY,MID,EVE,0,2026-08-22T14:00:00Z,62,1,2,0,0,0,2,0,0,0,0.05,0.02,0.98,5,11,0,0,0,0,2.0,4.7,9.6,55,15735
438464,2026/27,1,3,CRY,MID,EVE,0,2026-08-22T14:00:00Z,0,0,0,0,0,0,0,0,0,0,0.0,0.0,0.0,0,0,0,0,0,0,0.0,0.0,0.0,50,6199
440993,2026/27,1,3,MCI,MID,CRY,1,2026-08-22T14:00:00Z,90,1,9,0,1,1,0,0,0,0,0.24,0.32,1.96,12,36,1,0,0,0,48.0,39.8,40.8,60,1434152
450542,2026/27,1,3,CRY,MID,EVE,0,2026-08-22T14:00:00Z,0,0,0,0,0,0,0,0,0,0,0.0,0.0,0.0,0,0,0,0,0,0,0.0,0.0,0.0,50,550
480455,2026/27,1,3,EVE,DEF,CRY,1,2026-08-22T14:00:00Z,90,1,6,0,0,1,0,0,0,0,0.0,0.01,1.96,8,27,0,0,0,0,6.0,0.8,18.6,55,141420
485337,2026/27,1,3,CRY,MID,EVE,0,2026-08-22T14:00:00Z,27,0,1,0,0,0,0,0,0,0,0.03,0.02,0.14,1,3,0,0,0,0,7.0,1.8,3.2,55,3238
486385,2026/27,1,3,EVE,FWD,CRY,1,2026-08-22T14:00:00Z,11,0,1,0,0,0,0,0,0,0,0.05,0.0,0.34,0,3,0,0,0,0,2.0,0.0,0.0,55,249740
488024,2026/27,1,3,CRY,MID,EVE,0,2026-08-22T14:00:00Z,35,0,1,0,0,0,0,0,0,0,0.06,0.02,0.27,5,4,0,0,0,0,6.0,6.3,2.0,55,18106
489706,2026/27,1,3,CRY,MID,EVE,0,2026-08-22T14:00:00Z,0,0,0,0,0,0,0,0,0,0,0.0,0.0,0.0,0,0,0,0,0,0,0.0,0.0,0.0,50,1134
490094,2026/27,1,3,HUL,MID,CRY,1,2026-08-22T14:00:00Z,0,0,0,0,0,0,0,0,0,0,0.0,0.0,0.0,0,0,0,0,0,0,0.0,0.0,0.0,50,1417
496221,2026/27,1,3,CRY,MID,EVE,0,2026-08-22T14:00:00Z,90,1,4,0,0,0,2,0,0,0,0.0,0.24,1.12,14,20,0,0,0,0,0.0,30.9,16.8,55,75177
496661,2026/27,1,3,EVE,MID,CRY,1,2026-08-22T14:00:00Z,0,0,0,0,0,0,0,0,0,0,0.0,0.0,0.0,0,0,0,0,0,0,0.0,0.0,0.0,55,3592
499300,2026/27,1,3,EVE,DEF,CRY,1,2026-08-22T14:00:00Z,0,0,0,0,0,0,0,0,0,0,0.0,0.0,0.0,0,0,0,0,0,0,0.0,0.0,0.0,40,16732
502697,2026/27,1,3,EVE,MID,CRY,1,2026-08-22T14:00:00Z,1,0,1,0,0,0,0,0,0,0,0.02,0.0,0.04,3,7,0,0,0,0,17.0,0.3,5.0,50,8329
512462,2026/27,1,3,EVE,DEF,CRY,1,2026-08-22T14:00:00Z,0,0,0,0,0,0,0,0,0,0,0.0,0.0,0.0,0,0,0,0,0,0,0.0,0.0,0.0,50,44689
513466,2026/27,1,3,EVE,MID,CRY,1,2026-08-22T14:00:00Z,90,1,3,0,0,1,0,0,0,0,0.0,0.06,1.96,9,12,0,0,0,0,2.0,13.0,13.8,50,5179
515621,2026/27,1,3,CRY,DEF,EVE,0,2026-08-22T14:00:00Z,72,1,1,0,0,0,2,0,0,0,0.0,0.01,0.98,7,7,0,0,0,0,0.0,1.3,12.6,45,6521
536694,2026/27,1,3,CRY,MID,EVE,0,2026-08-22T14:00:00Z,0,0,0,0,0,0,0,0,0,0,0.0,0.0,0.0,0,0,0,0,0,0,0.0,0.0,0.0,50,3157
550615,2026/27,1,3,EVE,MID,CRY,1,2026-08-22T14:00:00Z,83,1,3,0,0,1,0,0,0,0,0.18,0.08,1.67,7,13,0,0,0,0,25.0,23.4,7.0,55,24527
559152,2026/27,1,3,CRY,MID,EVE,0,2026-08-22T14:00:00Z,0,0,0,0,0,0,0,0,0,0,0.0,0.0,0.0,0,0,0,0,0,0,0.0,0.0,0.0,50,1214
570794,2026/27,1,3,CRY,DEF,EVE,0,2026-08-22T14:00:00Z,35,0,1,0,0,0,0,0,0,0,0.0,0.16,0.27,9,12,0,0,0,0,4.0,26.5,24.0,50,8418
586309,2026/27,1,3,EVE,FWD,CRY,1,2026-08-22T14:00:00Z,78,1,8,1,0,1,0,0,0,0,0.45,0.09,1.62,3,37,2,0,0,0,41.0,19.0,38.0,55,117327
590014,2026/27,1,3,CRY,DEF,EVE,0,2026-08-22T14:00:00Z,0,0,0,0,0,0,0,0,0,0,0.0,0.0,0.0,0,0,0,0,0,0,0.0,0.0,0.0,45,255
606921,2026/27,1,3,CRY,MID,EVE,0,2026-08-22T14:00:00Z,0,0,0,0,0,0,0,0,0,0,0.0,0.0,0.0,0,0,0,0,0,0,0.0,0.0,0.0,50,3728
609873,2026/27,1,3,EVE,MID,CRY,1,2026-08-22T14:00:00Z,90,1,8,0,1,1,0,0,0,0,0.0,0.04,1.96,16,25,0,0,0,0,4.0,14.7,28.8,50,6793
651426,2026/27,1,3,CRY,DEF,EVE,0,2026-08-22T14:00:00Z,90,1,1,0,0,0,2,0,0,0,0.05,0.01,1.12,8,9,0,0,0,0,5.0,5.7,27.4,50,30748
660392,2026/27,1,3,CRY,FWD,EVE,0,2026-08-22T14:00:00Z,0,0,0,0,0,0,0,0,0,0,0.0,0.0,0.0,0,0,0,0,0,0,0.0,0.0,0.0,50,0
672492,2026/27,1,3,CRY,MID,EVE,0,2026-08-22T14:00:00Z,0,0,0,0,0,0,0,0,0,0,0.0,0.0,0.0,0,0,0,0,0,0,0.0,0.0,0.0,45,8076
21205,2026/27,1,4,MUN,GKP,HUL,0,2026-08-22T11:30:00Z,0,0,0,0,0,0,0,0,0,0,0.0,0.0,0.0,0,0,0,0,0,0,0.0,0.0,0.0,40,9078
59735,2026/27,1,4,MUN,GKP,HUL,0,2026-08-22T11:30:00Z,0,0,0,0,0,0,0,0,0,0,0.0,0.0,0.0,0,0,0,0,0,0,0.0,0.0,0.0,45,3043
95658,2026/27,1,4,MUN,DEF,HUL,0,2026-08-22T11:30:00Z,90,1,1,0,0,0,2,0,0,0,0.04,0.4,1.01,4,15,0,0,0,0,19.0,28.6,25.4,50,1650905
101282,2026/27,1,4,HUL,MID,MUN,1,2026-08-22T11:30:00Z,90,1,2,0,0,1,0,0,0,0,0.0,0.0,1.83,9,9,0,0,1,0,0.0,2.4,19.0,45,57929
105666,2026/27,1,4,HUL,GKP,MUN,1,2026-08-22T11:30:00Z,0,0,0,0,0,0,0,0,0,0,0.0,0.0,0.0,0,0,0,0,0,0,0.0,0.0,0.0,45,11096
106760,2026/27,1,4,MUN,DEF,HUL,0,2026-08-22T11:30:00Z,90,1,1,0,0,0,2,0,0,0,0.0,0.26,1.01,4,13,0,0,0,0,6.0,59.2,25.2,45,1947696
108416,2026/27,1,4,HUL,DEF,MUN,1,2026-08-22T11:30:00Z,90,1,8,0,0,1,0,0,0,0,0.0,0.0,1.83,21,27,0,0,0,0,2.0,0.1,43.4,40,134746
141746,2026/27,1,4,MUN,MID,HUL,0,2026-08-22T11:30:00Z,90,1,2,0,0,0,2,0,0,0,0.08,0.26,1.01,6,18,0,0,0,0,17.0,55.4,20.2,120,4653303
146426,2026/27,1,4,HUL,DEF,MUN,1,2026-08-22T11:30:00Z,63,1,14,1,0,1,0,0,0,0,0.52,0.0,0.86,7,39,2,0,0,0,35.0,0.2,44.2,40,83256
160817,2026/27,1,4,HUL,DEF,MUN,1,2026-08-22T11:30:00Z,26,0,1,0,0,0,0,0,0,0,0.0,0.0,0.96,2,3,0,0,0,0,0.0,0.0,4.2,40,8697
166989,2026/27,1,4,MUN,MID,HUL,0,2026-08-22T11:30:00Z,66,1,2,0,0,0,2,0,0,0,0.04,0.11,0.94,5,13,0,0,0,0,4.0,11.3,5.0,60,224637
167825,2026/27,1,4,HUL,GKP,MUN,1,2026-08-22T11:30:00Z,0,0,0,0,0,0,0,0,0,0,0.0,0.0,0.0,0,0,0,0,0,0,0.0,0.0,0.0,40,138196
169359,2026/27,1,4,HUL,DEF,MUN,1,2026-08-22T11:30:00Z,5,0,1,0,0,0,0,0,0,0,0.0,0.0,0.07,0,3,0,0,0,0,0.0,0.0,0.4,40,218902
169432,2026/27,1,4,HUL,FWD,MUN,1,2026-08-22T11:30:00Z,90,1,5,0,1,1,0,0,0,0,0.16,0.01,1.83,5,21,0,0,0,0,52.0,21.1,17.2,55,113765
171270,2026/27,1,4,HUL,MID,MUN,1,2026-08-22T11:30:00Z,0,0,0,0,0,0,0,0,0,0,0.0,0.0,0.0,0,0,0,0,0,0,0.0,0.0,0.0,45,35457
176297,2026/27,1,4,MUN,MID,HUL,0,2026-08-22T11:30:00Z,45,0,1,0,0,0,0,0,0,0,0.0,0.1,0.09,1,9,0,0,0,0,4.0,48.6,11.6,70,134653
184341,2026/27,1,4,MUN,MID,HUL,0,2026-08-22T11:30:00Z,0,0,0,0,0,0,0,0,0,0,0.0,0.0,0.0,0,0,0,0,0,0,0.0,0.0,0.0,55,3202
193278,2026/27,1,4,HUL,DEF,MUN,1,2026-08-22T11:30:00Z,69,1,6,0,0,1,0,0,0,0,0.0,0.01,1.16,2,23,0,0,0,0,0.0,11.3,5.8,40,59278
208481,2026/27,1,4,HUL,MID,MUN,1,2026-08-22T11:30:00Z,0,0,0,0,0,0,0,0,0,0,0.0,0.0,0.0,0,0,0,0,0,0,0.0,0.0,0.0,50,1546
209365,2026/27,1,4,MUN,DEF,HUL,0,2026-08-22T11:30:00Z,0,0,0,0,0,0,0,0,0,0,0.0,0.0,0.0,0,0,0,0,0,0,0.0,0.0,0.0,50,2274
213292,2026/27,1,4,HUL,MID,MUN,1,2026-08-22T11:30:00Z,0,0,0,0,0,0,0,0,0,0,0.0,0.0,0.0,0,0,0,0,0,0,0.0,0.0,0.0,50,3400
216051,2026/27,1,4,MUN,DEF,HUL,0,2026-08-22T11:30:00Z,10,0,1,0,0,0,0,0,0,0,0.0,0.0,0.0,3,6,0,0,0,0,0.0,11.3,7.6,50,246316
221820,2026/27,1,4,MUN,DEF,HUL,0,2026-08-22T11:30:00Z,0,0,0,0,0,0,0,0,0,0,0.0,0.0,0.0,0,0,0,0,0,0,0.0,0.0,0.0,50,115360
230001,2026/27,1,4,MUN,DEF,HUL,0,2026-08-22T11:30:00Z,79,1,1,0,0,0,2,0,0,0,0.22,0.05,1.01,5,8,0,0,0,0,9.0,29.4,17.4,45,56217
232112,2026/27,1,4,MUN,MID,HUL,0,2026-08-22T11:30:00Z,0,0,0,0,0,0,0,0,0,0,0.0,0.0,0.0,0,0,0,0,0,0,0.0,0.0,0.0,50,333
232351,2026/27,1,4,HUL,DEF,MUN,1,2026-08-22T11:30:00Z,84,1,6,0,0,1,0,0,0,0,0.02,0.07,1.76,6,24,0,0,0,0,4.0,18.8,13.8,40,67208
232905,2026/27,1,4,HUL,MID,MUN,1,2026-08-22T11:30:00Z,19,0,0,0,0,0,0,0,0,0,0.0,0.0,0.67,3,2,0,0,1,0,2.0,0.3,2.0,50,6086
243413,2026/27,1,4,HUL,MID,MUN,1,2026-08-22T11:30:00Z,90,1,6,0,1,1,0,0,0,0,0.0,0.44,1.83,3,20,0,0,0,0,0.0,19.3,18.4,45,272889
430871,2026/27,1,4,MUN,MID,HUL,0,2026-08-22T11:30:00Z,79,1,2,0,0,0,2,0,0,0,0.24,0.21,1.01,3,14,0,0,0,0,35.0,28.2,5.4,80,901042
433590,2026/27,1,4,HUL,DEF,MUN,1,2026-08-22T11:30:00Z,20,0,1,0,0,0,0,0,0,0,0.05,0.0,0.67,3,4,0,0,0,0,1.0,0.0,2.2,40,1668
444307,2026/27,1,4,HUL,GKP,MUN,1,2026-08-22T11:30:00Z,0,0,0,0,0,0,0,0,0,0,0.0,0.0,0.0,0,0,0,0,0,0,0.0,0.0,0.0,40,3519
445028,2026/27,1,4,HUL,MID,MUN,1,2026-08-22T11:30:00Z,0,0,0,0,0,0,0,0,0,0,0.0,0.0,0.0,0,0,0,0,0,0,0.0,0.0,0.0,50,2175
446008,2026/27,1,4,MUN,MID,HUL,0,2026-08-22T11:30:00Z,90,1,2,0,0,0,2,0,0,0,0.5,0.23,1.01,4,12,0,0,0,0,49.0,28.1,9.6,80,3492739
449428,2026/27,1,4,HUL,DEF,MUN,1,2026-08-22T11:30:00Z,0,0,0,0,0,0,0,0,0,0,0.0,0.0,0.0,0,0,0,0,0,0,0.0,0.0,0.0,40,1251
451302,2026/27,1,4,MUN,GKP,HUL,0,2026-08-22T11:30:00Z,0,0,0,0,0,0,0,0,0,0,0.0,0.0,0.0,0,0,0,0,0,0,0.0,0.0,0.0,45,2353
458249,2026/27,1,4,MUN,FWD,HUL,0,2026-08-22T11:30:00Z,0,0,0,0,0,0,0,0,0,0,0.0,0.0,0.0,0,0,0,0,0,0,0.0,0.0,0.0,55,56060
462635,2026/27,1,4,HUL,MID,MUN,1,2026-08-22T11:30:00Z,0,0,0,0,0,0,0,0,0,0,0.0,0.0,0.0,0,0,0,0,0,0,0.0,0.0,0.0,50,1365
465247,2026/27,1,4,MUN,GKP,HUL,0,2026-08-22T11:30:00Z,90,1,1,0,0,0,2,0,0,0,0.0,0.0,1.01,0,7,0,2,0,0,0.0,0.0,20.2,50,1497029
465525,2026/27,1,4,HUL,MID,MUN,1,2026-08-22T11:30:00Z,0,0,0,0,0,0,0,0,0,0,0.0,0.0,0.0,0,0,0,0,0,0,0.0,0.0,0.0,45,600
469266,2026/27,1,4,HUL,MID,MUN,1,2026-08-22T11:30:00Z,0,0,0,0,0,0,0,0,0,0,0.0,0.0,0.0,0,0,0,0,0,0,0.0,0.0,0.0,50,2352
470294,2026/27,1,4,HUL,MID,MUN,1,2026-08-22T11:30:00Z,0,0,0,0,0,0,0,0,0,0,0.0,0.0,0.0,0,0,0,0,0,0,0.0,0.0,0.0,45,2774
473284,2026/27,1,4,HUL,GKP,MUN,1,2026-08-22T11:30:00Z,90,1,10,0,0,1,0,0,0,0,0.0,0.0,1.83,0,41,3,5,0,0,0.0,0.0,34.6,45,48305
485711,2026/27,1,4,MUN,FWD,HUL,0,2026-08-22T11:30:00Z,23,0,1,0,0,0,0,0,0,0,0.04,0.0,0.07,0,2,0,0,0,0,9.0,0.5,0.0,70,114788
490161,2026/27,1,4,HUL,MID,MUN,1,2026-08-22T11:30:00Z,0,0,0,0,0,0,0,0,0,0,0.0,0.0,0.0,0,0,0,0,0,0,0.0,0.0,0.0,50,555
490881,2026/27,1,4,MUN,MID,HUL,0,2026-08-22T11:30:00Z,0,0,0,0,0,0,0,0,0,0,0.0,0.0,0.0,0,0,0,0,0,0,0.0,0.0,0.0,50,1568
493250,2026/27,1,4,MUN,MID,HUL,0,2026-08-22T11:30:00Z,0,0,0,0,0,0,0,0,0,0,0.0,0.0,0.0,0,0,0,0,0,0,0.0,0.0,0.0,60,145627
494950,2026/27,1,4,HUL,GKP,MUN,1,2026-08-22T11:30:00Z,0,0,0,0,0,0,0,0,0,0,0.0,0.0,0.0,0,0,0,0,0,0,0.0,0.0,0.0,40,1022
500957,2026/27,1,4,HUL,FWD,MUN,1,2026-08-22T11:30:00Z,0,0,0,0,0,0,0,0,0,0,0.0,0.0,0.0,0,0,0,0,0,0,0.0,0.0,0.0,45,40958
501902,2026/27,1,4,HUL,DEF,MUN,1,2026-08-22T11:30:00Z,0,0,0,0,0,0,0,0,0,0,0.0,0.0,0.0,0,0,0,0,0,0,0.0,0.0,0.0,40,12660
516895,2026/27,1,4,MUN,MID,HUL,0,2026-08-22T11:30:00Z,23,0,1,0,0,0,0,0,0,0,0.07,0.01,0.07,1,7,0,0,0,0,2.0,2.5,2.8,55,89014
519913,2026/27,1,4,MUN,MID,HUL,0,2026-08-22T11:30:00Z,0,0,0,0,0,0,0,0,0,0,0.0,0.0,0.0,0,0,0,0,0,0,0.0,0.0,0.0,45,31336
532605,2026/27,1,4,MUN,MID,HUL,0,2026-08-22T11:30:00Z,66,1,2,0,0,0,2,0,0,0,0.0,0.23,0.94,9,17,0,0,0,0,2.0,4.2,11.4,50,93940
534392,2026/27,1,4,HUL,FWD,MUN,1,2026-08-22T11:30:00Z,0,0,0,0,0,0,0,0,0,0,0.0,0.0,0.0,0,0,0,0,0,0,0.0,0.0,0.0,45,6401
540324,2026/27,1,4,HUL,MID,MUN,1,2026-08-22T11:30:00Z,90,1,3,0,0,1,0,0,0,0,0.05,0.03,1.83,10,8,0,0,0,0,7.0,2.2,10.6,50,40446
547037,2026/27,1,4,MUN,MID,HUL,0,2026-08-22T11:30:00Z,0,0,0,0,0,0,0,0,0,0,0.0,0.0,0.0,0,0,0,0,0,0,0.0,0.0,0.0,50,1008
547676,2026/27,1,4,MUN,DEF,HUL,0,2026-08-22T11:30:00Z,0,0,0,0,0,0,0,0,0,0,0.0,0.0,0.0,0,0,0,0,0,0,0.0,0.0,0.0,40,2582
550864,2026/27,1,4,MUN,DEF,HUL,0,2026-08-22T11:30:00Z,0,0,0,0,0,0,0,0,0,0,0.0,0.0,0.0,0,0,0,0,0,0,0.0,0.0,0.0,50,62047
552946,2026/27,1,4,HUL,MID,MUN,1,2026-08-22T11:30:00Z,0,0,0,0,0,0,0,0,0,0,0.0,0.0,0.0,0,0,0,0,0,0,0.0,0.0,0.0,50,7500
553783,2026/27,1,4,HUL,MID,MUN,1,2026-08-22T11:30:00Z,0,0,0,0,0,0,0,0,0,0,0.0,0.0,0.0,0,0,0,0,0,0,0.0,0.0,0.0,45,10995
576620,2026/27,1,4,MUN,MID,HUL,0,2026-08-22T11:30:00Z,0,0,0,0,0,0,0,0,0,0,0.0,0.0,0.0,0,0,0,0,0,0,0.0,0.0,0.0,45,16079
576628,2026/27,1,4,MUN,MID,HUL,0,2026-08-22T11:30:00Z,10,0,1,0,0,0,0,0,0,0,0.0,0.0,0.0,1,3,0,0,0,0,0.0,0.6,0.2,50,4147
577974,2026/27,1,4,MUN,DEF,HUL,0,2026-08-22T11:30:00Z,0,0,0,0,0,0,0,0,0,0,0.0,0.0,0.0,0,0,0,0,0,0,0.0,0.0,0.0,40,18310
596047,2026/27,1,4,MUN,FWD,HUL,0,2026-08-22T11:30:00Z,0,0,0,0,0,0,0,0,0,0,0.0,0.0,0.0,0,0,0,0,0,0,0.0,0.0,0.0,45,100521
596777,2026/27,1,4,MUN,MID,HUL,0,2026-08-22T11:30:00Z,45,1,0,0,0,0,2,0,0,0,0.47,0.03,0.92,1,-11,0,0,1,0,16.0,1.2,0.0,60,121744
597462,2026/27,1,4,HUL,DEF,MUN,1,2026-08-22T11:30:00Z,26,0,1,0,0,0,0,0,0,0,0.0,0.0,0.96,4,4,0,0,0,0,0.0,0.0,8.0,40,53978
606745,2026/27,1,4,MUN,DEF,HUL,0,2026-08-22T11:30:00Z,90,1,1,0,0,0,2,0,0,0,0.12,0.04,1.01,2,5,0,0,0,0,11.0,2.6,6.8,45,33647
606930,2026/27,1,4,HUL,DEF,MUN,1,2026-08-22T11:30:00Z,63,1,15,1,0,1,0,0,0,0,0.28,0.0,0.86,13,35,1,0,0,0,33.0,0.6,51.8,40,92688
608227,2026/27,1,4,HUL,MID,MUN,1,2026-08-22T11:30:00Z,70,1,3,0,0,1,0,0,0,0,0.0,0.03,1.16,6,11,0,0,0,0,0.0,4.8,8.4,50,6733
661800,2026/27,1,4,HUL,DEF,MUN,1,2026-08-22T11:30:00Z,0,0,0,0,0,0,0,0,0,0,0.0,0.0,0.0,0,0,0,0,0,0,0.0,0.0,0.0,40,7616
50093,2026/27,1,5,IPS,GKP,SUN,1,2026-08-22T14:00:00Z,0,0,0,0,0,0,0,0,0,0,0.0,0.0,0.0,0,0,0,0,0,0,0.0,0.0,0.0,40,40566
84450,2026/27,1,5,SUN,MID,IPS,0,2026-08-22T14:00:00Z,90,1,9,0,1,0,2,0,0,0,0.0,0.09,1.8,13,31,2,0,0,0,0.0,31.4,18.8,55,392611
93605,2026/27,1,5,SUN,DEF,IPS,0,2026-08-22T14:00:00Z,90,1,1,0,0,0,2,0,0,0,0.08,0.08,1.8,4,5,0,0,0,0,11.0,5.3,13.8,45,26928
105717,2026/27,1,5,SUN,DEF,IPS,0,2026-08-22T14:00:00Z,0,0,0,0,0,0,0,0,0,0,0.0,0.0,0.0,0,0,0,0,0,0,0.0,0.0,0.0,40,25578
108813,2026/27,1,5,IPS,GKP,SUN,1,2026-08-22T14:00:00Z,0,0,0,0,0,0,0,0,0,0,0.0,0.0,0.0,0,0,0,0,0,0,0.0,0.0,0.0,45,47085
112520,2026/27,1,5,IPS,GKP,SUN,1,2026-08-22T14:00:00Z,0,0,0,0,0,0,0,0,0,0,0.0,0.0,0.0,0,0,0,0,0,0,0.0,0.0,0.0,40,426453
147675,2026/27,1,5,IPS,FWD,SUN,1,2026-08-22T14:00:00Z,24,0,1,0,0,0,0,0,0,0,0.0,0.0,0.03,3,3,0,0,0,0,2.0,0.0,1.4,50,47871
149929,2026/27,1,5,IPS,MID,SUN,1,2026-08-22T14:00:00Z,0,0,0,0,0,0,0,0,0,0,0.0,0.0,0.0,0,0,0,0,0,0,0.0,0.0,0.0,50,562
167512,2026/27,1,5,SUN,DEF,IPS,0,2026-08-22T14:00:00Z,66,1,1,0,0,0,1,0,0,0,0.01,0.01,1.69,5,1,0,0,1,0,4.0,1.4,11.4,40,332959
172453,2026/27,1,5,IPS,MID,SUN,1,2026-08-22T14:00:00Z,0,0,0,0,0,0,0,0,0,0,0.0,0.0,0.0,0,0,0,0,0,0,0.0,0.0,0.0,50,1030
176420,2026/27,1,5,IPS,DEF,SUN,1,2026-08-22T14:00:00Z,0,0,0,0,0,0,0,0,0,0,0.0,0.0,0.0,0,0,0,0,0,0,0.0,0.0,0.0,40,56130
183015,2026/27,1,5,IPS,DEF,SUN,1,2026-08-22T14:00:00Z,0,0,0,0,0,0,0,0,0,0,0.0,0.0,0.0,0,0,0,0,0,0,0.0,0.0,0.0,40,57775
200834,2026/27,1,5,SUN,DEF,IPS,0,2026-08-22T14:00:00Z,0,0,0,0,0,0,0,0,0,0,0.0,0.0,0.0,0,0,0,0,0,0,0.0,0.0,0.0,55,257772
201895,2026/27,1,5,SUN,DEF,IPS,0,2026-08-22T14:00:00Z,23,0,1,0,0,0,1,0,0,0,0.0,0.01,0.1,0,2,0,0,0,0,0.0,0.6,0.0,50,41929
212314,2026/27,1,5,IPS,MID,SUN,1,2026-08-22T14:00:00Z,90,1,5,0,1,0,1,0,0,0,0.0,0.02,0.66,6,22,0,0,0,0,2.0,14.8,23.4,50,10816
216055,2026/27,1,5,IPS,MID,SUN,1,2026-08-22T14:00:00Z,0,0,0,0,0,0,0,0,0,0,0.0,0.0,0.0,0,0,0,0,0,0,0.0,0.0,0.0,50,12850
216616,2026/27,1,5,IPS,DEF,SUN,1,2026-08-22T14:00:00Z,90,1,4,0,0,0,1,0,0,0,0.0,0.16,0.66,18,16,0,0,0,0,2.0,24.5,48.0,40,313565
219924,2026/27,1,5,IPS,DEF,SUN,1,2026-08-22T14:00:00Z,90,1,2,0,0,0,1,0,0,0,0.0,0.01,0.66,5,7,0,0,0,0,2.0,0.8,7.2,40,1668644
222018,2026/27,1,5,IPS,DEF,SUN,1,2026-08-22T14:00:00Z,0,0,0,0,0,0,0,0,0,0,0.0,0.0,0.0,0,0,0,0,0,0,0.0,0.0,0.0,40,10016
222625,2026/27,1,5,IPS,FWD,SUN,1,2026-08-22T14:00:00Z,0,0,0,0,0,0,0,0,0,0,0.0,0.0,0.0,0,0,0,0,0,0,0.0,0.0,0.0,50,25160
223827,2026/27,1,5,SUN,DEF,IPS,0,2026-08-22T14:00:00Z,90,1,0,0,0,0,2,0,0,0,0.0,0.01,1.8,9,4,0,0,1,0,0.0,1.2,18.2,50,518741
229164,2026/27,1,5,IPS,MID,SUN,1,2026-08-22T14:00:00Z,0,0,0,0,0,0,0,0,0,0,0.0,0.0,0.0,0,0,0,0,0,0,0.0,0.0,0.0,50,1539
231899,2026/27,1,5,IPS,MID,SUN,1,2026-08-22T14:00:00Z,0,0,0,0,0,0,0,0,0,0,0.0,0.0,0.0,0,0,0,0,0,0,0.0,0.0,0.0,45,4505
232457,2026/27,1,5,IPS,MID,SUN,1,2026-08-22T14:00:00Z,0,0,0,0,0,0,0,0,0,0,0.0,0.0,0.0,0,0,0,0,0,0,0.0,0.0,0.0,50,4850
232571,2026/27,1,5,SUN,GKP,IPS,0,2026-08-22T14:00:00Z,0,0,0,0,0,0,0,0,0,0,0.0,0.0,0.0,0,0,0,0,0,0,0.0,0.0,0.0,40,18557
240514,2026/27,1,5,IPS,GKP,SUN,1,2026-08-22T14:00:00Z,90,1,2,0,0,0,1,0,0,0,0.0,0.0,0.66,0,12,0,2,0,0,0.0,0.0,14.4,45,57252
241117,2026/27,1,5,IPS,MID,SUN,1,2026-08-22T14:00:00Z,0,0,0,0,0,0,0,0,0,0,0.0,0.0,0.0,0,0,0,0,0,0,0.0,0.0,0.0,50,430
434399,2026/27,1,5,SUN,DEF,IPS,0,2026-08-22T14:00:00Z,90,1,1,0,0,0,2,0,0,0,0.0,0.29,1.8,8,9,0,0,0,0,4.0,27.5,23.0,45,43515
437505,2026/27,1,5,SUN,FWD,IPS,0,2026-08-22T14:00:00Z,23,0,1,0,0,0,1,0,0,0,0.0,0.0,0.1,0,3,0,0,0,0,0.0,0.2,0.0,55,90196
441264,2026/27,1,5,SUN,FWD,IPS,0,2026-08-22T14:00:00Z,66,1,2,0,0,0,1,0,0,0,0.3,0.0,1.69,0,1,0,0,0,0,9.0,1.5,0.0,60,1279847
442967,2026/27,1,5,IPS,MID,SUN,1,2026-08-22T14:00:00Z,79,1,2,0,0,0,1,0,0,0,0.61,0.0,0.63,9,7,0,0,0,0,7.0,1.4,12.6,55,37656
443261,2026/27,1,5,IPS,MID,SUN,1,2026-08-22T14:00:00Z,19,0,7,1,0,0,0,0,0,0,0.1,0.0,0.03,2,27,1,0,0,0,18.0,0.6,33.6,55,24135
449429,2026/27,1,5,IPS,DEF,SUN,1,2026-08-22T14:00:00Z,90,1,2,0,0,0,1,0,0,0,0.0,0.0,0.66,7,12,0,0,0,0,0.0,1.3,16.4,40,134129
455084,2026/27,1,5,IPS,DEF,SUN,1,2026-08-22T14:00:00Z,90,1,2,0,0,0,1,0,0,0,0.0,0.01,0.66,7,10,0,0,0,0,0.0,2.3,15.2,40,479363
461199,2026/27,1,5,SUN,MID,IPS,0,2026-08-22T14:00:00Z,0,0,0,0,0,0,0,0,0,0,0.0,0.0,0.0,0,0,0,0,0,0,0.0,0.0,0.0,50,801
461587,2026/27,1,5,IPS,MID,SUN,1,2026-08-22T14:00:00Z,24,0,1,0,0,0,0,0,0,0,0.0,0.0,0.03,3,4,0,0,0,0,0.0,1.3,1.2,45,130440
462387,2026/27,1,5,IPS,FWD,SUN,1,2026-08-22T14:00:00Z,0,0,0,0,0,0,0,0,0,0,0.0,0.0,0.0,0,0,0,0,0,0,0.0,0.0,0.0,50,13332
474120,2026/27,1,5,IPS,MID,SUN,1,2026-08-22T14:00:00Z,70,1,5,0,1,0,1,0,0,0,0.23,0.31,0.63,8,24,0,0,0,0,18.0,14.0,21.6,55,24595
477547,2026/27,1,5,SUN,DEF,IPS,0,2026-08-22T14:00:00Z,0,0,0,0,0,0,0,0,0,0,0.0,0.0,0.0,0,0,0,0,0,0,0.0,0.0,0.0,40,6220
481624,2026/27,1,5,IPS,MID,SUN,1,2026-08-22T14:00:00Z,0,0,0,0,0,0,0,0,0,0,0.0,0.0,0.0,0,0,0,0,0,0,0.0,0.0,0.0,55,14821
484420,2026/27,1,5,SUN,MID,IPS,0,2026-08-22T14:00:00Z,79,1,2,0,0,0,1,0,0,0,0.0,0.03,1.69,2,13,0,0,0,0,0.0,9.9,4.6,60,942702
487676,2026/27,1,5,SUN,DEF,IPS,0,2026-08-22T14:00:00Z,79,1,2,0,0,0,1,0,0,0,0.04,0.27,1.69,4,14,0,0,0,0,13.0,39.4,9.4,45,641436
498016,2026/27,1,5,SUN,GKP,IPS,0,2026-08-22T14:00:00Z,90,1,1,0,0,0,2,0,0,0,0.0,0.0,1.8,0,7,0,1,0,0,0.0,0.0,15.2,50,397315
501390,2026/27,1,5,IPS,MID,SUN,1,2026-08-22T14:00:00Z,79,1,4,0,0,0,1,0,0,0,0.03,0.03,0.63,12,26,0,0,0,0,4.0,7.3,13.0,50,11544
515046,2026/27,1,5,SUN,GKP,IPS,0,2026-08-22T14:00:00Z,0,0,0,0,0,0,0,0,0,0,0.0,0.0,0.0,0,0,0,0,0,0,0.0,0.0,0.0,45,8630
519634,2026/27,1,5,SUN,DEF,IPS,0,2026-08-22T14:00:00Z,0,0,0,0,0,0,0,0,0,0,0.0,0.0,0.0,0,0,0,0,0,0,0.0,0.0,0.0,45,941
524180,2026/27,1,5,IPS,MID,SUN,1,2026-08-22T14:00:00Z,0,0,0,0,0,0,0,0,0,0,0.0,0.0,0.0,0,0,0,0,0,0,0.0,0.0,0.0,45,0
531442,2026/27,1,5,IPS,MID,SUN,1,2026-08-22T14:00:00Z,65,1,2,0,0,0,1,0,0,0,0.0,0.41,0.63,7,22,0,0,0,0,8.0,28.4,18.6,55,21235
535818,2026/27,1,5,SUN,MID,IPS,0,2026-08-22T14:00:00Z,0,0,0,0,0,0,0,0,0,0,0.0,0.0,0.0,0,0,0,0,0,0,0.0,0.0,0.0,50,9551
536661,2026/27,1,5,SUN,MID,IPS,0,2026-08-22T14:00:00Z,58,1,5,1,0,0,1,0,0,0,0.15,0.01,1.66,7,23,0,0,1,0,16.0,3.3,32.8,50,5260
543968,2026/27,1,5,IPS,FWD,SUN,1,2026-08-22T14:00:00Z,65,1,9,1,0,0,1,0,0,0,0.82,0.06,0.63,3,41,3,0,0,0,40.0,26.3,45.6,55,33590
546600,2026/27,1,5,IPS,GKP,SUN,1,2026-08-22T14:00:00Z,0,0,0,0,0,0,0,0,0,0,0.0,0.0,0.0,0,0,0,0,0,0,0.0,0.0,0.0,45,3509
547027,2026/27,1,5,SUN,MID,IPS,0,2026-08-22T14:00:00Z,10,0,1,0,0,0,1,0,0,0,0.03,0.0,0.1,0,3,0,0,0,0,2.0,0.6,0.4,55,6286
549912,2026/27,1,5,SUN,MID,IPS,0,2026-08-22T14:00:00Z,31,0,1,0,0,0,1,0,0,0,0.0,0.0,0.14,2,1,0,0,0,0,0.0,0.9,0.0,55,20822
554197,2026/27,1,5,SUN,MID,IPS,0,2026-08-22T14:00:00Z,10,0,1,0,0,0,1,0,0,0,0.0,0.0,0.1,1,3,0,0,0,0,0.0,0.3,0.0,50,6214
557012,2026/27,1,5,IPS,FWD,SUN,1,2026-08-22T14:00:00Z,10,0,1,0,0,0,0,0,0,0,0.0,0.0,0.03,0,3,0,0,0,0,0.0,0.1,0.0,45,199675
572584,2026/27,1,5,IPS,DEF,SUN,1,2026-08-22T14:00:00Z,10,0,1,0,0,0,0,0,0,0,0.0,0.0,0.03,2,4,0,0,0,0,0.0,10.0,5.2,40,86218
577669,2026/27,1,5,SUN,MID,IPS,0,2026-08-22T14:00:00Z,90,1,2,0,0,0,2,0,0,0,0.06,0.03,1.8,2,18,0,0,0,0,25.0,32.1,14.6,50,32634
699989,2026/27,1,5,SUN,MID,IPS,0,2026-08-22T14:00:00Z,0,0,0,0,0,0,0,0,0,0,0.0,0.0,0.0,0,0,0,0,0,0,0.0,0.0,0.0,50,501
60689,2026/27,1,6,NFO,FWD,LEE,1,2026-08-22T14:00:00Z,28,0,1,0,0,0,1,0,0,0,0.12,0.01,0.22,1,3,0,0,0,0,3.0,2.4,0.0,60,159951
85633,2026/27,1,6,NFO,GKP,LEE,1,2026-08-22T14:00:00Z,90,1,2,0,0,0,1,0,0,0,0.0,0.0,0.47,0,11,0,2,0,0,0.0,0.0,14.2,50,140711
153682,2026/27,1,6,LEE,MID,NFO,0,2026-08-22T14:00:00Z,65,1,3,0,0,1,0,0,0,0,0.0,0.02,0.53,2,8,0,0,0,0,4.0,15.3,6.2,65,577649
159506,2026/27,1,6,NFO,DEF,LEE,1,2026-08-22T14:00:00Z,73,1,5,0,0,1,0,0,0,0,0.04,0.17,0.34,2,24,0,0,1,0,11.0,35.6,16.0,45,328883
173774,2026/27,1,6,LEE,DEF,NFO,0,2026-08-22T14:00:00Z,0,0,0,0,0,0,0,0,0,0,0.0,0.0,0.0,0,0,0,0,0,0,0.0,0.0,0.0,45,1842
174594,2026/27,1,6,LEE,FWD,NFO,0,2026-08-22T14:00:00Z,0,0,0,0,0,0,0,0,0,0,0.0,0.0,0.0,0,0,0,0,0,0,0.0,0.0,0.0,55,53564
177815,2026/27,1,6,LEE,FWD,NFO,0,2026-08-22T14:00:00Z,90,1,1,0,0,1,0,0,0,0,0.13,0.0,0.66,2,-2,0,0,1,0,11.0,0.8,0.0,60,2823371
180135,2026/27,1,6,LEE,MID,NFO,0,2026-08-22T14:00:00Z,8,0,1,0,0,0,0,0,0,0,0.0,0.0,0.07,0,3,0,0,0,0,0.0,0.2,0.0,50,12582
199598,2026/27,1,6,LEE,MID,NFO,0,2026-08-22T14:00:00Z,90,1,5,0,0,1,0,0,0,0,0.0,0.04,0.66,13,18,0,0,0,0,0.0,23.3,18.6,55,132659
200617,2026/27,1,6,LEE,MID,NFO,0,2026-08-22T14:00:00Z,0,0,0,0,0,0,0,0,0,0,0.0,0.0,0.0,0,0,0,0,0,0,0.0,0.0,0.0,50,11272
201595,2026/27,1,6,LEE,GKP,NFO,0,2026-08-22T14:00:00Z,0,0,0,0,0,0,0,0,0,0,0.0,0.0,0.0,0,0,0,0,0,0,0.0,0.0,0.0,45,52897
204561,2026/27,1,6,NFO,MID,LEE,1,2026-08-22T14:00:00Z,16,0,1,0,0,0,1,0,0,0,0.0,0.0,0.13,1,3,0,0,0,0,2.0,1.0,0.6,50,10065
204822,2026/27,1,6,NFO,DEF,LEE,1,2026-08-22T14:00:00Z,0,0,0,0,0,0,0,0,0,0,0.0,0.0,0.0,0,0,0,0,0,0,0.0,0.0,0.0,40,23191
204968,2026/27,1,6,NFO,MID,LEE,1,2026-08-22T14:00:00Z,0,0,0,0,0,0,0,0,0,0,0.0,0.0,0.0,0,0,0,0,0,0,0.0,0.0,0.0,45,177323
209046,2026/27,1,6,NFO,MID,LEE,1,2026-08-22T14:00:00Z,0,0,0,0,0,0,0,0,0,0,0.0,0.0,0.0,0,0,0,0,0,0,0.0,0.0,0.0,60,23579
210462,2026/27,1,6,NFO,MID,LEE,1,2026-08-22T14:00:00Z,90,1,2,0,0,0,1,0,0,0,0.03,0.01,0.47,6,10,0,0,0,0,3.0,13.0,17.8,50,100536
214225,2026/27,1,6,LEE,DEF,NFO,0,2026-08-22T14:00:00Z,90,1,6,0,0,1,0,0,0,0,0.03,0.06,0.66,7,21,0,0,0,0,5.0,14.4,14.4,45,330772
215136,2026/27,1,6,NFO,DEF,LEE,1,2026-08-22T14:00:00Z,90,1,2,0,0,0,1,0,0,0,0.0,0.02,0.47,6,13,0,0,0,0,6.0,5.8,15.2,50,924685
220627,2026/27,1,6,LEE,DEF,NFO,0,2026-08-22T14:00:00Z,90,1,10,0,0,1,0,0,0,0,0.0,0.01,0.66,12,28,2,0,0,0,2.0,2.3,24.6,45,52732
221389,2026/27,1,6,NFO,GKP,LEE,1,2026-08-22T14:00:00Z,0,0,0,0,0,0,0,0,0,0,0.0,0.0,0.0,0,0,0,0,0,0,0.0,0.0,0.0,45,5970
221399,2026/27,1,6,LEE,MID,NFO,0,2026-08-22T14:00:00Z,0,0,0,0,0,0,0,0,0,0,0.0,0.0,0.0,0,0,0,0,0,0,0.0,0.0,0.0,50,135
222531,2026/27,1,6,NFO,MID,LEE,1,2026-08-22T14:00:00Z,90,1,2,0,0,0,1,0,0,0,0.13,0.06,0.47,3,10,0,0,0,0,16.0,9.3,0.0,80,1039647
226182,2026/27,1,6,LEE,DEF,NFO,0,2026-08-22T14:00:00Z,90,1,6,0,0,1,0,0,0,0,0.0,0.0,0.66,3,24,0,0,0,0,0.0,1.1,7.0,45,45674
227444,2026/27,1,6,NFO,DEF,LEE,1,2026-08-22T14:00:00Z,90,1,2,0,0,0,1,0,0,0,0.11,0.02,0.47,7,4,0,0,0,0,14.0,0.6,7.6,55,173511
235826,2026/27,1,6,LEE,FWD,NFO,0,2026-08-22T14:00:00Z,0,0,0,0,0,0,0,0,0,0,0.0,0.0,0.0,0,0,0,0,0,0,0.0,0.0,0.0,50,17239
243526,2026/27,1,6,LEE,DEF,NFO,0,2026-08-22T14:00:00Z,0,0,0,0,0,0,0,0,0,0,0.0,0.0,0.0,0,0,0,0,0,0,0.0,0.0,0.0,45,5099
248056,2026/27,1,6,LEE,MID,NFO,0,2026-08-22T14:00:00Z,0,0,0,0,0,0,0,0,0,0,0.0,0.0,0.0,0,0,0,0,0,0,0.0,0.0,0.0,50,23052
250199,2026/27,1,6,NFO,MID,LEE,1,2026-08-22T14:00:00Z,0,0,0,0,0,0,0,0,0,0,0.0,0.0,0.0,0,0,0,0,0,0,0.0,0.0,0.0,50,7576
427637,2026/27,1,6,LEE,MID,NFO,0,2026-08-22T14:00:00Z,81,1,3,0,0,1,0,0,0,0,0.01,0.01,0.58,7,16,0,0,0,0,7.0,1.1,8.0,55,87156
428971,2026/27,1,6,NFO,GKP,LEE,1,2026-08-22T14:00:00Z,0,0,0,0,0,0,0,0,0,0,0.0,0.0,0.0,0,0,0,0,0,0,0.0,0.0,0.0,45,5245
432714,2026/27,1,6,NFO,MID,LEE,1,2026-08-22T14:00:00Z,73,1,3,0,0,1,0,0,0,0,0.0,0.16,0.34,8,18,0,0,0,0,0.0,42.5,11.6,55,3147
432720,2026/27,1,6,LEE,GKP,NFO,0,2026-08-22T14:00:00Z,90,1,9,0,0,1,0,0,0,0,0.0,0.0,0.66,0,28,2,3,0,0,0.0,0.0,19.4,50,265439
434752,2026/27,1,6,LEE,DEF,NFO,0,2026-08-22T14:00:00Z,90,1,10,0,0,1,0,0,0,0,0.11,0.0,0.66,12,28,2,0,0,0,15.0,0.4,23.6,50,27043
435997,2026/27,1,6,LEE,MID,NFO,0,2026-08-22T14:00:00Z,24,0,1,0,0,0,0,0,0,0,0.0,0.16,0.13,5,10,0,0,0,0,4.0,14.0,10.0,60,45369
437738,2026/27,1,6,LEE,DEF,NFO,0,2026-08-22T14:00:00Z,0,0,0,0,0,0,0,0,0,0,0.0,0.0,0.0,0,0,0,0,0,0,0.0,0.0,0.0,45,512
456512,2026/27,1,6,NFO,MID,LEE,1,2026-08-22T14:00:00Z,61,1,3,0,0,1,0,0,0,0,0.0,0.0,0.25,3,5,0,0,0,0,0.0,2.5,1.4,55,39539
465680,2026/27,1,6,NFO,FWD,LEE,1,2026-08-22T14:00:00Z,1,0,1,0,0,0,0,0,0,0,0.0,0.0,0.0,0,3,0,0,0,0,0.0,0.0,0.0,55,4138
466525,2026/27,1,6,LEE,MID,NFO,0,2026-08-22T14:00:00Z,90,1,13,1,0,1,0,0,0,0,0.1,0.05,0.66,16,37,3,0,0,0,16.0,2.3,47.8,60,80326
470315,2026/27,1,6,NFO,DEF,LEE,1,2026-08-22T14:00:00Z,16,0,1,0,0,0,1,0,0,0,0.0,0.0,0.13,0,-2,0,0,0,0,0.0,0.9,0.0,45,2322
476887,2026/27,1,6,NFO,MID,LEE,1,2026-08-22T14:00:00Z,0,0,0,0,0,0,0,0,0,0,0.0,0.0,0.0,0,0,0,0,0,0,0.0,0.0,0.0,55,1373
482973,2026/27,1,6,NFO,FWD,LEE,1,2026-08-22T14:00:00Z,90,1,2,0,0,0,1,0,0,0,0.22,0.02,0.47,3,8,0,0,0,0,31.0,6.8,5.2,60,389784
485047,2026/27,1,6,NFO,DEF,LEE,1,2026-08-22T14:00:00Z,0,0,0,0,0,0,0,0,0,0,0.0,0.0,0.0,0,0,0,0,0,0,0.0,0.0,0.0,50,4345
486520,2026/27,1,6,LEE,MID,NFO,0,2026-08-22T14:00:00Z,0,0,0,0,0,0,0,0,0,0,0.0,0.0,0.0,0,0,0,0,0,0,0.0,0.0,0.0,50,461
492859,2026/27,1,6,LEE,MID,NFO,0,2026-08-22T14:00:00Z,0,0,0,0,0,0,0,0,0,0,0.0,0.0,0.0,0,0,0,0,0,0,0.0,0.0,0.0,50,2172
500151,2026/27,1,6,NFO,DEF,LEE,1,2026-08-22T14:00:00Z,0,0,0,0,0,0,0,0,0,0,0.0,0.0,0.0,0,0,0,0,0,0,0.0,0.0,0.0,45,209
503301,2026/27,1,6,NFO,MID,LEE,1,2026-08-22T14:00:00Z,0,0,0,0,0,0,0,0,0,0,0.0,0.0,0.0,0,0,0,0,0,0,0.0,0.0,0.0,55,15797
522047,2026/27,1,6,LEE,DEF,NFO,0,2026-08-22T14:00:00Z,90,1,6,0,0,1,0,0,0,0,0.09,0.0,0.66,7,25,0,0,0,0,17.0,0.6,15.6,50,306283
538638,2026/27,1,6,NFO,DEF,LEE,1,2026-08-22T14:00:00Z,0,0,0,0,0,0,0,0,0,0,0.0,0.0,0.0,0,0,0,0,0,0,0.0,0.0,0.0,40,18342
549067,2026/27,1,6,NFO,DEF,LEE,1,2026-08-22T14:00:00Z,0,0,0,0,0,0,0,0,0,0,0.0,0.0,0.0,0,0,0,0,0,0,0.0,0.0,0.0,40,23851
565297,2026/27,1,6,LEE,FWD,NFO,0,2026-08-22T14:00:00Z,0,0,0,0,0,0,0,0,0,0,0.0,0.0,0.0,0,0,0,0,0,0,0.0,0.0,0.0,45,5936
568420,2026/27,1,6,NFO,DEF,LEE,1,2026-08-22T14:00:00Z,0,0,0,0,0,0,0,0,0,0,0.0,0.0,0.0,0,0,0,0,0,0,0.0,0.0,0.0,55,67092
575458,2026/27,1,6,NFO,DEF,LEE,1,2026-08-22T14:00:00Z,90,1,1,0,0,0,1,0,0,0,0.0,0.0,0.47,8,5,0,0,1,0,0.0,1.3,20.8,45,19663
575476,2026/27,1,6,NFO,DEF,LEE,1,2026-08-22T14:00:00Z,90,1,4,0,0,0,1,0,0,0,0.0,0.28,0.47,14,15,0,0,0,0,0.0,25.9,32.2,55,134909
592740,2026/27,1,6,LEE,MID,NFO,0,2026-08-22T14:00:00Z,0,0,0,0,0,0,0,0,0,0,0.0,0.0,0.0,0,0,0,0,0,0,0.0,0.0,0.0,45,0
643970,2026/27,1,6,LEE,DEF,NFO,0,2026-08-22T14:00:00Z,0,0,0,0,0,0,0,0,0,0,0.0,0.0,0.0,0,0,0,0,0,0,0.0,0.0,0.0,40,0
49262,2026/27,1,7,BHA,GKP,AVL,1,2026-08-23T13:00:00Z,0,0,0,0,0,0,0,0,0,0,0.0,0.0,0.0,0,0,0,0,0,0,0.0,0.0,0.0,40,369830
60307,2026/27,1,7,BHA,MID,AVL,1,2026-08-23T13:00:00Z,90,1,2,0,0,1,0,0,0,0,0.0,0.27,0.29,5,18,0,0,1,0,8.0,56.9,21.0,55,1308033
72147,2026/27,1,7,AVL,GKP,BHA,0,2026-08-23T13:00:00Z,90,1,1,0,0,0,4,0,0,0,0.0,0.0,3.77,0,1,0,3,0,0,0.0,0.0,28.2,45,10183
83299,2026/27,1,7,BHA,DEF,AVL,1,2026-08-23T13:00:00Z,90,1,6,0,0,1,0,0,0,0,0.0,0.04,0.29,2,24,0,0,0,0,0.0,6.4,13.4,45,88762
88894,2026/27,1,7,AVL,MID,BHA,0,2026-08-23T13:00:00Z,73,1,2,0,0,0,4,0,0,0,0.1,0.02,3.55,1,11,0,0,0,0,7.0,21.4,9.4,50,20508
98980,2026/27,1,7,CHE,GKP,BHA,0,2026-08-23T13:00:00Z,0,0,0,0,0,0,0,0,0,0,0.0,0.0,0.0,0,0,0,0,0,0,0.0,0.0,0.0,50,388040
101188,2026/27,1,7,AVL,DEF,BHA,0,2026-08-23T13:00:00Z,0,0,0,0,0,0,0,0,0,0,0.0,0.0,0.0,0,0,0,0,0,0,0.0,0.0,0.0,45,13780
122806,2026/27,1,7,AVL,MID,BHA,0,2026-08-23T13:00:00Z,81,1,1,0,0,0,4,0,0,0,0.04,0.01,3.62,6,8,0,0,1,0,1.0,2.4,1.6,55,290994
149484,2026/27,1,7,AVL,DEF,BHA,0,2026-08-23T13:00:00Z,16,0,1,0,0,0,0,0,0,0,0.0,0.0,0.22,1,5,0,0,0,0,0.0,0.0,2.0,45,29034
173879,2026/27,1,7,AVL,FWD,BHA,0,2026-08-23T13:00:00Z,0,0,0,0,0,0,0,0,0,0,0.0,0.0,0.0,0,0,0,0,0,0,0.0,0.0,0.0,55,11764
178301,2026/27,1,7,AVL,FWD,BHA,0,2026-08-23T13:00:00Z,0,0,0,0,0,0,0,0,0,0,0.0,0.0,0.0,0,0,0,0,0,0,0.0,0.0,0.0,80,898121
184667,2026/27,1,7,AVL,DEF,BHA,0,2026-08-23T13:00:00Z,90,1,-2,0,0,0,4,1,0,0,0.0,0.0,3.77,3,-13,0,0,0,0,0.0,0.1,1.8,45,24630
195546,2026/27,1,7,AVL,MID,BHA,0,2026-08-23T13:00:00Z,85,1,2,0,0,0,4,0,0,0,0.13,0.09,3.62,7,4,0,0,0,0,8.0,16.3,0.0,60,120830
199796,2026/27,1,7,AVL,DEF,BHA,0,2026-08-23T13:00:00Z,90,1,-1,0,0,0,4,0,0,0,0.0,0.0,3.77,7,-8,0,0,1,0,0.0,1.1,12.0,45,789072
204120,2026/27,1,7,BHA,DEF,AVL,1,2026-08-23T13:00:00Z,90,1,6,0,0,1,0,0,0,0,0.0,0.04,0.29,6,29,0,0,0,0,6.0,7.3,15.2,45,19109
215711,2026/27,1,7,AVL,MID,BHA,0,2026-08-23T13:00:00Z,0,0,0,0,0,0,0,0,0,0,0.0,0.0,0.0,0,0,0,0,0,0,0.0,0.0,0.0,55,12940
219249,2026/27,1,7,BHA,MID,AVL,1,2026-08-23T13:00:00Z,0,0,0,0,0,0,0,0,0,0,0.0,0.0,0.0,0,0,0,0,0,0,0.0,0.0,0.0,55,8249
222694,2026/27,1,7,BHA,DEF,AVL,1,2026-08-23T13:00:00Z,0,0,0,0,0,0,0,0,0,0,0.0,0.0,0.0,0,0,0,0,0,0,0.0,0.0,0.0,50,19933
223434,2026/27,1,7,BHA,DEF,AVL,1,2026-08-23T13:00:00Z,0,0,0,0,0,0,0,0,0,0,0.0,0.0,0.0,0,0,0,0,0,0,0.0,0.0,0.0,45,7195
226944,2026/27,1,7,AVL,MID,BHA,0,2026-08-23T13:00:00Z,90,1,2,0,0,0,4,0,0,0,0.0,0.0,3.77,7,9,0,0,0,0,0.0,2.8,11.2,50,31172
231416,2026/27,1,7,BHA,DEF,AVL,1,2026-08-23T13:00:00Z,0,0,0,0,0,0,0,0,0,0,0.0,0.0,0.0,0,0,0,0,0,0,0.0,0.0,0.0,45,265528
244954,2026/27,1,7,AVL,DEF,BHA,0,2026-08-23T13:00:00Z,73,1,0,0,0,0,4,0,0,0,0.0,0.0,3.55,5,-14,0,0,0,0,0.0,0.7,0.0,45,38472
433969,2026/27,1,7,AVL,GKP,BHA,0,2026-08-23T13:00:00Z,0,0,0,0,0,0,0,0,0,0,0.0,0.0,0.0,0,0,0,0,0,0,0.0,0.0,0.0,50,61739
441302,2026/27,1,7,AVL,DEF,BHA,0,2026-08-23T13:00:00Z,81,1,0,0,0,0,4,0,0,0,0.03,0.0,3.62,9,-9,0,0,0,0,3.0,0.8,9.2,45,71952
448089,2026/27,1,7,AVL,MID,BHA,0,2026-08-23T13:00:00Z,39,1,-2,0,0,0,4,0,0,0,0.0,0.01,2.58,7,-2,0,0,0,1,0.0,11.0,1.0,55,6573
449871,2026/27,1,7,AVL,MID,BHA,0,2026-08-23T13:00:00Z,0,0,0,0,0,0,0,0,0,0,0.0,0.0,0.0,0,0,0,0,0,0,0.0,0.0,0.0,50,2081
451340,2026/27,1,7,BHA,MID,AVL,1,2026-08-23T13:00:00Z,0,0,0,0,0,0,0,0,0,0,0.0,0.0,0.0,0,0,0,0,0,0,0.0,0.0,0.0,60,4360
451490,2026/27,1,7,BHA,DEF,AVL,1,2026-08-23T13:00:00Z,26,0,1,0,0,0,0,0,0,0,0.12,0.0,0.1,4,7,0,0,0,0,18.0,1.9,8.2,45,2148
454490,2026/27,1,7,BHA,DEF,AVL,1,2026-08-23T13:00:00Z,0,0,0,0,0,0,0,0,0,0,0.0,0.0,0.0,0,0,0,0,0,0,0.0,0.0,0.0,50,3997
463067,2026/27,1,7,BHA,FWD,AVL,1,2026-08-23T13:00:00Z,90,1,5,0,1,1,0,0,0,0,0.08,0.44,0.29,7,22,0,0,0,0,15.0,11.4,19.8,55,78765
465730,2026/27,1,7,BHA,DEF,AVL,1,2026-08-23T13:00:00Z,77,1,17,1,1,1,0,0,0,0,1.47,0.21,0.29,4,46,2,0,0,0,43.0,45.3,40.6,45,151636
467779,2026/27,1,7,BHA,DEF,AVL,1,2026-08-23T13:00:00Z,77,1,7,0,0,1,0,0,0,0,0.09,0.05,0.29,8,32,1,0,0,0,6.0,26.3,16.6,50,22925
469247,2026/27,1,7,AVL,MID,BHA,0,2026-08-23T13:00:00Z,0,0,0,0,0,0,0,0,0,0,0.0,0.0,0.0,0,0,0,0,0,0,0.0,0.0,0.0,50,394
487117,2026/27,1,7,BHA,FWD,AVL,1,2026-08-23T13:00:00Z,0,0,0,0,0,0,0,0,0,0,0.0,0.0,0.0,0,0,0,0,0,0,0.0,0.0,0.0,50,2877
487992,2026/27,1,7,AVL,DEF,BHA,0,2026-08-23T13:00:00Z,8,0,1,0,0,0,0,0,0,0,0.0,0.0,0.14,2,3,0,0,0,0,0.0,0.0,4.0,45,7884
489639,2026/27,1,7,BHA,GKP,AVL,1,2026-08-23T13:00:00Z,90,1,6,0,0,1,0,0,0,0,0.0,0.0,0.29,0,25,0,0,0,0,0.0,0.0,6.6,45,1987586
493105,2026/27,1,7,AVL,MID,BHA,0,2026-08-23T13:00:00Z,4,0,1,0,0,0,0,0,0,0,0.0,0.0,0.14,0,2,0,0,0,0,0.0,0.0,0.0,60,54802
509416,2026/27,1,7,BHA,MID,AVL,1,2026-08-23T13:00:00Z,63,1,2,0,0,1,0,0,0,0,0.11,0.03,0.19,4,8,0,0,1,0,6.0,15.0,0.0,55,61091
514254,2026/27,1,7,BHA,MID,AVL,1,2026-08-23T13:00:00Z,85,1,6,0,1,1,0,0,0,0,0.18,0.48,0.29,6,27,0,0,0,0,41.0,25.1,33.0,50,355972
515597,2026/27,1,7,AVL,MID,BHA,0,2026-08-23T13:00:00Z,16,0,1,0,0,0,0,0,0,0,0.0,0.0,0.22,1,3,0,0,0,0,0.0,0.5,2.2,50,5822
532529,2026/27,1,7,BHA,MID,AVL,1,2026-08-23T13:00:00Z,63,1,16,2,0,1,0,0,0,0,1.41,0.02,0.19,3,54,3,0,0,0,59.0,13.4,72.8,60,39219
535301,2026/27,1,7,MUN,MID,AVL,1,2026-08-23T13:00:00Z,0,0,0,0,0,0,0,0,0,0,0.0,0.0,0.0,0,0,0,0,0,0,0.0,0.0,0.0,50,17798
536916,2026/27,1,7,BHA,MID,AVL,1,2026-08-23T13:00:00Z,0,0,0,0,0,0,0,0,0,0,0.0,0.0,0.0,0,0,0,0,0,0,0.0,0.0,0.0,50,528
538007,2026/27,1,7,BHA,FWD,AVL,1,2026-08-23T13:00:00Z,0,0,0,0,0,0,0,0,0,0,0.0,0.0,0.0,0,0,0,0,0,0,0.0,0.0,0.0,60,20944
549074,2026/27,1,7,BHA,MID,AVL,1,2026-08-23T13:00:00Z,0,0,0,0,0,0,0,0,0,0,0.0,0.0,0.0,0,0,0,0,0,0,0.0,0.0,0.0,50,241
550090,2026/27,1,7,BHA,DEF,AVL,1,2026-08-23T13:00:00Z,0,0,0,0,0,0,0,0,0,0,0.0,0.0,0.0,0,0,0,0,0,0,0.0,0.0,0.0,45,1583
556637,2026/27,1,7,BHA,MID,AVL,1,2026-08-23T13:00:00Z,0,0,0,0,0,0,0,0,0,0,0.0,0.0,0.0,0,0,0,0,0,0,0.0,0.0,0.0,45,24725
569577,2026/27,1,7,AVL,DEF,BHA,0,2026-08-23T13:00:00Z,0,0,0,0,0,0,0,0,0,0,0.0,0.0,0.0,0,0,0,0,0,0,0.0,0.0,0.0,40,0
571380,2026/27,1,7,AVL,MID,BHA,0,2026-08-23T13:00:00Z,0,0,0,0,0,0,0,0,0,0,0.0,0.0,0.0,0,0,0,0,0,0,0.0,0.0,0.0,45,0
577285,2026/27,1,7,AVL,MID,BHA,0,2026-08-23T13:00:00Z,90,1,2,0,0,0,4,0,0,0,0.0,0.0,3.77,5,12,0,0,0,0,2.0,11.6,10.6,45,60759
578545,2026/27,1,7,AVL,DEF,BHA,0,2026-08-23T13:00:00Z,0,0,0,0,0,0,0,0,0,0,0.0,0.0,0.0,0,0,0,0,0,0,0.0,0.0,0.0,40,29043
592031,2026/27,1,7,BHA,MID,AVL,1,2026-08-23T13:00:00Z,0,0,0,0,0,0,0,0,0,0,0.0,0.0,0.0,0,0,0,0,0,0,0.0,0.0,0.0,60,9337
597320,2026/27,1,7,BHA,MID,AVL,1,2026-08-23T13:00:00Z,0,0,0,0,0,0,0,0,0,0,0.0,0.0,0.0,0,0,0,0,0,0,0.0,0.0,0.0,45,6770
606798,2026/27,1,7,AVL,DEF,BHA,0,2026-08-23T13:00:00Z,0,0,0,0,0,0,0,0,0,0,0.0,0.0,0.0,0,0,0,0,0,0,0.0,0.0,0.0,40,157304
608181,2026/27,1,7,BHA,FWD,AVL,1,2026-08-23T13:00:00Z,0,0,0,0,0,0,0,0,0,0,0.0,0.0,0.0,0,0,0,0,0,0,0.0,0.0,0.0,55,879
610799,2026/27,1,7,BHA,DEF,AVL,1,2026-08-23T13:00:00Z,90,1,6,0,0,1,0,0,0,0,0.13,0.03,0.29,4,19,0,0,0,0,12.0,4.5,12.4,50,221596
611695,2026/27,1,7,BHA,MID,AVL,1,2026-08-23T13:00:00Z,4,0,1,0,0,0,0,0,0,0,0.0,0.01,0.0,0,3,0,0,0,0,0.0,2.7,0.6,45,0
612855,2026/27,1,7,BHA,MID,AVL,1,2026-08-23T13:00:00Z,12,0,1,0,0,0,0,0,0,0,0.0,0.05,0.0,2,7,0,0,0,0,4.0,15.4,4.2,50,633
614071,2026/27,1,7,AVL,MID,BHA,0,2026-08-23T13:00:00Z,0,0,0,0,0,0,0,0,0,0,0.0,0.0,0.0,0,0,0,0,0,0,0.0,0.0,0.0,60,26624
645618,2026/27,1,7,AVL,MID,BHA,0,2026-08-23T13:00:00Z,0,0,0,0,0,0,0,0,0,0,0.0,0.0,0.0,0,0,0,0,0,0,0.0,0.0,0.0,45,60228
647850,2026/27,1,7,BHA,FWD,AVL,1,2026-08-23T13:00:00Z,26,0,1,0,0,0,0,0,0,0,0.18,0.0,0.1,2,-1,0,0,0,0,10.0,0.4,0.0,55,19339
653481,2026/27,1,7,AVL,MID,BHA,0,2026-08-23T13:00:00Z,8,0,1,0,0,0,0,0,0,0,0.0,0.0,0.14,3,5,0,0,0,0,0.0,0.0,4.0,50,3792
690838,2026/27,1,7,AVL,FWD,BHA,0,2026-08-23T13:00:00Z,0,0,0,0,0,0,0,0,0,0,0.0,0.0,0.0,0,0,0,0,0,0,0.0,0.0,0.0,55,46241
700308,2026/27,1,7,BHA,MID,AVL,1,2026-08-23T13:00:00Z,12,0,1,0,0,0,0,0,0,0,0.0,0.03,0.0,0,3,0,0,0,0,0.0,1.3,0.2,50,6623
40383,2026/27,1,8,BOU,GKP,MCI,0,2026-08-23T13:00:00Z,0,0,0,0,0,0,0,0,0,0,0.0,0.0,0.0,0,0,0,0,0,0,0.0,0.0,0.0,40,283903
54469,2026/27,1,8,BOU,DEF,MCI,0,2026-08-23T13:00:00Z,90,1,1,0,0,0,2,0,0,0,0.0,0.0,2.25,5,4,0,0,0,0,0.0,0.6,7.0,45,8561
91651,2026/27,1,8,MCI,MID,BOU,1,2026-08-23T13:00:00Z,27,0,1,0,0,0,0,0,0,0,0.0,0.01,0.1,2,3,0,0,0,0,0.0,2.1,2.2,55,6303
106921,2026/27,1,8,MCI,GKP,BOU,1,2026-08-23T13:00:00Z,0,0,0,0,0,0,0,0,0,0,0.0,0.0,0.0,0,0,0,0,0,0,0.0,0.0,0.0,50,1589
111317,2026/27,1,8,BOU,MID,MCI,0,2026-08-23T13:00:00Z,0,0,0,0,0,0,0,0,0,0,0.0,0.0,0.0,0,0,0,0,0,0,0.0,0.0,0.0,50,4610
114283,2026/27,1,8,EVE,MID,BOU,1,2026-08-23T13:00:00Z,8,0,1,0,0,0,0,0,0,0,0.0,0.0,0.0,1,2,0,0,0,0,0.0,0.6,1.0,65,16005
122074,2026/27,1,8,MCI,GKP,BOU,1,2026-08-23T13:00:00Z,0,0,0,0,0,0,0,0,0,0,0.0,0.0,0.0,0,0,0,0,0,0,0.0,0.0,0.0,45,2479
155405,2026/27,1,8,MCI,MID,BOU,1,2026-08-23T13:00:00Z,0,0,0,0,0,0,0,0,0,0,0.0,0.0,0.0,0,0,0,0,0,0,0.0,0.0,0.0,50,1073
155408,2026/27,1,8,BOU,MID,MCI,0,2026-08-23T13:00:00Z,75,1,3,0,0,1,0,0,0,0,0.0,0.0,1.94,7,8,0,0,0,0,0.0,2.1,4.6,50,13065
158499,2026/27,1,8,BOU,MID,MCI,0,2026-08-23T13:00:00Z,0,0,0,0,0,0,0,0,0,0,0.0,0.0,0.0,0,0,0,0,0,0,0.0,0.0,0.0,50,1007
168636,2026/27,1,8,BOU,FWD,MCI,0,2026-08-23T13:00:00Z,0,0,0,0,0,0,0,0,0,0,0.0,0.0,0.0,0,0,0,0,0,0,0.0,0.0,0.0,55,3581
171314,2026/27,1,8,MCI,DEF,BOU,1,2026-08-23T13:00:00Z,90,1,2,0,0,0,1,0,0,0,0.0,0.14,0.65,6,11,0,0,0,0,2.0,17.9,24.4,55,148709
200785,2026/27,1,8,BOU,MID,MCI,0,2026-08-23T13:00:00Z,15,0,1,0,0,0,2,0,0,0,0.0,0.0,0.31,3,4,0,0,0,0,0.0,0.6,3.6,50,19512
201658,2026/27,1,8,BOU,MID,MCI,0,2026-08-23T13:00:00Z,90,1,10,1,0,0,2,0,0,0,0.4,0.08,2.25,8,32,3,0,0,0,18.0,17.2,40.0,60,139421
204936,2026/27,1,8,MCI,GKP,BOU,1,2026-08-23T13:00:00Z,90,1,3,0,0,0,1,0,0,0,0.0,0.0,0.65,0,12,0,3,0,0,0.0,0.0,26.8,55,722204
209036,2026/27,1,8,MCI,DEF,BOU,1,2026-08-23T13:00:00Z,90,1,10,1,0,0,1,0,0,0,0.89,0.32,0.65,4,31,2,0,0,0,28.0,17.5,43.6,60,1521853
209244,2026/27,1,8,MCI,MID,BOU,1,2026-08-23T13:00:00Z,81,1,1,0,0,0,1,0,0,0,0.12,0.4,0.65,6,15,0,0,1,0,15.0,49.6,10.4,70,387178
215379,2026/27,1,8,MCI,MID,BOU,1,2026-08-23T13:00:00Z,62,1,2,0,0,0,1,0,0,0,0.0,0.25,0.55,6,14,0,0,0,0,0.0,20.8,7.2,65,707651
220566,2026/27,1,8,MCI,MID,BOU,1,2026-08-23T13:00:00Z,0,0,0,0,0,0,0,0,0,0,0.0,0.0,0.0,0,0,0,0,0,0,0.0,0.0,0.0,65,2341
222683,2026/27,1,8,BOU,MID,MCI,0,2026-08-23T13:00:00Z,74,1,3,0,0,1,0,0,0,0,0.11,0.0,1.94,9,15,0,0,0,0,17.0,14.3,11.0,60,96045
223094,2026/27,1,8,MCI,FWD,BOU,1,2026-08-23T13:00:00Z,90,1,2,0,0,0,1,0,0,0,0.74,0.02,0.65,3,6,0,0,0,0,50.0,5.2,3.8,155,6209794
242882,2026/27,1,8,BOU,DEF,MCI,0,2026-08-23T13:00:00Z,0,0,0,0,0,0,0,0,0,0,0.0,0.0,0.0,0,0,0,0,0,0,0.0,0.0,0.0,50,15573
248875,2026/27,1,8,MCI,MID,BOU,1,2026-08-23T13:00:00Z,0,0,0,0,0,0,0,0,0,0,0.0,0.0,0.0,0,0,0,0,0,0,0.0,0.0,0.0,75,191182
433036,2026/27,1,8,MCI,MID,BOU,1,2026-08-23T13:00:00Z,0,0,0,0,0,0,0,0,0,0,0.0,0.0,0.0,0,0,0,0,0,0,0.0,0.0,0.0,60,11692
436893,2026/27,1,8,BOU,DEF,MCI,0,2026-08-23T13:00:00Z,0,0,0,0,0,0,0,0,0,0,0.0,0.0,0.0,0,0,0,0,0,0,0.0,0.0,0.0,45,1775
437730,2026/27,1,8,MCI,MID,BOU,1,2026-08-23T13:00:00Z,90,1,2,0,0,0,1,0,0,0,0.06,0.02,0.65,5,16,0,0,0,0,31.0,8.9,5.8,85,2354040
438234,2026/27,1,8,TOT,FWD,BOU,1,2026-08-23T13:00:00Z,0,0,0,0,0,0,0,0,0,0,0.0,0.0,0.0,0,0,0,0,0,0,0.0,0.0,0.0,70,80421
444102,2026/27,1,8,BOU,FWD,MCI,0,2026-08-23T13:00:00Z,74,1,4,0,1,1,0,0,0,0,0.0,0.21,1.94,8,17,0,0,1,0,2.0,11.9,19.4,60,200122
444172,2026/27,1,8,BOU,GKP,MCI,0,2026-08-23T13:00:00Z,0,0,0,0,0,0,0,0,0,0,0.0,0.0,0.0,0,0,0,0,0,0,0.0,0.0,0.0,40,16822
448514,2026/27,1,8,MCI,DEF,BOU,1,2026-08-23T13:00:00Z,0,0,0,0,0,0,0,0,0,0,0.0,0.0,0.0,0,0,0,0,0,0,0.0,0.0,0.0,55,79425
457569,2026/27,1,8,BOU,GKP,MCI,0,2026-08-23T13:00:00Z,90,1,2,0,0,0,2,0,0,0,0.0,0.0,2.25,0,13,0,4,0,0,0.0,0.0,36.8,45,288326
463981,2026/27,1,8,BOU,DEF,MCI,0,2026-08-23T13:00:00Z,90,1,1,0,0,0,2,0,0,0,0.0,0.0,2.25,6,0,0,0,0,0,0.0,0.3,11.6,55,72436
465351,2026/27,1,8,MCI,DEF,BOU,1,2026-08-23T13:00:00Z,33,0,1,0,0,0,0,0,0,0,0.0,0.04,0.1,1,4,0,0,0,0,4.0,1.5,3.8,60,123928
465694,2026/27,1,8,NEW,MID,BOU,1,2026-08-23T13:00:00Z,0,0,0,0,0,0,0,0,0,0,0.0,0.0,0.0,0,0,0,0,0,0,0.0,0.0,0.0,55,11878
466052,2026/27,1,8,MCI,MID,BOU,1,2026-08-23T13:00:00Z,27,0,8,0,2,0,0,0,0,0,0.0,0.5,0.1,0,28,1,0,0,0,4.0,48.8,39.2,75,679336
472769,2026/27,1,8,MCI,DEF,BOU,1,2026-08-23T13:00:00Z,62,1,2,0,0,0,1,0,0,0,0.07,0.41,0.55,2,5,0,0,0,0,11.0,30.4,8.8,65,1877660
477064,2026/27,1,8,MCI,DEF,BOU,1,2026-08-23T13:00:00Z,56,1,1,0,0,0,1,0,0,0,0.17,0.02,0.55,2,-1,0,0,0,0,39.0,3.8,3.8,45,18491
477424,2026/27,1,8,MCI,DEF,BOU,1,2026-08-23T13:00:00Z,90,1,9,1,0,0,1,0,0,0,0.19,0.05,0.65,7,28,1,0,0,0,17.0,13.3,47.6,55,980214
483067,2026/27,1,8,BOU,DEF,MCI,0,2026-08-23T13:00:00Z,90,1,2,0,0,0,2,0,0,0,0.0,0.0,2.25,13,5,0,0,1,0,0.0,0.3,31.4,50,23702
489888,2026/27,1,8,BOU,MID,MCI,0,2026-08-23T13:00:00Z,0,0,0,0,0,0,0,0,0,0,0.0,0.0,0.0,0,0,0,0,0,0,0.0,0.0,0.0,50,3087
494307,2026/27,1,8,MCI,DEF,BOU,1,2026-08-23T13:00:00Z,0,0,0,0,0,0,0,0,0,0,0.0,0.0,0.0,0,0,0,0,0,0,0.0,0.0,0.0,50,1089
494521,2026/27,1,8,BOU,DEF,MCI,0,2026-08-23T13:00:00Z,90,1,1,0,0,0,2,0,0,0,0.0,0.0,2.25,7,0,0,0,0,0,0.0,1.3,15.4,55,392050
494928,2026/27,1,8,BOU,DEF,MCI,0,2026-08-23T13:00:00Z,0,0,0,0,0,0,0,0,0,0,0.0,0.0,0.0,0,0,0,0,0,0,0.0,0.0,0.0,45,18342
496208,2026/27,1,8,BOU,MID,MCI,0,2026-08-23T13:00:00Z,1,0,1,0,0,0,1,0,0,0,0.0,0.0,0.19,1,3,0,0,0,0,2.0,0.1,0.2,50,7889
499604,2026/27,1,8,BOU,MID,MCI,0,2026-08-23T13:00:00Z,88,1,2,0,0,0,1,0,0,0,0.04,0.03,2.06,1,9,0,0,0,0,17.0,11.3,6.2,65,242374
503139,2026/27,1,8,BOU,MID,MCI,0,2026-08-23T13:00:00Z,90,1,2,0,0,0,2,0,0,0,0.0,0.01,2.25,11,17,0,0,0,0,0.0,4.8,11.4,60,134668
510281,2026/27,1,8,TOT,MID,BOU,1,2026-08-23T13:00:00Z,0,0,0,0,0,0,0,0,0,0,0.0,0.0,0.0,0,0,0,0,0,0,0.0,0.0,0.0,65,23783
523700,2026/27,1,8,BOU,FWD,MCI,0,2026-08-23T13:00:00Z,15,0,1,0,0,0,2,0,0,0,0.1,0.0,0.31,1,6,0,0,0,0,17.0,0.8,3.4,50,0
560262,2026/27,1,8,BOU,MID,MCI,0,2026-08-23T13:00:00Z,0,0,0,0,0,0,0,0,0,0,0.0,0.0,0.0,0,0,0,0,0,0,0.0,0.0,0.0,75,42378
561245,2026/27,1,8,BOU,FWD,MCI,0,2026-08-23T13:00:00Z,0,0,0,0,0,0,0,0,0,0,0.0,0.0,0.0,0,0,0,0,0,0,0.0,0.0,0.0,60,9051
575204,2026/27,1,8,MCI,MID,BOU,1,2026-08-23T13:00:00Z,0,0,0,0,0,0,0,0,0,0,0.0,0.0,0.0,0,0,0,0,0,0,0.0,0.0,0.0,50,1572
575901,2026/27,1,8,BOU,DEF,MCI,0,2026-08-23T13:00:00Z,0,0,0,0,0,0,0,0,0,0,0.0,0.0,0.0,0,0,0,0,0,0,0.0,0.0,0.0,40,19739
578153,2026/27,1,8,MCI,DEF,BOU,1,2026-08-23T13:00:00Z,90,1,2,0,0,0,1,0,0,0,0.0,0.02,0.65,4,14,0,0,0,0,0.0,3.4,17.0,55,147622
590039,2026/27,1,8,MCI,MID,BOU,1,2026-08-23T13:00:00Z,0,0,0,0,0,0,0,0,0,0,0.0,0.0,0.0,0,0,0,0,0,0,0.0,0.0,0.0,45,16621
614574,2026/27,1,8,BOU,MID,MCI,0,2026-08-23T13:00:00Z,15,0,1,0,0,0,2,0,0,0,0.0,0.0,0.31,2,5,0,0,0,0,0.0,0.6,2.8,50,1238
616222,2026/27,1,8,MCI,DEF,BOU,1,2026-08-23T13:00:00Z,0,0,0,0,0,0,0,0,0,0,0.0,0.0,0.0,0,0,0,0,0,0,0.0,0.0,0.0,45,1856
620487,2026/27,1,8,BOU,DEF,MCI,0,2026-08-23T13:00:00Z,0,0,0,0,0,0,0,0,0,0,0.0,0.0,0.0,0,0,0,0,0,0,0.0,0.0,0.0,50,1122
649208,2026/27,1,8,MCI,MID,BOU,1,2026-08-23T13:00:00Z,0,0,0,0,0,0,0,0,0,0,0.0,0.0,0.0,0,0,0,0,0,0,0.0,0.0,0.0,50,1505
78916,2026/27,1,9,NEW,DEF,LIV,1,2026-08-23T15:30:00Z,0,0,0,0,0,0,0,0,0,0,0.0,0.0,0.0,0,0,0,0,0,0,0.0,0.0,0.0,50,213973
81441,2026/27,1,9,NEW,GKP,LIV,1,2026-08-23T15:30:00Z,0,0,0,0,0,0,0,0,0,0,0.0,0.0,0.0,0,0,0,0,0,0,0.0,0.0,0.0,45,2989
97032,2026/27,1,9,LIV,DEF,NEW,0,2026-08-23T15:30:00Z,90,1,2,0,0,0,2,0,0,0,0.25,0.01,1.58,11,8,0,0,1,0,24.0,1.6,25.6,65,1670280
98747,2026/27,1,9,NEW,GKP,LIV,1,2026-08-23T15:30:00Z,0,0,0,0,0,0,0,0,0,0,0.0,0.0,0.0,0,0,0,0,0,0,0.0,0.0,0.0,50,113822
114243,2026/27,1,9,NEW,MID,LIV,1,2026-08-23T15:30:00Z,14,0,0,0,0,0,1,0,0,0,0.0,0.0,1.04,2,-1,0,0,1,0,2.0,0.1,0.0,60,14816
116535,2026/27,1,9,LIV,GKP,NEW,0,2026-08-23T15:30:00Z,90,1,2,0,0,0,2,0,0,0,0.0,0.0,1.58,0,7,0,3,0,0,0.0,0.0,17.8,55,302846
119471,2026/27,1,9,NEW,DEF,LIV,1,2026-08-23T15:30:00Z,1,0,1,0,0,0,1,0,0,0,0.0,0.0,0.79,0,-1,0,0,0,0,0.0,0.0,0.0,50,20496
155503,2026/27,1,9,LIV,GKP,NEW,0,2026-08-23T15:30:00Z,0,0,0,0,0,0,0,0,0,0,0.0,0.0,0.0,0,0,0,0,0,0,0.0,0.0,0.0,40,97477
158983,2026/27,1,9,LIV,MID,NEW,0,2026-08-23T15:30:00Z,0,0,0,0,0,0,0,0,0,0,0.0,0.0,0.0,0,0,0,0,0,0,0.0,0.0,0.0,50,5090
171287,2026/27,1,9,LIV,DEF,NEW,0,2026-08-23T15:30:00Z,0,0,0,0,0,0,0,0,0,0,0.0,0.0,0.0,0,0,0,0,0,0,0.0,0.0,0.0,50,1714
180974,2026/27,1,9,NEW,MID,LIV,1,2026-08-23T15:30:00Z,0,0,0,0,0,0,0,0,0,0,0.0,0.0,0.0,0,0,0,0,0,0,0.0,0.0,0.0,55,3620
200089,2026/27,1,9,NEW,MID,LIV,1,2026-08-23T15:30:00Z,34,0,6,1,0,0,1,0,0,0,0.09,0.17,1.5,3,28,0,0,0,0,9.0,13.9,38.4,50,10181
201666,2026/27,1,9,NEW,MID,LIV,1,2026-08-23T15:30:00Z,90,1,2,0,0,0,2,0,0,0,0.07,0.02,2.98,8,12,0,0,0,0,9.0,2.4,5.2,60,95531
206915,2026/27,1,9,LIV,MID,NEW,0,2026-08-23T15:30:00Z,0,0,0,0,0,0,0,0,0,0,0.0,0.0,0.0,0,0,0,0,0,0,0.0,0.0,0.0,55,4822
214285,2026/27,1,9,LIV,DEF,NEW,0,2026-08-23T15:30:00Z,0,0,0,0,0,0,0,0,0,0,0.0,0.0,0.0,0,0,0,0,0,0,0.0,0.0,0.0,50,6683
216094,2026/27,1,9,LIV,DEF,NEW,0,2026-08-23T15:30:00Z,90,1,0,0,0,0,2,0,0,0,0.01,0.09,1.58,2,3,0,0,1,0,10.0,37.8,13.6,55,302241
216646,2026/27,1,9,NEW,FWD,LIV,1,2026-08-23T15:30:00Z,90,1,4,0,1,0,1,0,0,0,1.0,0.02,2.19,8,7,0,0,1,0,28.0,16.3,20.0,60,142989
219168,2026/27,1,9,LIV,FWD,NEW,0,2026-08-23T15:30:00Z,90,1,2,0,0,0,2,0,0,0,1.09,0.01,1.58,1,6,0,0,0,0,66.0,14.6,11.4,90,1493302
220237,2026/27,1,9,NEW,DEF,LIV,1,2026-08-23T15:30:00Z,90,1,3,0,0,0,2,0,0,0,0.0,0.01,2.98,10,4,0,0,0,0,0.0,0.3,32.4,50,34765
223541,2026/27,1,9,LIV,MID,NEW,0,2026-08-23T15:30:00Z,0,0,0,0,0,0,0,0,0,0,0.0,0.0,0.0,0,0,0,0,0,0,0.0,0.0,0.0,55,11756
232653,2026/27,1,9,NEW,MID,LIV,1,2026-08-23T15:30:00Z,34,0,0,0,0,0,1,0,0,0,0.06,0.01,1.5,6,1,0,0,1,0,4.0,1.3,7.8,50,34032
243016,2026/27,1,9,LIV,MID,NEW,0,2026-08-23T15:30:00Z,27,0,1,0,0,0,0,0,0,0,0.0,0.01,1.07,3,9,0,0,0,0,0.0,1.4,5.8,55,151941
243298,2026/27,1,9,LIV,MID,NEW,0,2026-08-23T15:30:00Z,90,1,12,1,0,0,2,0,0,0,0.3,0.15,1.58,12,33,3,0,0,0,37.0,34.0,44.0,70,310403
424876,2026/27,1,9,LIV,MID,NEW,0,2026-08-23T15:30:00Z,90,1,8,1,0,0,2,0,0,0,0.85,0.27,1.58,7,29,1,0,0,0,21.0,47.1,50.4,70,3733259
432987,2026/27,1,9,LIV,GKP,NEW,0,2026-08-23T15:30:00Z,0,0,0,0,0,0,0,0,0,0,0.0,0.0,0.0,0,0,0,0,0,0,0.0,0.0,0.0,40,1351
441191,2026/27,1,9,NEW,DEF,LIV,1,2026-08-23T15:30:00Z,0,0,0,0,0,0,0,0,0,0,0.0,0.0,0.0,0,0,0,0,0,0,0.0,0.0,0.0,50,4326
441266,2026/27,1,9,LIV,MID,NEW,0,2026-08-23T15:30:00Z,77,1,5,0,1,0,2,0,0,0,0.06,0.05,1.1,11,26,0,0,0,0,4.0,16.0,24.4,60,172067
444884,2026/27,1,9,LIV,MID,NEW,0,2026-08-23T15:30:00Z,0,0,0,0,0,0,0,0,0,0,0.0,0.0,0.0,0,0,0,0,0,0,0.0,0.0,0.0,55,6399
445087,2026/27,1,9,LIV,DEF,NEW,0,2026-08-23T15:30:00Z,20,0,1,0,0,0,0,0,0,0,0.0,0.03,0.54,4,3,0,0,0,0,0.0,1.2,13.2,55,211388
449027,2026/27,1,9,LIV,GKP,NEW,0,2026-08-23T15:30:00Z,0,0,0,0,0,0,0,0,0,0,0.0,0.0,0.0,0,0,0,0,0,0,0.0,0.0,0.0,50,13503
449434,2026/27,1,9,NEW,MID,LIV,1,2026-08-23T15:30:00Z,75,1,9,1,0,0,1,0,0,0,0.22,0.01,1.94,2,31,2,0,0,0,28.0,3.5,37.4,60,64591
463726,2026/27,1,9,NEW,DEF,LIV,1,2026-08-23T15:30:00Z,90,1,1,0,0,0,2,0,0,0,0.03,0.0,2.98,9,-1,0,0,0,0,5.0,1.2,16.4,45,20712
464353,2026/27,1,9,LIV,GKP,NEW,0,2026-08-23T15:30:00Z,0,0,0,0,0,0,0,0,0,0,0.0,0.0,0.0,0,0,0,0,0,0,0.0,0.0,0.0,40,11845
465642,2026/27,1,9,NEW,DEF,LIV,1,2026-08-23T15:30:00Z,90,1,3,0,0,0,2,0,0,0,0.0,0.0,2.98,15,0,0,0,0,0,0.0,0.2,37.8,50,146838
470313,2026/27,1,9,NEW,FWD,LIV,1,2026-08-23T15:30:00Z,0,0,0,0,0,0,0,0,0,0,0.0,0.0,0.0,0,0,0,0,0,0,0.0,0.0,0.0,60,151424
470551,2026/27,1,9,NEW,GKP,LIV,1,2026-08-23T15:30:00Z,90,1,1,0,0,0,2,0,0,0,0.0,0.0,2.98,0,12,0,5,1,0,0.0,0.0,41.2,50,55382
487838,2026/27,1,9,NEW,DEF,LIV,1,2026-08-23T15:30:00Z,90,1,3,0,0,0,2,0,0,0,0.0,0.35,2.98,11,8,0,0,0,0,0.0,15.2,22.0,50,310247
489580,2026/27,1,9,LIV,DEF,NEW,0,2026-08-23T15:30:00Z,0,0,0,0,0,0,0,0,0,0,0.0,0.0,0.0,0,0,0,0,0,0,0.0,0.0,0.0,40,19328
491501,2026/27,1,9,LIV,MID,NEW,0,2026-08-23T15:30:00Z,0,0,0,0,0,0,0,0,0,0,0.0,0.0,0.0,0,0,0,0,0,0,0.0,0.0,0.0,45,24189
492777,2026/27,1,9,LIV,DEF,NEW,0,2026-08-23T15:30:00Z,0,0,0,0,0,0,0,0,0,0,0.0,0.0,0.0,0,0,0,0,0,0,0.0,0.0,0.0,50,957
494595,2026/27,1,9,LIV,MID,NEW,0,2026-08-23T15:30:00Z,62,1,2,0,0,0,2,0,0,0,0.26,0.04,0.51,5,16,0,0,0,0,29.0,17.9,9.8,75,1122658
500058,2026/27,1,9,LIV,FWD,NEW,0,2026-08-23T15:30:00Z,0,0,0,0,0,0,0,0,0,0,0.0,0.0,0.0,0,0,0,0,0,0,0.0,0.0,0.0,45,3221
510663,2026/27,1,9,LIV,FWD,NEW,0,2026-08-23T15:30:00Z,0,0,0,0,0,0,0,0,0,0,0.0,0.0,0.0,0,0,0,0,0,0,0.0,0.0,0.0,75,14410
514514,2026/27,1,9,LIV,MID,NEW,0,2026-08-23T15:30:00Z,12,0,1,0,0,0,0,0,0,0,0.03,0.0,0.48,1,4,0,0,0,0,7.0,0.5,1.2,50,1626
519440,2026/27,1,9,LIV,DEF,NEW,0,2026-08-23T15:30:00Z,0,0,0,0,0,0,0,0,0,0,0.0,0.0,0.0,0,0,0,0,0,0,0.0,0.0,0.0,40,10838
535928,2026/27,1,9,LIV,MID,NEW,0,2026-08-23T15:30:00Z,0,0,0,0,0,0,0,0,0,0,0.0,0.0,0.0,0,0,0,0,0,0,0.0,0.0,0.0,50,157
538207,2026/27,1,9,NEW,FWD,LIV,1,2026-08-23T15:30:00Z,55,1,4,0,1,0,1,0,0,0,0.06,0.14,1.48,5,18,0,0,0,0,8.0,13.7,28.2,60,83021
544877,2026/27,1,9,LIV,DEF,NEW,0,2026-08-23T15:30:00Z,90,1,0,0,0,0,2,0,0,0,0.02,0.02,1.58,7,3,0,0,1,0,12.0,13.8,18.0,55,332539
545477,2026/27,1,9,NEW,DEF,LIV,1,2026-08-23T15:30:00Z,0,0,0,0,0,0,0,0,0,0,0.0,0.0,0.0,0,0,0,0,0,0,0.0,0.0,0.0,40,12873
547719,2026/27,1,9,NEW,MID,LIV,1,2026-08-23T15:30:00Z,75,1,3,0,0,0,1,0,0,0,0.05,0.01,1.94,13,13,0,0,1,0,3.0,21.4,15.6,55,4093
551499,2026/27,1,9,LIV,MID,NEW,0,2026-08-23T15:30:00Z,27,0,4,0,1,0,0,0,0,0,0.1,0.04,1.07,0,15,0,0,0,0,14.0,8.9,4.0,65,48042
553746,2026/27,1,9,NEW,DEF,LIV,1,2026-08-23T15:30:00Z,0,0,0,0,0,0,0,0,0,0,0.0,0.0,0.0,0,0,0,0,0,0,0.0,0.0,0.0,40,0
554578,2026/27,1,9,NEW,GKP,LIV,1,2026-08-23T15:30:00Z,0,0,0,0,0,0,0,0,0,0,0.0,0.0,0.0,0,0,0,0,0,0,0.0,0.0,0.0,45,2666
586268,2026/27,1,9,LIV,GKP,NEW,0,2026-08-23T15:30:00Z,0,0,0,0,0,0,0,0,0,0,0.0,0.0,0.0,0,0,0,0,0,0,0.0,0.0,0.0,40,2936
591386,2026/27,1,9,LIV,MID,NEW,0,2026-08-23T15:30:00Z,0,0,0,0,0,0,0,0,0,0,0.0,0.0,0.0,0,0,0,0,0,0,0.0,0.0,0.0,50,3729
599303,2026/27,1,9,NEW,FWD,LIV,1,2026-08-23T15:30:00Z,0,0,0,0,0,0,0,0,0,0,0.0,0.0,0.0,0,0,0,0,0,0,0.0,0.0,0.0,45,66588
606702,2026/27,1,9,LIV,DEF,NEW,0,2026-08-23T15:30:00Z,69,1,1,0,0,0,2,0,0,0,0.0,0.02,1.04,3,9,0,0,0,0,0.0,11.9,12.4,50,205604
611665,2026/27,1,9,NEW,MID,LIV,1,2026-08-23T15:30:00Z,0,0,0,0,0,0,0,0,0,0,0.0,0.0,0.0,0,0,0,0,0,0,0.0,0.0,0.0,60,22780
611922,2026/27,1,9,LIV,MID,NEW,0,2026-08-23T15:30:00Z,62,1,2,0,0,0,2,0,0,0,0.04,0.02,0.51,3,9,0,0,0,0,5.0,6.0,2.4,60,104767
632794,2026/27,1,9,NEW,MID,LIV,1,2026-08-23T15:30:00Z,14,0,1,0,0,0,1,0,0,0,0.0,0.0,1.04,2,5,0,0,0,0,0.0,0.0,4.0,50,12608
636852,2026/27,1,9,NEW,MID,LIV,1,2026-08-23T15:30:00Z,55,1,1,0,0,0,1,0,0,0,0.0,0.0,1.48,2,3,0,0,0,0,0.0,1.2,0.4,50,9830
647681,2026/27,1,9,LIV,DEF,NEW,0,2026-08-23T15:30:00Z,0,0,0,0,0,0,0,0,0,0,0.0,0.0,0.0,0,0,0,0,0,0,0.0,0.0,0.0,40,4082
50175,2026/27,1,10,CHE,FWD,FUL,0,2026-08-24T19:00:00Z,0,0,0,0,0,0,0,0,0,0,0.0,0.0,0.0,0,0,0,0,0,0,0.0,0.0,0.0,60,112037
56979,2026/27,1,10,CHE,MID,FUL,0,2026-08-24T19:00:00Z,0,0,0,0,0,0,0,0,0,0,0.0,0.0,0.0,0,0,0,0,0,0,0.0,0.0,0.0,50,3629
76357,2026/27,1,10,FUL,MID,CHE,1,2026-08-24T19:00:00Z,0,0,0,0,0,0,0,0,0,0,0.0,0.0,0.0,0,0,0,0,0,0,0.0,0.0,0.0,50,464
80201,2026/27,1,10,FUL,GKP,CHE,1,2026-08-24T19:00:00Z,90,1,2,0,0,0,3,0,0,0,0.0,0.0,2.24,0,11,0,3,0,0,0.0,0.0,29.6,45,272035
86873,2026/27,1,10,FUL,GKP,CHE,1,2026-08-24T19:00:00Z,0,0,0,0,0,0,0,0,0,0,0.0,0.0,0.0,0,0,0,0,0,0,0.0,0.0,0.0,40,107540
109646,2026/27,1,10,TOT,DEF,FUL,0,2026-08-24T19:00:00Z,0,0,0,0,0,0,0,0,0,0,0.0,0.0,0.0,0,0,0,0,0,0,0.0,0.0,0.0,45,18070
153133,2026/27,1,10,FUL,MID,CHE,1,2026-08-24T19:00:00Z,90,1,2,0,0,0,3,0,0,0,0.0,0.04,2.24,10,17,0,0,0,0,0.0,11.3,12.4,55,88413
153366,2026/27,1,10,FUL,MID,CHE,1,2026-08-24T19:00:00Z,0,0,0,0,0,0,0,0,0,0,0.0,0.0,0.0,0,0,0,0,0,0,0.0,0.0,0.0,45,139875
166477,2026/27,1,10,FUL,DEF,CHE,1,2026-08-24T19:00:00Z,90,1,6,0,2,0,3,0,0,0,0.09,0.18,2.24,6,21,0,0,1,0,23.0,27.8,38.0,45,26346
167074,2026/27,1,10,FUL,DEF,CHE,1,2026-08-24T19:00:00Z,0,0,0,0,0,0,0,0,0,0,0.0,0.0,0.0,0,0,0,0,0,0,0.0,0.0,0.0,45,24681
169528,2026/27,1,10,FUL,DEF,CHE,1,2026-08-24T19:00:00Z,81,1,1,0,0,0,3,0,0,0,0.13,0.04,2.21,7,4,0,0,0,0,3.0,25.2,21.6,45,148513
174874,2026/27,1,10,FUL,DEF,CHE,1,2026-08-24T19:00:00Z,0,0,0,0,0,0,0,0,0,0,0.0,0.0,0.0,0,0,0,0,0,0,0.0,0.0,0.0,50,3342
180736,2026/27,1,10,CHE,DEF,FUL,0,2026-08-24T19:00:00Z,0,0,0,0,0,0,0,0,0,0,0.0,0.0,0.0,0,0,0,0,0,0,0.0,0.0,0.0,55,21121
184349,2026/27,1,10,FUL,DEF,CHE,1,2026-08-24T19:00:00Z,17,0,1,0,0,0,0,0,0,0,0.03,0.0,0.03,1,7,0,0,0,0,19.0,0.5,6.6,45,39784
207189,2026/27,1,10,FUL,MID,CHE,1,2026-08-24T19:00:00Z,72,1,2,0,0,0,3,0,0,0,0.03,0.03,2.21,4,14,0,0,0,0,7.0,23.1,13.6,50,38470
209289,2026/27,1,10,FUL,MID,CHE,1,2026-08-24T19:00:00Z,0,0,0,0,0,0,0,0,0,0,0.0,0.0,0.0,0,0,0,0,0,0,0.0,0.0,0.0,55,35036
215059,2026/27,1,10,CHE,GKP,FUL,0,2026-08-24T19:00:00Z,90,1,2,0,0,0,2,0,0,0,0.0,0.01,1.33,0,6,0,4,0,0,0.0,0.0,21.4,50,207899
220362,2026/27,1,10,CRY,DEF,FUL,0,2026-08-24T19:00:00Z,0,0,0,0,0,0,0,0,0,0,0.0,0.0,0.0,0,0,0,0,0,0,0.0,0.0,0.0,45,5243
225796,2026/27,1,10,CHE,DEF,FUL,0,2026-08-24T19:00:00Z,90,1,0,0,0,0,2,0,0,0,0.1,0.07,1.33,6,5,0,0,1,0,19.0,16.8,23.4,55,879361
232892,2026/27,1,10,FUL,DEF,CHE,1,2026-08-24T19:00:00Z,90,1,0,0,0,0,3,0,0,0,0.02,0.02,2.24,4,1,0,0,1,0,2.0,3.8,13.8,45,64737
242880,2026/27,1,10,CHE,DEF,FUL,0,2026-08-24T19:00:00Z,0,0,0,0,0,0,0,0,0,0,0.0,0.0,0.0,0,0,0,0,0,0,0.0,0.0,0.0,45,2313
244042,2026/27,1,10,FUL,FWD,CHE,1,2026-08-24T19:00:00Z,8,0,1,0,0,0,0,0,0,0,0.02,0.0,0.03,1,6,0,0,0,0,7.0,11.5,6.0,55,52452
244850,2026/27,1,10,CHE,MID,FUL,0,2026-08-24T19:00:00Z,81,1,8,1,0,0,2,0,0,0,0.96,0.1,1.24,7,37,1,0,0,0,29.0,53.5,48.8,75,2178086
244851,2026/27,1,10,CHE,MID,FUL,0,2026-08-24T19:00:00Z,82,1,13,1,1,0,2,0,0,0,0.28,0.19,1.24,9,60,3,0,0,0,54.0,41.3,65.2,95,919516
246301,2026/27,1,10,FUL,DEF,CHE,1,2026-08-24T19:00:00Z,90,1,3,0,0,0,3,0,0,0,0.0,0.03,2.24,10,7,0,0,0,0,0.0,21.3,32.8,45,1787
247632,2026/27,1,10,CHE,MID,FUL,0,2026-08-24T19:00:00Z,14,0,1,0,0,0,0,0,0,0,0.03,0.07,0.22,4,9,0,0,0,0,4.0,4.1,5.2,65,116795
437499,2026/27,1,10,CHE,DEF,FUL,0,2026-08-24T19:00:00Z,90,1,6,0,1,0,2,0,0,0,0.0,0.2,1.33,12,25,0,0,0,0,2.0,11.2,44.2,60,792478
444463,2026/27,1,10,CHE,DEF,FUL,0,2026-08-24T19:00:00Z,0,0,0,0,0,0,0,0,0,0,0.0,0.0,0.0,0,0,0,0,0,0,0.0,0.0,0.0,50,1057
448047,2026/27,1,10,MCI,MID,FUL,0,2026-08-24T19:00:00Z,25,0,1,0,0,0,0,0,0,0,0.0,0.02,0.28,3,6,0,0,0,0,0.0,12.0,3.4,70,442051
460028,2026/27,1,10,CHE,DEF,FUL,0,2026-08-24T19:00:00Z,90,1,0,0,0,0,2,0,0,0,0.01,0.03,1.33,4,6,0,0,1,0,7.0,1.6,6.0,50,142918
463034,2026/27,1,10,NFO,FWD,FUL,0,2026-08-24T19:00:00Z,0,0,0,0,0,0,0,0,0,0,0.0,0.0,0.0,0,0,0,0,0,0,0.0,0.0,0.0,55,40156
463210,2026/27,1,10,FUL,MID,CHE,1,2026-08-24T19:00:00Z,23,0,1,0,0,0,0,0,0,0,0.0,0.0,0.03,3,5,0,0,0,0,0.0,1.3,3.4,50,8110
463936,2026/27,1,10,CHE,MID,FUL,0,2026-08-24T19:00:00Z,0,0,0,0,0,0,0,0,0,0,0.0,0.0,0.0,0,0,0,0,0,0,0.0,0.0,0.0,60,3231
465920,2026/27,1,10,TOT,MID,FUL,0,2026-08-24T19:00:00Z,0,0,0,0,0,0,0,0,0,0,0.0,0.0,0.0,0,0,0,0,0,0,0.0,0.0,0.0,55,3847
475168,2026/27,1,10,CHE,FWD,FUL,0,2026-08-24T19:00:00Z,90,1,11,1,1,0,2,0,0,0,0.63,0.06,1.33,3,45,2,0,0,0,37.0,23.0,51.2,75,5764207
477555,2026/27,1,10,FUL,MID,CHE,1,2026-08-24T19:00:00Z,66,1,2,0,0,0,3,0,0,0,0.0,0.26,2.21,6,10,0,0,0,0,6.0,13.8,9.8,55,26829
482609,2026/27,1,10,CHE,DEF,FUL,0,2026-08-24T19:00:00Z,75,1,1,0,0,0,2,0,0,0,0.0,0.03,1.11,3,2,0,0,0,0,6.0,9.8,7.2,50,98423
486672,2026/27,1,10,CHE,MID,FUL,0,2026-08-24T19:00:00Z,0,0,0,0,0,0,0,0,0,0,0.0,0.0,0.0,0,0,0,0,0,0,0.0,0.0,0.0,55,347122
491007,2026/27,1,10,CHE,MID,FUL,0,2026-08-24T19:00:00Z,0,0,0,0,0,0,0,0,0,0,0.0,0.0,0.0,0,0,0,0,0,0,0.0,0.0,0.0,45,18298
498444,2026/27,1,10,CHE,DEF,FUL,0,2026-08-24T19:00:00Z,25,0,1,0,0,0,0,0,0,0,0.0,0.0,0.28,1,3,0,0,0,0,2.0,0.2,2.4,50,17073
499309,2026/27,1,10,CHE,FWD,FUL,0,2026-08-24T19:00:00Z,0,0,0,0,0,0,0,0,0,0,0.0,0.0,0.0,0,0,0,0,0,0,0.0,0.0,0.0,50,42801
503037,2026/27,1,10,CHE,FWD,FUL,0,2026-08-24T19:00:00Z,0,0,0,0,0,0,0,0,0,0,0.0,0.0,0.0,0,0,0,0,0,0,0.0,0.0,0.0,50,11724
505079,2026/27,1,10,FUL,GKP,CHE,1,2026-08-24T19:00:00Z,0,0,0,0,0,0,0,0,0,0,0.0,0.0,0.0,0,0,0,0,0,0,0.0,0.0,0.0,40,13569
508479,2026/27,1,10,CHE,GKP,FUL,0,2026-08-24T19:00:00Z,0,0,0,0,0,0,0,0,0,0,0.0,0.0,0.0,0,0,0,0,0,0,0.0,0.0,0.0,50,1796
514356,2026/27,1,10,CHE,MID,FUL,0,2026-08-24T19:00:00Z,64,1,1,0,0,0,2,0,0,0,0.21,0.03,1.05,9,8,0,0,1,0,33.0,21.9,13.6,50,4654
517052,2026/27,1,10,AVL,FWD,FUL,0,2026-08-24T19:00:00Z,0,0,0,0,0,0,0,0,0,0,0.0,0.0,0.0,0,0,0,0,0,0,0.0,0.0,0.0,65,29435
543158,2026/27,1,10,CHE,MID,FUL,0,2026-08-24T19:00:00Z,0,0,0,0,0,0,0,0,0,0,0.0,0.0,0.0,0,0,0,0,0,0,0.0,0.0,0.0,55,12041
547686,2026/27,1,10,FUL,DEF,CHE,1,2026-08-24T19:00:00Z,0,0,0,0,0,0,0,0,0,0,0.0,0.0,0.0,0,0,0,0,0,0,0.0,0.0,0.0,40,0
549939,2026/27,1,10,CHE,GKP,FUL,0,2026-08-24T19:00:00Z,0,0,0,0,0,0,0,0,0,0,0.0,0.0,0.0,0,0,0,0,0,0,0.0,0.0,0.0,45,6087
551210,2026/27,1,10,CHE,DEF,FUL,0,2026-08-24T19:00:00Z,64,1,1,0,0,0,2,0,0,0,0.01,0.03,1.05,3,5,0,0,0,0,11.0,12.3,8.4,45,40724
551466,2026/27,1,10,FUL,FWD,CHE,1,2026-08-24T19:00:00Z,90,1,6,1,0,0,3,0,0,0,0.73,0.01,2.24,2,33,0,0,0,0,40.0,4.3,37.2,60,180799
560552,2026/27,1,10,FUL,MID,CHE,1,2026-08-24T19:00:00Z,17,0,1,0,0,0,0,0,0,0,0.0,0.01,0.03,3,2,0,0,0,0,0.0,1.9,5.2,55,5144
567119,2026/27,1,10,CHE,FWD,FUL,0,2026-08-24T19:00:00Z,0,0,0,0,0,0,0,0,0,0,0.0,0.0,0.0,0,0,0,0,0,0,0.0,0.0,0.0,45,30422
571779,2026/27,1,10,FUL,MID,CHE,1,2026-08-24T19:00:00Z,72,1,2,0,0,0,3,0,0,0,0.16,0.01,2.21,4,10,0,0,0,0,8.0,7.3,2.8,55,18267
574458,2026/27,1,10,CHE,DEF,FUL,0,2026-08-24T19:00:00Z,0,0,0,0,0,0,0,0,0,0,0.0,0.0,0.0,0,0,0,0,0,0,0.0,0.0,0.0,45,6689
577016,2026/27,1,10,CHE,DEF,FUL,0,2026-08-24T19:00:00Z,90,1,3,0,0,0,2,0,0,0,0.0,0.01,1.33,15,13,0,0,0,0,2.0,2.2,33.2,45,24066
577725,2026/27,1,10,FUL,MID,CHE,1,2026-08-24T19:00:00Z,90,1,7,1,0,0,3,0,0,0,0.17,0.04,2.24,8,34,0,0,0,0,41.0,15.6,41.6,55,14215
593117,2026/27,1,10,CHE,MID,FUL,0,2026-08-24T19:00:00Z,8,0,1,0,0,0,0,0,0,0,0.0,0.0,0.09,1,2,0,0,0,0,2.0,0.3,1.2,55,3758
620109,2026/27,1,10,CHE,DEF,FUL,0,2026-08-24T19:00:00Z,0,0,0,0,0,0,0,0,0,0,0.0,0.0,0.0,0,0,0,0,0,0,0.0,0.0,0.0,55,263643
622758,2026/27,1,10,CHE,DEF,FUL,0,2026-08-24T19:00:00Z,0,0,0,0,0,0,0,0,0,0,0.0,0.0,0.0,0,0,0,0,0,0,0.0,0.0,0.0,45,1770
624773,2026/27,1,10,CHE,MID,FUL,0,2026-08-24T19:00:00Z,7,0,1,0,0,0,0,0,0,0,0.0,0.0,0.09,1,3,0,0,0,0,0.0,0.4,0.2,65,109575
631786,2026/27,1,10,FUL,FWD,CHE,1,2026-08-24T19:00:00Z,0,0,0,0,0,0,0,0,0,0,0.0,0.0,0.0,0,0,0,0,0,0,0.0,0.0,0.0,45,669004
91651,2026/27,2,11,MCI,MID,CRY,0,2026-08-28T19:00:00Z,15,0,1,0,0,0,0,0,0,0,0.0,0.01,0.0,0,9,0,0,0,0,0.0,3.1,2.0,55,8589
106921,2026/27,2,11,MCI,GKP,CRY,0,2026-08-28T19:00:00Z,0,0,0,0,0,0,0,0,0,0,0.0,0.0,0.0,0,0,0,0,0,0,0.0,0.0,0.0,50,2020
108413,2026/27,2,11,CRY,MID,MCI,1,2026-08-28T19:00:00Z,0,0,0,0,0,0,0,0,0,0,0.0,0.0,0.0,0,0,0,0,0,0,0.0,0.0,0.0,45,1064673
114283,2026/27,2,11,EVE,MID,CRY,0,2026-08-28T19:00:00Z,0,0,0,0,0,0,0,0,0,0,0.0,0.0,0.0,0,0,0,0,0,0,0.0,0.0,0.0,65,21085
121709,2026/27,2,11,CRY,GKP,MCI,1,2026-08-28T19:00:00Z,0,0,0,0,0,0,0,0,0,0,0.0,0.0,0.0,0,0,0,0,0,0,0.0,0.0,0.0,45,11403
122074,2026/27,2,11,MCI,GKP,CRY,0,2026-08-28T19:00:00Z,0,0,0,0,0,0,0,0,0,0,0.0,0.0,0.0,0,0,0,0,0,0,0.0,0.0,0.0,45,2853
152551,2026/27,2,11,CRY,MID,MCI,1,2026-08-28T19:00:00Z,0,0,0,0,0,0,0,0,0,0,0.0,0.0,0.0,0,0,0,0,0,0,0.0,0.0,0.0,50,10302
155405,2026/27,2,11,MCI,MID,CRY,0,2026-08-28T19:00:00Z,0,0,0,0,0,0,0,0,0,0,0.0,0.0,0.0,0,0,0,0,0,0,0.0,0.0,0.0,50,762
169593,2026/27,2,11,CRY,GKP,MCI,1,2026-08-28T19:00:00Z,0,0,0,0,0,0,0,0,0,0,0.0,0.0,0.0,0,0,0,0,0,0,0.0,0.0,0.0,40,183203
171314,2026/27,2,11,MCI,DEF,CRY,0,2026-08-28T19:00:00Z,90,1,2,0,0,0,1,0,0,0,0.09,0.57,0.66,6,19,0,0,0,0,35.0,22.3,27.0,55,176387
172649,2026/27,2,11,CRY,GKP,MCI,1,2026-08-28T19:00:00Z,90,1,1,0,0,0,4,0,0,0,0.0,0.0,2.21,0,4,0,4,0,0,0.0,0.0,30.2,50,182716
204936,2026/27,2,11,MCI,GKP,CRY,0,2026-08-28T19:00:00Z,90,1,0,0,0,0,1,1,0,0,0.0,0.0,0.66,0,5,0,1,0,0,0.0,0.0,6.8,55,828113
205533,2026/27,2,11,CRY,FWD,MCI,1,2026-08-28T19:00:00Z,67,1,2,0,0,0,3,0,0,0,0.36,0.0,2.01,6,8,0,0,0,0,8.0,10.6,2.6,55,47953
209036,2026/27,2,11,MCI,DEF,CRY,0,2026-08-28T19:00:00Z,90,1,2,0,0,0,1,0,0,0,0.0,0.04,0.66,5,12,0,0,0,0,0.0,15.8,24.2,60,1952448
209244,2026/27,2,11,MCI,MID,CRY,0,2026-08-28T19:00:00Z,90,1,9,0,2,0,1,0,0,0,0.87,0.45,0.66,7,38,1,0,0,0,17.0,45.8,42.8,70,400716
209400,2026/27,2,11,CRY,MID,MCI,1,2026-08-28T19:00:00Z,90,1,2,0,0,0,4,0,0,0,0.05,0.02,2.21,9,21,0,0,0,0,7.0,2.8,17.6,50,27191
215379,2026/27,2,11,MCI,MID,CRY,0,2026-08-28T19:00:00Z,81,1,3,0,0,0,1,0,0,0,0.07,0.22,0.66,14,25,0,0,1,0,13.0,20.2,25.0,64,597491
218364,2026/27,2,11,CRY,DEF,MCI,1,2026-08-28T19:00:00Z,0,0,0,0,0,0,0,0,0,0,0.0,0.0,0.0,0,0,0,0,0,0,0.0,0.0,0.0,45,3040
220362,2026/27,2,11,CRY,DEF,MCI,1,2026-08-28T19:00:00Z,16,0,1,0,0,0,1,0,0,0,0.0,0.0,0.2,1,-2,0,0,0,0,0.0,0.0,1.2,45,6037
220566,2026/27,2,11,MCI,MID,CRY,0,2026-08-28T19:00:00Z,0,0,0,0,0,0,0,0,0,0,0.0,0.0,0.0,0,0,0,0,0,0,0.0,0.0,0.0,65,1526
223094,2026/27,2,11,MCI,FWD,CRY,0,2026-08-28T19:00:00Z,90,1,13,2,0,0,1,0,0,0,0.66,0.0,0.66,5,60,3,0,0,0,51.0,0.1,69.0,155,6731685
223723,2026/27,2,11,CRY,DEF,MCI,1,2026-08-28T19:00:00Z,73,1,1,0,0,0,3,0,0,0,0.0,0.0,2.01,8,-3,0,0,0,0,2.0,1.3,12.6,45,34647
231747,2026/27,2,11,CRY,FWD,MCI,1,2026-08-28T19:00:00Z,0,0,0,0,0,0,0,0,0,0,0.0,0.0,0.0,0,0,0,0,0,0,0.0,0.0,0.0,65,510630
232185,2026/27,2,11,CRY,MID,MCI,1,2026-08-28T19:00:00Z,0,0,0,0,0,0,0,0,0,0,0.0,0.0,0.0,0,0,0,0,0,0,0.0,0.0,0.0,64,227391
242313,2026/27,2,11,CRY,DEF,MCI,1,2026-08-28T19:00:00Z,15,0,1,0,0,0,1,0,0,0,0.0,0.0,0.2,1,1,0,0,0,0,0.0,0.1,2.2,45,7384
244723,2026/27,2,11,CRY,DEF,MCI,1,2026-08-28T19:00:00Z,90,1,0,0,0,0,4,0,0,0,0.11,0.16,2.21,5,-8,0,0,0,0,7.0,21.6,11.6,45,548942
247348,2026/27,2,11,NFO,DEF,MCI,1,2026-08-28T19:00:00Z,0,0,0,0,0,0,0,0,0,0,0.0,0.0,0.0,0,0,0,0,0,0,0.0,0.0,0.0,55,815530
247412,2026/27,2,11,CRY,FWD,MCI,1,2026-08-28T19:00:00Z,62,1,2,0,0,0,3,0,0,0,0.05,0.0,2.01,4,13,0,0,0,0,4.0,0.3,5.2,60,50504
248875,2026/27,2,11,MCI,MID,CRY,0,2026-08-28T19:00:00Z,0,0,0,0,0,0,0,0,0,0,0.0,0.0,0.0,0,0,0,0,0,0,0.0,0.0,0.0,75,122950
427623,2026/27,2,11,CRY,DEF,MCI,1,2026-08-28T19:00:00Z,90,1,0,0,0,0,4,0,0,0,0.04,0.0,2.21,6,-4,0,0,0,0,17.0,0.1,15.0,50,71981
433036,2026/27,2,11,MCI,MID,CRY,0,2026-08-28T19:00:00Z,0,0,0,0,0,0,0,0,0,0,0.0,0.0,0.0,0,0,0,0,0,0,0.0,0.0,0.0,60,5966
433154,2026/27,2,11,CRY,MID,MCI,1,2026-08-28T19:00:00Z,22,0,1,0,0,0,1,0,0,0,0.0,0.0,0.2,2,2,0,0,0,0,0.0,0.3,0.4,55,16698
437730,2026/27,2,11,MCI,MID,CRY,0,2026-08-28T19:00:00Z,90,1,5,0,1,0,1,0,0,0,0.06,0.57,0.66,3,33,0,0,0,0,40.0,43.0,29.2,85,2377196
438464,2026/27,2,11,CRY,MID,MCI,1,2026-08-28T19:00:00Z,0,0,0,0,0,0,0,0,0,0,0.0,0.0,0.0,0,0,0,0,0,0,0.0,0.0,0.0,50,6115
448514,2026/27,2,11,MCI,DEF,CRY,0,2026-08-28T19:00:00Z,0,0,0,0,0,0,0,0,0,0,0.0,0.0,0.0,0,0,0,0,0,0,0.0,0.0,0.0,55,77633
450542,2026/27,2,11,CRY,MID,MCI,1,2026-08-28T19:00:00Z,0,0,0,0,0,0,0,0,0,0,0.0,0.0,0.0,0,0,0,0,0,0,0.0,0.0,0.0,50,578
465351,2026/27,2,11,MCI,DEF,CRY,0,2026-08-28T19:00:00Z,0,0,0,0,0,0,0,0,0,0,0.0,0.0,0.0,0,0,0,0,0,0,0.0,0.0,0.0,60,142089
466052,2026/27,2,11,MCI,MID,CRY,0,2026-08-28T19:00:00Z,81,1,14,2,0,0,1,0,0,0,0.35,0.55,0.66,3,60,3,0,1,0,49.0,47.8,74.8,75,1073154
472769,2026/27,2,11,MCI,DEF,CRY,0,2026-08-28T19:00:00Z,88,1,2,0,0,0,1,0,0,0,0.02,0.02,0.66,1,11,0,0,0,0,5.0,7.8,3.6,65,2068744
477064,2026/27,2,11,MCI,DEF,CRY,0,2026-08-28T19:00:00Z,0,0,0,0,0,0,0,0,0,0,0.0,0.0,0.0,0,0,0,0,0,0,0.0,0.0,0.0,45,25045
477424,2026/27,2,11,MCI,DEF,CRY,0,2026-08-28T19:00:00Z,74,1,5,0,1,0,1,0,0,0,0.0,0.04,0.66,2,18,0,0,0,0,2.0,30.8,27.6,55,1383738
485337,2026/27,2,11,CRY,MID,MCI,1,2026-08-28T19:00:00Z,27,0,1,0,0,0,1,0,0,0,0.0,0.01,0.2,1,3,0,0,0,0,0.0,0.3,2.2,55,4594
488024,2026/27,2,11,CRY,MID,MCI,1,2026-08-28T19:00:00Z,67,1,5,0,1,0,3,0,0,0,0.05,0.07,2.01,10,27,0,0,0,0,9.0,34.2,10.8,55,18326
489706,2026/27,2,11,CRY,MID,MCI,1,2026-08-28T19:00:00Z,0,0,0,0,0,0,0,0,0,0,0.0,0.0,0.0,0,0,0,0,0,0,0.0,0.0,0.0,50,1141
494307,2026/27,2,11,MCI,DEF,CRY,0,2026-08-28T19:00:00Z,0,0,0,0,0,0,0,0,0,0,0.0,0.0,0.0,0,0,0,0,0,0,0.0,0.0,0.0,50,720
496221,2026/27,2,11,CRY,MID,MCI,1,2026-08-28T19:00:00Z,90,1,2,0,0,0,4,0,0,0,0.0,0.07,2.21,7,21,0,0,0,0,0.0,24.7,16.2,55,88998
515621,2026/27,2,11,CRY,DEF,MCI,1,2026-08-28T19:00:00Z,0,0,0,0,0,0,0,0,0,0,0.0,0.0,0.0,0,0,0,0,0,0,0.0,0.0,0.0,45,4410
536694,2026/27,2,11,CRY,MID,MCI,1,2026-08-28T19:00:00Z,0,0,0,0,0,0,0,0,0,0,0.0,0.0,0.0,0,0,0,0,0,0,0.0,0.0,0.0,50,2546
554054,2026/27,2,11,MCI,DEF,CRY,0,2026-08-28T19:00:00Z,1,0,1,0,0,0,0,0,0,0,0.0,0.0,0.0,0,3,0,0,0,0,0.0,0.8,0.6,40,0
559152,2026/27,2,11,CRY,MID,MCI,1,2026-08-28T19:00:00Z,22,0,1,0,0,0,1,0,0,0,0.0,0.0,0.2,1,3,0,0,0,0,0.0,1.3,1.4,50,1414
570794,2026/27,2,11,CRY,DEF,MCI,1,2026-08-28T19:00:00Z,74,1,2,0,0,0,3,0,0,0,0.02,0.0,2.01,14,9,0,0,1,0,3.0,1.5,26.4,50,10199
575204,2026/27,2,11,MCI,MID,CRY,0,2026-08-28T19:00:00Z,0,0,0,0,0,0,0,0,0,0,0.0,0.0,0.0,0,0,0,0,0,0,0.0,0.0,0.0,50,1653
578153,2026/27,2,11,MCI,DEF,CRY,0,2026-08-28T19:00:00Z,88,1,2,0,0,0,1,0,0,0,0.0,0.02,0.66,7,17,0,0,0,0,4.0,5.3,21.0,55,170855
590014,2026/27,2,11,CRY,DEF,MCI,1,2026-08-28T19:00:00Z,0,0,0,0,0,0,0,0,0,0,0.0,0.0,0.0,0,0,0,0,0,0,0.0,0.0,0.0,45,187
590039,2026/27,2,11,MCI,MID,CRY,0,2026-08-28T19:00:00Z,0,0,0,0,0,0,0,0,0,0,0.0,0.0,0.0,0,0,0,0,0,0,0.0,0.0,0.0,45,17482
606921,2026/27,2,11,CRY,MID,MCI,1,2026-08-28T19:00:00Z,0,0,0,0,0,0,0,0,0,0,0.0,0.0,0.0,0,0,0,0,0,0,0.0,0.0,0.0,50,3956
616222,2026/27,2,11,MCI,DEF,CRY,0,2026-08-28T19:00:00Z,1,0,1,0,0,0,0,0,0,0,0.0,0.0,0.0,0,3,0,0,0,0,0.0,0.9,1.2,45,2034
616288,2026/27,2,11,MCI,MID,CRY,0,2026-08-28T19:00:00Z,8,0,1,0,0,0,0,0,0,0,0.1,0.0,0.0,0,3,0,0,0,0,1.0,0.5,0.0,45,0
637238,2026/27,2,11,MCI,MID,CRY,0,2026-08-28T19:00:00Z,8,0,1,0,0,0,0,0,0,0,0.0,0.12,0.0,1,3,0,0,0,0,0.0,4.3,1.8,55,4327
649208,2026/27,2,11,MCI,MID,CRY,0,2026-08-28T19:00:00Z,0,0,0,0,0,0,0,0,0,0,0.0,0.0,0.0,0,0,0,0,0,0,0.0,0.0,0.0,50,1523
651426,2026/27,2,11,CRY,DEF,MCI,1,2026-08-28T19:00:00Z,90,1,0,0,0,0,4,0,0,0,0.0,0.0,2.21,7,-1,0,0,0,0,0.0,0.5,22.8,50,29914
660392,2026/27,2,11,CRY,FWD,MCI,1,2026-08-28T19:00:00Z,0,0,0,0,0,0,0,0,0,0,0.0,0.0,0.0,0,0,0,0,0,0,0.0,0.0,0.0,50,0
672492,2026/27,2,11,CRY,MID,MCI,1,2026-08-28T19:00:00Z,0,0,0,0,0,0,0,0,0,0,0.0,0.0,0.0,0,0,0,0,0,0,0.0,0.0,0.0,45,8204
17761,2026/27,2,12,EVE,DEF,BOU,0,2026-08-29T14:00:00Z,90,1,12,1,0,0,1,0,0,0,0.1,0.01,2.16,10,27,2,0,0,0,19.0,11.3,54.8,60,861719
40383,2026/27,2,12,BOU,GKP,EVE,1,2026-08-29T14:00:00Z,0,0,0,0,0,0,0,0,0,0,0.0,0.0,0.0,0,0,0,0,0,0,0.0,0.0,0.0,40,317899
54469,2026/27,2,12,BOU,DEF,EVE,1,2026-08-29T14:00:00Z,90,1,1,0,0,0,1,0,0,0,0.0,0.02,1.84,6,5,0,0,1,0,0.0,15.7,15.6,45,13789
106611,2026/27,2,12,EVE,DEF,BOU,0,2026-08-29T14:00:00Z,0,0,0,0,0,0,0,0,0,0,0.0,0.0,0.0,0,0,0,0,0,0,0.0,0.0,0.0,50,136213
111234,2026/27,2,12,EVE,GKP,BOU,0,2026-08-29T14:00:00Z,90,1,3,0,0,0,1,0,0,0,0.0,0.0,2.16,0,22,0,4,0,0,0.0,0.0,31.6,55,878157
111317,2026/27,2,12,BOU,MID,EVE,1,2026-08-29T14:00:00Z,9,0,1,0,0,0,1,0,0,0,0.0,0.01,0.16,0,3,0,0,0,0,0.0,1.6,0.0,50,5133
128295,2026/27,2,12,EVE,MID,BOU,0,2026-08-29T14:00:00Z,0,0,0,0,0,0,0,0,0,0,0.0,0.0,0.0,0,0,0,0,0,0,0.0,0.0,0.0,50,8315
138001,2026/27,2,12,EVE,GKP,BOU,0,2026-08-29T14:00:00Z,0,0,0,0,0,0,0,0,0,0,0.0,0.0,0.0,0,0,0,0,0,0,0.0,0.0,0.0,45,4235
155408,2026/27,2,12,BOU,MID,EVE,1,2026-08-29T14:00:00Z,68,1,3,0,0,1,0,0,0,0,0.0,0.01,1.67,2,13,0,0,0,0,0.0,12.8,3.8,50,18237
158499,2026/27,2,12,BOU,MID,EVE,1,2026-08-29T14:00:00Z,3,0,1,0,0,0,1,0,0,0,0.0,0.0,0.13,2,5,0,0,0,0,0.0,0.3,2.8,50,1962
168636,2026/27,2,12,BOU,FWD,EVE,1,2026-08-29T14:00:00Z,0,0,0,0,0,0,0,0,0,0,0.0,0.0,0.0,0,0,0,0,0,0,0.0,0.0,0.0,55,2487
200785,2026/27,2,12,BOU,MID,EVE,1,2026-08-29T14:00:00Z,21,0,1,0,0,0,1,0,0,0,0.0,0.0,0.16,3,4,0,0,0,0,0.0,1.3,1.6,50,22708
201658,2026/27,2,12,BOU,MID,EVE,1,2026-08-29T14:00:00Z,90,1,1,0,0,0,1,0,0,0,0.09,0.21,1.84,11,20,0,0,1,0,11.0,38.3,15.0,60,254437
215413,2026/27,2,12,EVE,MID,BOU,0,2026-08-29T14:00:00Z,90,1,2,0,0,0,1,0,0,0,0.06,0.16,2.16,10,24,0,0,0,0,9.0,52.3,19.4,65,473030
222683,2026/27,2,12,BOU,MID,EVE,1,2026-08-29T14:00:00Z,80,1,3,0,0,1,0,0,0,0,0.61,0.05,1.67,5,12,0,0,0,0,57.0,26.9,11.2,60,123176
224967,2026/27,2,12,EVE,DEF,BOU,0,2026-08-29T14:00:00Z,90,1,4,0,0,0,1,0,0,0,0.0,0.01,2.16,12,7,0,0,0,0,0.0,1.0,36.8,45,164056
229600,2026/27,2,12,EVE,GKP,BOU,0,2026-08-29T14:00:00Z,0,0,0,0,0,0,0,0,0,0,0.0,0.0,0.0,0,0,0,0,0,0,0.0,0.0,0.0,50,3593
230650,2026/27,2,12,BOU,GKP,EVE,1,2026-08-29T14:00:00Z,0,0,0,0,0,0,0,0,0,0,0.0,0.0,0.0,0,0,0,0,0,0,0.0,0.0,0.0,45,593
232928,2026/27,2,12,EVE,MID,BOU,0,2026-08-29T14:00:00Z,61,1,1,0,0,0,1,0,0,0,0.0,0.0,0.58,10,9,0,0,1,0,0.0,1.1,3.4,60,13621
242882,2026/27,2,12,BOU,DEF,EVE,1,2026-08-29T14:00:00Z,0,0,0,0,0,0,0,0,0,0,0.0,0.0,0.0,0,0,0,0,0,0,0.0,0.0,0.0,50,19940
242898,2026/27,2,12,EVE,MID,BOU,0,2026-08-29T14:00:00Z,28,0,1,0,0,0,0,0,0,0,0.0,0.0,1.58,2,1,0,0,0,0,0.0,0.0,1.2,60,15402
243571,2026/27,2,12,EVE,DEF,BOU,0,2026-08-29T14:00:00Z,0,0,0,0,0,0,0,0,0,0,0.0,0.0,0.0,0,0,0,0,0,0,0.0,0.0,0.0,45,3302
244860,2026/27,2,12,EVE,MID,BOU,0,2026-08-29T14:00:00Z,28,0,1,0,0,0,0,0,0,0,0.0,0.01,1.58,3,3,0,0,0,0,2.0,1.4,7.8,55,24628
436893,2026/27,2,12,BOU,DEF,EVE,1,2026-08-29T14:00:00Z,0,0,0,0,0,0,0,0,0,0,0.0,0.0,0.0,0,0,0,0,0,0,0.0,0.0,0.0,45,1571
440993,2026/27,2,12,MCI,MID,BOU,0,2026-08-29T14:00:00Z,90,1,4,0,0,0,1,0,0,0,0.02,0.07,2.16,13,16,0,0,0,0,10.0,14.5,12.6,60,1595715
444102,2026/27,2,12,BOU,FWD,EVE,1,2026-08-29T14:00:00Z,80,1,5,0,1,1,0,0,0,0,0.58,0.04,1.67,3,11,0,0,0,0,22.0,22.2,15.0,60,300527
444172,2026/27,2,12,BOU,GKP,EVE,1,2026-08-29T14:00:00Z,0,0,0,0,0,0,0,0,0,0,0.0,0.0,0.0,0,0,0,0,0,0,0.0,0.0,0.0,40,18847
457569,2026/27,2,12,BOU,GKP,EVE,1,2026-08-29T14:00:00Z,90,1,3,0,0,0,1,0,0,0,0.0,0.0,1.84,0,20,0,5,0,0,0.0,0.0,33.8,45,332768
463981,2026/27,2,12,BOU,DEF,EVE,1,2026-08-29T14:00:00Z,90,1,4,0,0,0,1,0,0,0,0.0,0.74,1.84,12,19,0,0,0,0,4.0,21.0,25.6,55,89428
480455,2026/27,2,12,EVE,DEF,BOU,0,2026-08-29T14:00:00Z,90,1,4,0,0,0,1,0,0,0,0.09,0.01,2.16,12,6,0,0,0,0,33.0,1.5,22.6,55,183710
483067,2026/27,2,12,BOU,DEF,EVE,1,2026-08-29T14:00:00Z,90,1,4,0,0,0,1,0,0,0,0.25,0.03,1.84,10,11,0,0,0,0,13.0,1.8,18.6,50,36812
486385,2026/27,2,12,EVE,FWD,BOU,0,2026-08-29T14:00:00Z,20,0,1,0,0,0,0,0,0,0,0.04,0.0,1.58,1,2,0,0,0,0,3.0,0.3,3.0,55,227543
489888,2026/27,2,12,BOU,MID,EVE,1,2026-08-29T14:00:00Z,0,0,0,0,0,0,0,0,0,0,0.0,0.0,0.0,0,0,0,0,0,0,0.0,0.0,0.0,50,2226
490094,2026/27,2,12,HUL,MID,BOU,0,2026-08-29T14:00:00Z,4,0,1,0,0,0,0,0,0,0,0.0,0.0,0.0,0,2,0,0,0,0,0.0,0.0,0.0,50,1093
494521,2026/27,2,12,BOU,DEF,EVE,1,2026-08-29T14:00:00Z,90,1,4,0,0,0,1,0,0,0,0.0,0.07,1.84,9,27,2,0,0,0,4.0,23.7,27.8,55,417325
494928,2026/27,2,12,BOU,DEF,EVE,1,2026-08-29T14:00:00Z,0,0,0,0,0,0,0,0,0,0,0.0,0.0,0.0,0,0,0,0,0,0,0.0,0.0,0.0,45,21445
496208,2026/27,2,12,BOU,MID,EVE,1,2026-08-29T14:00:00Z,0,0,0,0,0,0,0,0,0,0,0.0,0.0,0.0,0,0,0,0,0,0,0.0,0.0,0.0,50,8171
496661,2026/27,2,12,EVE,MID,BOU,0,2026-08-29T14:00:00Z,0,0,0,0,0,0,0,0,0,0,0.0,0.0,0.0,0,0,0,0,0,0,0.0,0.0,0.0,55,3529
499300,2026/27,2,12,EVE,DEF,BOU,0,2026-08-29T14:00:00Z,0,0,0,0,0,0,0,0,0,0,0.0,0.0,0.0,0,0,0,0,0,0,0.0,0.0,0.0,40,18113
499604,2026/27,2,12,BOU,MID,EVE,1,2026-08-29T14:00:00Z,90,1,2,0,0,0,1,0,0,0,0.4,0.02,1.84,5,4,0,0,0,0,44.0,3.5,8.6,65,276541
502697,2026/27,2,12,EVE,MID,BOU,0,2026-08-29T14:00:00Z,4,0,0,0,0,0,0,0,0,0,0.03,0.02,0.0,0,-2,0,0,1,0,8.0,0.5,0.0,50,9333
503139,2026/27,2,12,BOU,MID,EVE,1,2026-08-29T14:00:00Z,86,1,12,1,0,1,0,0,0,0,0.26,0.27,1.71,15,39,3,0,1,0,21.0,32.1,47.6,60,145926
512462,2026/27,2,12,EVE,DEF,BOU,0,2026-08-29T14:00:00Z,0,0,0,0,0,0,0,0,0,0,0.0,0.0,0.0,0,0,0,0,0,0,0.0,0.0,0.0,50,42208
513466,2026/27,2,12,EVE,MID,BOU,0,2026-08-29T14:00:00Z,85,1,2,0,0,0,1,0,0,0,0.0,0.01,2.16,9,13,0,0,0,0,0.0,2.3,8.4,50,5759
523700,2026/27,2,12,BOU,FWD,EVE,1,2026-08-29T14:00:00Z,0,0,0,0,0,0,0,0,0,0,0.0,0.0,0.0,0,0,0,0,0,0,0.0,0.0,0.0,50,4738
550615,2026/27,2,12,EVE,MID,BOU,0,2026-08-29T14:00:00Z,61,1,2,0,0,0,1,0,0,0,0.05,0.01,0.58,2,12,0,0,0,0,16.0,12.2,6.0,55,28043
560262,2026/27,2,12,BOU,MID,EVE,1,2026-08-29T14:00:00Z,0,0,0,0,0,0,0,0,0,0,0.0,0.0,0.0,0,0,0,0,0,0,0.0,0.0,0.0,75,30734
561245,2026/27,2,12,BOU,FWD,EVE,1,2026-08-29T14:00:00Z,9,0,1,0,0,0,1,0,0,0,0.0,0.0,0.16,1,4,0,0,0,0,0.0,0.0,0.0,60,11569
575901,2026/27,2,12,BOU,DEF,EVE,1,2026-08-29T14:00:00Z,0,0,0,0,0,0,0,0,0,0,0.0,0.0,0.0,0,0,0,0,0,0,0.0,0.0,0.0,40,18565
586309,2026/27,2,12,EVE,FWD,BOU,0,2026-08-29T14:00:00Z,69,1,2,0,0,0,1,0,0,0,1.48,0.0,0.58,3,6,0,0,0,0,58.0,11.7,10.0,55,352239
609873,2026/27,2,12,EVE,MID,BOU,0,2026-08-29T14:00:00Z,86,1,2,0,0,0,1,0,0,0,0.0,0.03,2.16,9,12,0,0,0,0,0.0,12.3,11.2,50,24656
614574,2026/27,2,12,BOU,MID,EVE,1,2026-08-29T14:00:00Z,0,0,0,0,0,0,0,0,0,0,0.0,0.0,0.0,0,0,0,0,0,0,0.0,0.0,0.0,50,1576
620487,2026/27,2,12,BOU,DEF,EVE,1,2026-08-29T14:00:00Z,0,0,0,0,0,0,0,0,0,0,0.0,0.0,0.0,0,0,0,0,0,0,0.0,0.0,0.0,50,1026
79602,2026/27,2,13,COV,GKP,HUL,1,2026-08-29T14:00:00Z,0,0,0,0,0,0,0,0,0,0,0.0,0.0,0.0,0,0,0,0,0,0,0.0,0.0,0.0,40,0
80178,2026/27,2,13,COV,DEF,HUL,1,2026-08-29T14:00:00Z,0,0,0,0,0,0,0,0,0,0,0.0,0.0,0.0,0,0,0,0,0,0,0.0,0.0,0.0,40,8500
101282,2026/27,2,13,HUL,MID,COV,0,2026-08-29T14:00:00Z,0,0,0,0,0,0,0,0,0,0,0.0,0.0,0.0,0,0,0,0,0,0,0.0,0.0,0.0,45,71261
105666,2026/27,2,13,HUL,GKP,COV,0,2026-08-29T14:00:00Z,0,0,0,0,0,0,0,0,0,0,0.0,0.0,0.0,0,0,0,0,0,0,0.0,0.0,0.0,45,9646
108416,2026/27,2,13,HUL,DEF,COV,0,2026-08-29T14:00:00Z,90,1,9,0,0,1,0,0,0,0,0.0,0.0,1.29,13,25,1,0,0,0,0.0,0.4,23.8,40,197783
110690,2026/27,2,13,COV,GKP,HUL,1,2026-08-29T14:00:00Z,0,0,0,0,0,0,0,0,0,0,0.0,0.0,0.0,0,0,0,0,0,0,0.0,0.0,0.0,45,45549
146426,2026/27,2,13,HUL,DEF,COV,0,2026-08-29T14:00:00Z,90,1,6,0,0,1,0,0,0,0,0.0,0.0,1.29,7,24,0,0,0,0,0.0,0.8,15.6,40,200860
160817,2026/27,2,13,HUL,DEF,COV,0,2026-08-29T14:00:00Z,0,0,0,0,0,0,0,0,0,0,0.0,0.0,0.0,0,0,0,0,0,0,0.0,0.0,0.0,40,13083
167825,2026/27,2,13,HUL,GKP,COV,0,2026-08-29T14:00:00Z,0,0,0,0,0,0,0,0,0,0,0.0,0.0,0.0,0,0,0,0,0,0,0.0,0.0,0.0,40,150763
168144,2026/27,2,13,COV,MID,HUL,1,2026-08-29T14:00:00Z,90,1,2,0,0,0,1,0,0,0,0.01,0.04,0.72,10,14,0,0,0,0,2.0,20.9,14.2,50,20154
169359,2026/27,2,13,HUL,DEF,COV,0,2026-08-29T14:00:00Z,0,0,0,0,0,0,0,0,0,0,0.0,0.0,0.0,0,0,0,0,0,0,0.0,0.0,0.0,40,224749
169432,2026/27,2,13,HUL,FWD,COV,0,2026-08-29T14:00:00Z,90,1,1,0,0,1,0,0,0,0,0.0,0.01,1.29,4,7,0,0,1,0,8.0,13.3,0.8,55,219548
171270,2026/27,2,13,HUL,MID,COV,0,2026-08-29T14:00:00Z,0,0,0,0,0,0,0,0,0,0,0.0,0.0,0.0,0,0,0,0,0,0,0.0,0.0,0.0,45,35966
173878,2026/27,2,13,COV,DEF,HUL,1,2026-08-29T14:00:00Z,90,1,2,0,0,0,1,0,0,0,0.18,0.05,0.72,3,15,0,0,0,0,17.0,7.3,15.2,40,82832
176412,2026/27,2,13,COV,FWD,HUL,1,2026-08-29T14:00:00Z,0,0,0,0,0,0,0,0,0,0,0.0,0.0,0.0,0,0,0,0,0,0,0.0,0.0,0.0,55,13634
193278,2026/27,2,13,HUL,DEF,COV,0,2026-08-29T14:00:00Z,45,1,0,0,0,0,0,0,0,0,0.0,0.0,1.09,4,2,0,0,1,0,0.0,0.3,4.6,40,62770
196100,2026/27,2,13,COV,MID,HUL,1,2026-08-29T14:00:00Z,19,0,1,0,0,0,1,0,0,0,0.0,0.02,0.69,0,2,0,0,0,0,0.0,1.5,0.2,55,13996
204813,2026/27,2,13,COV,DEF,HUL,1,2026-08-29T14:00:00Z,0,0,0,0,0,0,0,0,0,0,0.0,0.0,0.0,0,0,0,0,0,0,0.0,0.0,0.0,40,3984
208481,2026/27,2,13,HUL,MID,COV,0,2026-08-29T14:00:00Z,0,0,0,0,0,0,0,0,0,0,0.0,0.0,0.0,0,0,0,0,0,0,0.0,0.0,0.0,50,1668
210156,2026/27,2,13,COV,FWD,HUL,1,2026-08-29T14:00:00Z,90,1,2,0,0,0,1,0,0,0,0.93,0.03,0.72,3,6,0,0,0,0,65.0,23.6,10.0,55,83094
213292,2026/27,2,13,HUL,MID,COV,0,2026-08-29T14:00:00Z,0,0,0,0,0,0,0,0,0,0,0.0,0.0,0.0,0,0,0,0,0,0,0.0,0.0,0.0,50,4113
218997,2026/27,2,13,COV,FWD,HUL,1,2026-08-29T14:00:00Z,0,0,0,0,0,0,0,0,0,0,0.0,0.0,0.0,0,0,0,0,0,0,0.0,0.0,0.0,50,100916
220583,2026/27,2,13,COV,DEF,HUL,1,2026-08-29T14:00:00Z,0,0,0,0,0,0,0,0,0,0,0.0,0.0,0.0,0,0,0,0,0,0,0.0,0.0,0.0,40,16943
226965,2026/27,2,13,COV,MID,HUL,1,2026-08-29T14:00:00Z,19,0,1,0,0,0,1,0,0,0,0.0,0.01,0.69,2,2,0,0,0,0,0.0,3.6,0.0,55,16221
230730,2026/27,2,13,COV,FWD,HUL,1,2026-08-29T14:00:00Z,32,0,1,0,0,0,1,0,0,0,0.0,0.0,0.69,2,5,0,0,0,0,2.0,2.0,1.2,50,83366
231065,2026/27,2,13,COV,DEF,HUL,1,2026-08-29T14:00:00Z,12,0,1,0,0,0,1,0,0,0,0.0,0.0,0.54,2,-1,0,0,0,0,0.0,0.7,3.8,45,7757
232351,2026/27,2,13,HUL,DEF,COV,0,2026-08-29T14:00:00Z,90,1,6,0,0,1,0,0,0,0,0.0,0.07,1.29,2,21,0,0,0,0,2.0,15.0,9.6,40,90479
232905,2026/27,2,13,HUL,MID,COV,0,2026-08-29T14:00:00Z,31,0,6,1,0,0,0,0,0,0,0.58,0.0,0.2,1,24,0,0,0,0,13.0,0.8,34.0,50,6233
241293,2026/27,2,13,COV,MID,HUL,1,2026-08-29T14:00:00Z,57,1,1,0,0,0,0,0,0,0,0.0,0.06,0.02,4,4,0,0,0,0,0.0,16.0,4.2,55,12149
243413,2026/27,2,13,HUL,MID,COV,0,2026-08-29T14:00:00Z,90,1,2,0,0,1,0,0,0,0,0.0,0.01,1.29,10,6,0,0,1,0,2.0,2.8,9.8,45,391444
428580,2026/27,2,13,COV,MID,HUL,1,2026-08-29T14:00:00Z,0,0,0,0,0,0,0,0,0,0,0.0,0.0,0.0,0,0,0,0,0,0,0.0,0.0,0.0,50,16442
433590,2026/27,2,13,HUL,DEF,COV,0,2026-08-29T14:00:00Z,45,0,1,0,0,0,0,0,0,0,0.0,0.0,0.2,3,4,0,0,0,0,0.0,0.4,4.2,40,7175
436761,2026/27,2,13,COV,DEF,HUL,1,2026-08-29T14:00:00Z,0,0,0,0,0,0,0,0,0,0,0.0,0.0,0.0,0,0,0,0,0,0,0.0,0.0,0.0,40,64130
439668,2026/27,2,13,COV,MID,HUL,1,2026-08-29T14:00:00Z,0,0,0,0,0,0,0,0,0,0,0.0,0.0,0.0,0,0,0,0,0,0,0.0,0.0,0.0,50,1391
444307,2026/27,2,13,HUL,GKP,COV,0,2026-08-29T14:00:00Z,0,0,0,0,0,0,0,0,0,0,0.0,0.0,0.0,0,0,0,0,0,0,0.0,0.0,0.0,40,3116
445028,2026/27,2,13,HUL,MID,COV,0,2026-08-29T14:00:00Z,45,1,1,0,0,0,0,0,0,0,0.0,0.0,1.09,3,6,0,0,0,0,0.0,13.4,11.0,50,2129
449428,2026/27,2,13,HUL,DEF,COV,0,2026-08-29T14:00:00Z,0,0,0,0,0,0,0,0,0,0,0.0,0.0,0.0,0,0,0,0,0,0,0.0,0.0,0.0,40,1177
451284,2026/27,2,13,COV,DEF,HUL,1,2026-08-29T14:00:00Z,90,1,2,0,0,0,1,0,0,0,0.0,0.19,0.72,2,15,0,0,0,0,6.0,33.9,15.4,40,1295672
461102,2026/27,2,13,COV,DEF,HUL,1,2026-08-29T14:00:00Z,77,1,8,0,0,1,0,0,0,0,0.0,0.01,0.18,9,28,2,0,0,0,0.0,0.7,17.0,40,791028
462635,2026/27,2,13,HUL,MID,COV,0,2026-08-29T14:00:00Z,0,0,0,0,0,0,0,0,0,0,0.0,0.0,0.0,0,0,0,0,0,0,0.0,0.0,0.0,50,1160
465390,2026/27,2,13,COV,DEF,HUL,1,2026-08-29T14:00:00Z,0,0,0,0,0,0,0,0,0,0,0.0,0.0,0.0,0,0,0,0,0,0,0.0,0.0,0.0,40,5764
465525,2026/27,2,13,HUL,MID,COV,0,2026-08-29T14:00:00Z,0,0,0,0,0,0,0,0,0,0,0.0,0.0,0.0,0,0,0,0,0,0,0.0,0.0,0.0,45,625
469266,2026/27,2,13,HUL,MID,COV,0,2026-08-29T14:00:00Z,45,0,1,0,0,0,0,0,0,0,0.0,0.01,0.2,6,6,0,0,0,0,0.0,0.9,12.8,50,2781
469272,2026/27,2,13,COV,MID,HUL,1,2026-08-29T14:00:00Z,58,1,1,0,0,0,0,0,0,0,0.05,0.13,0.02,6,7,0,0,0,0,5.0,18.5,7.0,55,16325
470294,2026/27,2,13,HUL,MID,COV,0,2026-08-29T14:00:00Z,0,0,0,0,0,0,0,0,0,0,0.0,0.0,0.0,0,0,0,0,0,0,0.0,0.0,0.0,45,2377
472739,2026/27,2,13,COV,GKP,HUL,1,2026-08-29T14:00:00Z,90,1,2,0,0,0,1,0,0,0,0.0,0.0,0.72,0,10,0,1,0,0,0.0,0.0,10.6,45,122624
473284,2026/27,2,13,HUL,GKP,COV,0,2026-08-29T14:00:00Z,90,1,10,0,0,1,0,0,0,0,0.0,0.0,1.29,0,32,3,3,0,0,0.0,0.0,26.2,45,301344
480457,2026/27,2,13,COV,MID,HUL,1,2026-08-29T14:00:00Z,70,1,3,0,0,1,0,0,0,0,0.06,0.09,0.02,6,12,0,0,0,0,4.0,27.7,6.8,50,14191
484389,2026/27,2,13,COV,GKP,HUL,1,2026-08-29T14:00:00Z,0,0,0,0,0,0,0,0,0,0,0.0,0.0,0.0,0,0,0,0,0,0,0.0,0.0,0.0,40,152756
490161,2026/27,2,13,HUL,MID,COV,0,2026-08-29T14:00:00Z,0,0,0,0,0,0,0,0,0,0,0.0,0.0,0.0,0,0,0,0,0,0,0.0,0.0,0.0,50,353
490884,2026/27,2,13,HUL,MID,COV,0,2026-08-29T14:00:00Z,7,0,1,0,0,0,0,0,0,0,0.0,0.0,0.18,0,3,0,0,0,0,0.0,0.3,0.4,50,49
492498,2026/27,2,13,COV,MID,HUL,1,2026-08-29T14:00:00Z,0,0,0,0,0,0,0,0,0,0,0.0,0.0,0.0,0,0,0,0,0,0,0.0,0.0,0.0,45,16655
494950,2026/27,2,13,HUL,GKP,COV,0,2026-08-29T14:00:00Z,0,0,0,0,0,0,0,0,0,0,0.0,0.0,0.0,0,0,0,0,0,0,0.0,0.0,0.0,40,909
500957,2026/27,2,13,HUL,FWD,COV,0,2026-08-29T14:00:00Z,0,0,0,0,0,0,0,0,0,0,0.0,0.0,0.0,0,0,0,0,0,0,0.0,0.0,0.0,45,31698
501459,2026/27,2,13,COV,MID,HUL,1,2026-08-29T14:00:00Z,31,0,1,0,0,0,1,0,0,0,0.02,0.02,0.69,4,8,0,0,0,0,7.0,5.9,6.2,50,9710
501902,2026/27,2,13,HUL,DEF,COV,0,2026-08-29T14:00:00Z,0,0,0,0,0,0,0,0,0,0,0.0,0.0,0.0,0,0,0,0,0,0,0.0,0.0,0.0,40,10606
534392,2026/27,2,13,HUL,FWD,COV,0,2026-08-29T14:00:00Z,0,0,0,0,0,0,0,0,0,0,0.0,0.0,0.0,0,0,0,0,0,0,0.0,0.0,0.0,45,5122
539142,2026/27,2,13,COV,DEF,HUL,1,2026-08-29T14:00:00Z,90,1,1,0,0,0,1,0,0,0,0.02,0.04,0.72,4,4,0,0,1,0,5.0,2.1,11.4,40,84795
540324,2026/27,2,13,HUL,MID,COV,0,2026-08-29T14:00:00Z,82,1,6,0,1,1,0,0,0,0,0.12,0.02,1.11,10,23,0,0,0,0,11.0,12.1,23.2,50,63814
549653,2026/27,2,13,COV,FWD,HUL,1,2026-08-29T14:00:00Z,0,0,0,0,0,0,0,0,0,0,0.0,0.0,0.0,0,0,0,0,0,0,0.0,0.0,0.0,45,3783
551262,2026/27,2,13,COV,FWD,HUL,1,2026-08-29T14:00:00Z,0,0,0,0,0,0,0,0,0,0,0.0,0.0,0.0,0,0,0,0,0,0,0.0,0.0,0.0,50,1206
552946,2026/27,2,13,HUL,MID,COV,0,2026-08-29T14:00:00Z,0,0,0,0,0,0,0,0,0,0,0.0,0.0,0.0,0,0,0,0,0,0,0.0,0.0,0.0,50,7716
553783,2026/27,2,13,HUL,MID,COV,0,2026-08-29T14:00:00Z,0,0,0,0,0,0,0,0,0,0,0.0,0.0,0.0,0,0,0,0,0,0,0.0,0.0,0.0,45,10090
577411,2026/27,2,13,COV,DEF,HUL,1,2026-08-29T14:00:00Z,0,0,0,0,0,0,0,0,0,0,0.0,0.0,0.0,0,0,0,0,0,0,0.0,0.0,0.0,40,4079
597462,2026/27,2,13,HUL,DEF,COV,0,2026-08-29T14:00:00Z,31,0,1,0,0,0,0,0,0,0,0.0,0.0,0.2,1,3,0,0,0,0,0.0,0.2,3.0,40,63919
606930,2026/27,2,13,HUL,DEF,COV,0,2026-08-29T14:00:00Z,58,1,1,0,0,0,0,0,0,0,0.01,0.0,1.09,9,9,0,0,0,0,7.0,0.0,27.6,40,418634
608227,2026/27,2,13,HUL,MID,COV,0,2026-08-29T14:00:00Z,58,1,0,0,0,0,0,0,0,0,0.01,0.01,1.09,7,-2,0,0,1,0,7.0,4.3,0.0,50,9465
627221,2026/27,2,13,COV,FWD,HUL,1,2026-08-29T14:00:00Z,0,0,0,0,0,0,0,0,0,0,0.0,0.0,0.0,0,0,0,0,0,0,0.0,0.0,0.0,50,9736
629397,2026/27,2,13,COV,MID,HUL,1,2026-08-29T14:00:00Z,0,0,0,0,0,0,0,0,0,0,0.0,0.0,0.0,0,0,0,0,0,0,0.0,0.0,0.0,45,62913
661800,2026/27,2,13,HUL,DEF,COV,0,2026-08-29T14:00:00Z,0,0,0,0,0,0,0,0,0,0,0.0,0.0,0.0,0,0,0,0,0,0,0.0,0.0,0.0,40,8232
661888,2026/27,2,13,COV,MID,HUL,1,2026-08-29T14:00:00Z,70,1,3,0,0,1,0,0,0,0,0.03,0.13,0.02,7,17,0,0,0,0,7.0,16.0,9.4,50,23711
684268,2026/27,2,13,COV,MID,HUL,1,2026-08-29T14:00:00Z,0,0,0,0,0,0,0,0,0,0,0.0,0.0,0.0,0,0,0,0,0,0,0.0,0.0,0.0,45,28459
60689,2026/27,2,14,NFO,FWD,LIV,0,2026-08-29T11:30:00Z,0,0,0,0,0,0,0,0,0,0,0.0,0.0,0.0,0,0,0,0,0,0,0.0,0.0,0.0,60,152998
85633,2026/27,2,14,NFO,GKP,LIV,0,2026-08-29T11:30:00Z,90,1,1,0,0,0,2,0,0,0,0.0,0.01,1.75,0,6,0,2,0,0,0.0,0.0,16.6,50,148147
97032,2026/27,2,14,LIV,DEF,NFO,1,2026-08-29T11:30:00Z,90,1,1,0,0,0,2,0,0,0,0.0,0.03,2.3,7,5,0,0,0,0,2.0,4.3,24.6,65,1939518
116535,2026/27,2,14,LIV,GKP,NFO,1,2026-08-29T11:30:00Z,90,1,0,0,0,0,2,0,0,0,0.0,0.0,2.3,0,-5,0,1,1,0,0.0,0.0,7.6,55,377543
155503,2026/27,2,14,LIV,GKP,NFO,1,2026-08-29T11:30:00Z,0,0,0,0,0,0,0,0,0,0,0.0,0.0,0.0,0,0,0,0,0,0,0.0,0.0,0.0,40,107195
158983,2026/27,2,14,LIV,MID,NFO,1,2026-08-29T11:30:00Z,0,0,0,0,0,0,0,0,0,0,0.0,0.0,0.0,0,0,0,0,0,0,0.0,0.0,0.0,50,6389
159506,2026/27,2,14,NFO,DEF,LIV,0,2026-08-29T11:30:00Z,85,1,0,0,0,0,2,0,0,0,0.0,0.35,1.75,5,2,0,0,1,0,4.0,15.5,11.8,45,345943
171287,2026/27,2,14,LIV,DEF,NFO,1,2026-08-29T11:30:00Z,0,0,0,0,0,0,0,0,0,0,0.0,0.0,0.0,0,0,0,0,0,0,0.0,0.0,0.0,50,1606
204561,2026/27,2,14,NFO,MID,LIV,0,2026-08-29T11:30:00Z,90,1,4,0,0,0,2,0,0,0,0.05,0.0,1.75,15,15,0,0,0,0,7.0,0.7,21.2,50,9781
204822,2026/27,2,14,NFO,DEF,LIV,0,2026-08-29T11:30:00Z,0,0,0,0,0,0,0,0,0,0,0.0,0.0,0.0,0,0,0,0,0,0,0.0,0.0,0.0,40,23167
204968,2026/27,2,14,NFO,MID,LIV,0,2026-08-29T11:30:00Z,0,0,0,0,0,0,0,0,0,0,0.0,0.0,0.0,0,0,0,0,0,0,0.0,0.0,0.0,45,142945
206915,2026/27,2,14,LIV,MID,NFO,1,2026-08-29T11:30:00Z,0,0,0,0,0,0,0,0,0,0,0.0,0.0,0.0,0,0,0,0,0,0,0.0,0.0,0.0,55,3769
209046,2026/27,2,14,NFO,MID,LIV,0,2026-08-29T11:30:00Z,1,0,1,0,0,0,0,0,0,0,0.0,0.0,0.0,0,2,0,0,0,0,0.0,0.3,0.0,60,21667
210462,2026/27,2,14,NFO,MID,LIV,0,2026-08-29T11:30:00Z,0,0,0,0,0,0,0,0,0,0,0.0,0.0,0.0,0,0,0,0,0,0,0.0,0.0,0.0,50,88298
214285,2026/27,2,14,LIV,DEF,NFO,1,2026-08-29T11:30:00Z,19,0,1,0,0,0,0,0,0,0,0.04,0.01,0.07,0,4,0,0,0,0,9.0,1.3,3.6,50,7352
215136,2026/27,2,14,NFO,DEF,LIV,0,2026-08-29T11:30:00Z,90,1,6,0,1,0,2,0,0,0,0.12,0.15,1.75,12,16,0,0,0,0,6.0,25.3,34.4,50,880209
216094,2026/27,2,14,LIV,DEF,NFO,1,2026-08-29T11:30:00Z,70,1,1,0,0,0,2,0,0,0,0.0,0.02,2.23,6,9,0,0,0,0,4.0,13.8,12.8,55,339802
219168,2026/27,2,14,LIV,FWD,NFO,1,2026-08-29T11:30:00Z,90,1,8,1,0,0,2,0,0,0,0.99,0.0,2.3,1,30,2,0,0,0,48.0,10.3,34.0,90,1629014
221389,2026/27,2,14,NFO,GKP,LIV,0,2026-08-29T11:30:00Z,0,0,0,0,0,0,0,0,0,0,0.0,0.0,0.0,0,0,0,0,0,0,0.0,0.0,0.0,45,6338
222531,2026/27,2,14,NFO,MID,LIV,0,2026-08-29T11:30:00Z,90,1,13,1,1,0,2,0,0,0,0.79,0.04,1.75,5,36,3,0,0,0,17.0,12.5,56.4,80,815842
223541,2026/27,2,14,LIV,MID,NFO,1,2026-08-29T11:30:00Z,0,0,0,0,0,0,0,0,0,0,0.0,0.0,0.0,0,0,0,0,0,0,0.0,0.0,0.0,55,10863
227444,2026/27,2,14,NFO,DEF,LIV,0,2026-08-29T11:30:00Z,90,1,3,0,0,0,2,0,0,0,0.0,0.0,1.75,13,3,0,0,0,0,0.0,0.0,17.0,55,176049
243016,2026/27,2,14,LIV,MID,NFO,1,2026-08-29T11:30:00Z,76,1,2,0,0,0,2,0,0,0,0.0,0.39,2.23,10,10,0,0,0,0,0.0,7.7,12.6,55,156781
243298,2026/27,2,14,LIV,MID,NFO,1,2026-08-29T11:30:00Z,70,1,5,0,1,0,2,0,0,0,0.0,0.65,2.23,3,21,0,0,0,0,6.0,27.8,23.2,70,653797
250199,2026/27,2,14,NFO,MID,LIV,0,2026-08-29T11:30:00Z,1,0,1,0,0,0,0,0,0,0,0.0,0.0,0.0,0,3,0,0,0,0,0.0,0.0,0.2,50,7613
424876,2026/27,2,14,LIV,MID,NFO,1,2026-08-29T11:30:00Z,90,1,4,0,0,0,2,0,0,0,0.16,0.17,2.3,13,24,0,0,0,0,4.0,40.7,21.4,70,4309636
428971,2026/27,2,14,NFO,GKP,LIV,0,2026-08-29T11:30:00Z,0,0,0,0,0,0,0,0,0,0,0.0,0.0,0.0,0,0,0,0,0,0,0.0,0.0,0.0,45,6630
432714,2026/27,2,14,NFO,MID,LIV,0,2026-08-29T11:30:00Z,90,1,2,0,0,0,2,0,0,0,0.0,0.16,1.75,8,16,0,0,0,0,0.0,18.5,8.2,55,5218
432987,2026/27,2,14,LIV,GKP,NFO,1,2026-08-29T11:30:00Z,0,0,0,0,0,0,0,0,0,0,0.0,0.0,0.0,0,0,0,0,0,0,0.0,0.0,0.0,40,1453
441266,2026/27,2,14,LIV,MID,NFO,1,2026-08-29T11:30:00Z,19,0,1,0,0,0,0,0,0,0,0.0,0.01,0.07,1,7,0,0,0,0,0.0,12.1,4.4,60,196536
444884,2026/27,2,14,LIV,MID,NFO,1,2026-08-29T11:30:00Z,0,0,0,0,0,0,0,0,0,0,0.0,0.0,0.0,0,0,0,0,0,0,0.0,0.0,0.0,55,7117
445087,2026/27,2,14,LIV,DEF,NFO,1,2026-08-29T11:30:00Z,13,0,0,0,0,0,0,0,0,0,0.0,0.01,0.07,1,-1,0,0,1,0,0.0,2.3,5.8,55,267054
449027,2026/27,2,14,LIV,GKP,NFO,1,2026-08-29T11:30:00Z,0,0,0,0,0,0,0,0,0,0,0.0,0.0,0.0,0,0,0,0,0,0,0.0,0.0,0.0,50,15032
456512,2026/27,2,14,NFO,MID,LIV,0,2026-08-29T11:30:00Z,65,1,9,1,0,0,1,0,0,0,0.35,0.63,1.42,9,30,2,0,0,0,36.0,23.0,35.8,55,39501
463034,2026/27,2,14,NFO,FWD,LIV,0,2026-08-29T11:30:00Z,24,0,1,0,0,0,1,0,0,0,0.07,0.0,0.33,0,9,0,0,0,0,7.0,10.1,4.0,55,48067
464353,2026/27,2,14,LIV,GKP,NFO,1,2026-08-29T11:30:00Z,0,0,0,0,0,0,0,0,0,0,0.0,0.0,0.0,0,0,0,0,0,0,0.0,0.0,0.0,40,13945
465680,2026/27,2,14,NFO,FWD,LIV,0,2026-08-29T11:30:00Z,0,0,0,0,0,0,0,0,0,0,0.0,0.0,0.0,0,0,0,0,0,0,0.0,0.0,0.0,55,5177
470315,2026/27,2,14,NFO,DEF,LIV,0,2026-08-29T11:30:00Z,4,0,1,0,0,0,0,0,0,0,0.0,0.0,0.0,1,5,0,0,0,0,0.0,0.0,2.0,45,3516
476887,2026/27,2,14,NFO,MID,LIV,0,2026-08-29T11:30:00Z,0,0,0,0,0,0,0,0,0,0,0.0,0.0,0.0,0,0,0,0,0,0,0.0,0.0,0.0,55,1297
482973,2026/27,2,14,NFO,FWD,LIV,0,2026-08-29T11:30:00Z,90,1,1,0,0,0,2,0,0,0,0.74,0.04,1.75,5,4,0,0,1,0,38.0,13.3,8.6,60,361702
485047,2026/27,2,14,NFO,DEF,LIV,0,2026-08-29T11:30:00Z,0,0,0,0,0,0,0,0,0,0,0.0,0.0,0.0,0,0,0,0,0,0,0.0,0.0,0.0,50,4633
489580,2026/27,2,14,LIV,DEF,NFO,1,2026-08-29T11:30:00Z,0,0,0,0,0,0,0,0,0,0,0.0,0.0,0.0,0,0,0,0,0,0,0.0,0.0,0.0,40,18344
491501,2026/27,2,14,LIV,MID,NFO,1,2026-08-29T11:30:00Z,0,0,0,0,0,0,0,0,0,0,0.0,0.0,0.0,0,0,0,0,0,0,0.0,0.0,0.0,45,25168
492777,2026/27,2,14,LIV,DEF,NFO,1,2026-08-29T11:30:00Z,0,0,0,0,0,0,0,0,0,0,0.0,0.0,0.0,0,0,0,0,0,0,0.0,0.0,0.0,50,1023
494595,2026/27,2,14,LIV,MID,NFO,1,2026-08-29T11:30:00Z,90,1,4,0,1,0,2,0,0,0,0.23,0.2,2.3,10,23,0,0,1,0,22.0,24.3,27.8,75,1118328
500058,2026/27,2,14,LIV,FWD,NFO,1,2026-08-29T11:30:00Z,0,0,0,0,0,0,0,0,0,0,0.0,0.0,0.0,0,0,0,0,0,0,0.0,0.0,0.0,45,3423
500151,2026/27,2,14,NFO,DEF,LIV,0,2026-08-29T11:30:00Z,0,0,0,0,0,0,0,0,0,0,0.0,0.0,0.0,0,0,0,0,0,0,0.0,0.0,0.0,45,304
503301,2026/27,2,14,NFO,MID,LIV,0,2026-08-29T11:30:00Z,0,0,0,0,0,0,0,0,0,0,0.0,0.0,0.0,0,0,0,0,0,0,0.0,0.0,0.0,55,15837
510663,2026/27,2,14,LIV,FWD,NFO,1,2026-08-29T11:30:00Z,0,0,0,0,0,0,0,0,0,0,0.0,0.0,0.0,0,0,0,0,0,0,0.0,0.0,0.0,75,14299
514514,2026/27,2,14,LIV,MID,NFO,1,2026-08-29T11:30:00Z,0,0,0,0,0,0,0,0,0,0,0.0,0.0,0.0,0,0,0,0,0,0,0.0,0.0,0.0,50,2137
519440,2026/27,2,14,LIV,DEF,NFO,1,2026-08-29T11:30:00Z,0,0,0,0,0,0,0,0,0,0,0.0,0.0,0.0,0,0,0,0,0,0,0.0,0.0,0.0,40,11947
535928,2026/27,2,14,LIV,MID,NFO,1,2026-08-29T11:30:00Z,0,0,0,0,0,0,0,0,0,0,0.0,0.0,0.0,0,0,0,0,0,0,0.0,0.0,0.0,50,173
538638,2026/27,2,14,NFO,DEF,LIV,0,2026-08-29T11:30:00Z,0,0,0,0,0,0,0,0,0,0,0.0,0.0,0.0,0,0,0,0,0,0,0.0,0.0,0.0,40,18138
544877,2026/27,2,14,LIV,DEF,NFO,1,2026-08-29T11:30:00Z,70,1,1,0,0,0,2,0,0,0,0.0,0.01,2.23,8,9,0,0,0,0,0.0,12.8,24.0,55,347978
549067,2026/27,2,14,NFO,DEF,LIV,0,2026-08-29T11:30:00Z,0,0,0,0,0,0,0,0,0,0,0.0,0.0,0.0,0,0,0,0,0,0,0.0,0.0,0.0,40,24822
551499,2026/27,2,14,LIV,MID,NFO,1,2026-08-29T11:30:00Z,90,1,6,1,0,0,2,0,0,0,0.32,0.19,2.3,7,24,0,0,1,0,29.0,16.8,42.2,65,60184
568420,2026/27,2,14,NFO,DEF,LIV,0,2026-08-29T11:30:00Z,0,0,0,0,0,0,0,0,0,0,0.0,0.0,0.0,0,0,0,0,0,0,0.0,0.0,0.0,55,71062
575458,2026/27,2,14,NFO,DEF,LIV,0,2026-08-29T11:30:00Z,90,1,1,0,0,0,2,0,0,0,0.0,0.0,1.75,8,6,0,0,0,0,0.0,0.4,14.6,45,21029
575476,2026/27,2,14,NFO,DEF,LIV,0,2026-08-29T11:30:00Z,90,1,1,0,0,0,2,0,0,0,0.18,0.0,1.75,6,2,0,0,0,0,8.0,0.3,11.2,55,162661
586268,2026/27,2,14,LIV,GKP,NFO,1,2026-08-29T11:30:00Z,0,0,0,0,0,0,0,0,0,0,0.0,0.0,0.0,0,0,0,0,0,0,0.0,0.0,0.0,40,2467
591386,2026/27,2,14,LIV,MID,NFO,1,2026-08-29T11:30:00Z,13,0,1,0,0,0,0,0,0,0,0.0,0.0,0.07,5,3,0,0,0,0,0.0,2.2,6.4,50,3607
606702,2026/27,2,14,LIV,DEF,NFO,1,2026-08-29T11:30:00Z,76,1,3,0,0,0,2,0,0,0,0.0,0.05,2.23,11,13,0,0,0,0,2.0,15.1,30.8,50,235410
611922,2026/27,2,14,LIV,MID,NFO,1,2026-08-29T11:30:00Z,19,0,1,0,0,0,0,0,0,0,0.0,0.03,0.07,0,5,0,0,0,0,2.0,1.3,2.0,60,106917
647681,2026/27,2,14,LIV,DEF,NFO,1,2026-08-29T11:30:00Z,0,0,0,0,0,0,0,0,0,0,0.0,0.0,0.0,0,0,0,0,0,0,0.0,0.0,0.0,40,4039
67089,2026/27,2,15,TOT,GKP,NEW,1,2026-08-29T16:30:00Z,0,0,0,0,0,0,0,0,0,0,0.0,0.0,0.0,0,0,0,0,0,0,0.0,0.0,0.0,40,1835588
78916,2026/27,2,15,NEW,DEF,TOT,0,2026-08-29T16:30:00Z,0,0,0,0,0,0,0,0,0,0,0.0,0.0,0.0,0,0,0,0,0,0,0.0,0.0,0.0,50,159459
81441,2026/27,2,15,NEW,GKP,TOT,0,2026-08-29T16:30:00Z,0,0,0,0,0,0,0,0,0,0,0.0,0.0,0.0,0,0,0,0,0,0,0.0,0.0,0.0,45,3435
98747,2026/27,2,15,NEW,GKP,TOT,0,2026-08-29T16:30:00Z,0,0,0,0,0,0,0,0,0,0,0.0,0.0,0.0,0,0,0,0,0,0,0.0,0.0,0.0,50,124934
114243,2026/27,2,15,NEW,MID,TOT,0,2026-08-29T16:30:00Z,8,0,1,0,0,0,0,0,0,0,0.0,0.2,0.38,3,3,0,0,0,0,2.0,3.1,2.2,60,15641
115556,2026/27,2,15,TOT,DEF,NEW,1,2026-08-29T16:30:00Z,0,0,0,0,0,0,0,0,0,0,0.0,0.0,0.0,0,0,0,0,0,0,0.0,0.0,0.0,40,102932
119471,2026/27,2,15,NEW,DEF,TOT,0,2026-08-29T16:30:00Z,0,0,0,0,0,0,0,0,0,0,0.0,0.0,0.0,0,0,0,0,0,0,0.0,0.0,0.0,50,26250
122798,2026/27,2,15,TOT,DEF,NEW,1,2026-08-29T16:30:00Z,67,1,2,0,0,0,1,0,0,0,0.06,0.02,0.48,3,7,0,0,0,0,25.0,16.8,11.2,45,379457
135720,2026/27,2,15,SUN,DEF,NEW,1,2026-08-29T16:30:00Z,0,0,0,0,0,0,0,0,0,0,0.0,0.0,0.0,0,0,0,0,0,0,0.0,0.0,0.0,50,17484
154566,2026/27,2,15,TOT,FWD,NEW,1,2026-08-29T16:30:00Z,15,0,1,0,0,0,0,0,0,0,0.2,0.0,0.0,0,6,0,0,0,0,6.0,0.3,3.2,60,131276
172780,2026/27,2,15,TOT,MID,NEW,1,2026-08-29T16:30:00Z,0,0,0,0,0,0,0,0,0,0,0.0,0.0,0.0,0,0,0,0,0,0,0.0,0.0,0.0,65,96409
180974,2026/27,2,15,NEW,MID,TOT,0,2026-08-29T16:30:00Z,0,0,0,0,0,0,0,0,0,0,0.0,0.0,0.0,0,0,0,0,0,0,0.0,0.0,0.0,55,2722
184254,2026/27,2,15,TOT,GKP,NEW,1,2026-08-29T16:30:00Z,0,0,0,0,0,0,0,0,0,0,0.0,0.0,0.0,0,0,0,0,0,0,0.0,0.0,0.0,45,23872
200089,2026/27,2,15,NEW,MID,TOT,0,2026-08-29T16:30:00Z,70,1,3,0,0,1,0,0,0,0,0.07,0.02,0.74,2,0,0,0,0,0,8.0,4.3,0.0,50,24746
201666,2026/27,2,15,NEW,MID,TOT,0,2026-08-29T16:30:00Z,90,1,3,0,0,1,0,0,0,0,0.04,0.01,1.12,4,9,0,0,0,0,7.0,22.1,7.2,60,113402
202993,2026/27,2,15,TOT,MID,NEW,1,2026-08-29T16:30:00Z,90,1,2,0,0,0,2,0,0,0,0.0,0.02,0.72,11,17,0,0,0,0,0.0,7.1,15.4,55,18887
212319,2026/27,2,15,TOT,FWD,NEW,1,2026-08-29T16:30:00Z,0,0,0,0,0,0,0,0,0,0,0.0,0.0,0.0,0,0,0,0,0,0,0.0,0.0,0.0,60,275481
214572,2026/27,2,15,TOT,GKP,NEW,1,2026-08-29T16:30:00Z,0,0,0,0,0,0,0,0,0,0,0.0,0.0,0.0,0,0,0,0,0,0,0.0,0.0,0.0,40,88358
216646,2026/27,2,15,NEW,FWD,TOT,0,2026-08-29T16:30:00Z,81,1,8,1,0,1,0,0,0,0,0.35,0.0,0.74,6,37,2,0,0,0,46.0,10.3,35.6,60,359321
220237,2026/27,2,15,NEW,DEF,TOT,0,2026-08-29T16:30:00Z,90,1,5,0,0,1,0,0,0,0,0.01,0.0,1.12,5,22,0,0,1,0,2.0,1.8,11.2,50,52947
221466,2026/27,2,15,TOT,DEF,NEW,1,2026-08-29T16:30:00Z,0,0,0,0,0,0,0,0,0,0,0.0,0.0,0.0,0,0,0,0,0,0,0.0,0.0,0.0,60,746751
221632,2026/27,2,15,TOT,DEF,NEW,1,2026-08-29T16:30:00Z,0,0,0,0,0,0,0,0,0,0,0.0,0.0,0.0,0,0,0,0,0,0,0.0,0.0,0.0,50,14805
232653,2026/27,2,15,NEW,MID,TOT,0,2026-08-29T16:30:00Z,8,0,1,0,0,0,0,0,0,0,0.0,0.13,0.38,1,3,0,0,0,0,0.0,4.2,0.2,50,34073
232787,2026/27,2,15,TOT,MID,NEW,1,2026-08-29T16:30:00Z,0,0,0,0,0,0,0,0,0,0,0.0,0.0,0.0,0,0,0,0,0,0,0.0,0.0,0.0,55,27438
232859,2026/27,2,15,TOT,DEF,NEW,1,2026-08-29T16:30:00Z,0,0,0,0,0,0,0,0,0,0,0.0,0.0,0.0,0,0,0,0,0,0,0.0,0.0,0.0,45,46576
432422,2026/27,2,15,TOT,MID,NEW,1,2026-08-29T16:30:00Z,74,1,2,0,0,0,2,0,0,0,0.05,0.02,0.72,4,16,0,0,0,0,4.0,26.3,5.0,55,369291
438234,2026/27,2,15,TOT,FWD,NEW,1,2026-08-29T16:30:00Z,90,1,2,0,0,0,2,0,0,0,0.17,0.07,0.72,4,14,0,0,0,0,28.0,35.1,9.2,70,131884
441164,2026/27,2,15,TOT,DEF,NEW,1,2026-08-29T16:30:00Z,90,1,1,0,0,0,2,0,0,0,0.33,0.1,0.72,4,1,0,0,0,0,21.0,7.9,9.4,55,1331308
441191,2026/27,2,15,NEW,DEF,TOT,0,2026-08-29T16:30:00Z,0,0,0,0,0,0,0,0,0,0,0.0,0.0,0.0,0,0,0,0,0,0,0.0,0.0,0.0,50,3475
445044,2026/27,2,15,TOT,MID,NEW,1,2026-08-29T16:30:00Z,0,0,0,0,0,0,0,0,0,0,0.0,0.0,0.0,0,0,0,0,0,0,0.0,0.0,0.0,65,939
449434,2026/27,2,15,NEW,MID,TOT,0,2026-08-29T16:30:00Z,81,1,8,1,0,1,0,0,0,0,0.2,0.1,0.74,3,32,0,0,0,0,29.0,15.3,36.8,60,215548
460842,2026/27,2,15,TOT,MID,NEW,1,2026-08-29T16:30:00Z,22,0,1,0,0,0,1,0,0,0,0.04,0.01,0.24,2,4,0,0,0,0,11.0,3.3,1.2,65,6789
463726,2026/27,2,15,NEW,DEF,TOT,0,2026-08-29T16:30:00Z,90,1,11,0,1,1,0,0,0,0,0.0,0.06,1.12,8,37,2,0,0,0,0.0,30.4,42.6,45,36928
465642,2026/27,2,15,NEW,DEF,TOT,0,2026-08-29T16:30:00Z,90,1,6,0,0,1,0,0,0,0,0.0,0.02,1.12,3,25,0,0,0,0,0.0,1.5,6.8,50,175248
465694,2026/27,2,15,NEW,MID,TOT,0,2026-08-29T16:30:00Z,70,1,2,0,0,1,0,0,0,0,0.0,0.2,0.74,4,9,0,0,1,0,0.0,29.5,7.2,55,15669
469142,2026/27,2,15,TOT,DEF,NEW,1,2026-08-29T16:30:00Z,90,1,1,0,0,0,2,0,0,0,0.11,0.03,0.72,8,9,0,0,0,0,33.0,13.7,26.6,50,945549
470313,2026/27,2,15,NEW,FWD,TOT,0,2026-08-29T16:30:00Z,19,0,4,0,1,0,0,0,0,0,0.02,0.01,0.38,0,18,0,0,0,0,11.0,10.5,18.2,60,150038
470551,2026/27,2,15,NEW,GKP,TOT,0,2026-08-29T16:30:00Z,90,1,7,0,0,1,0,0,0,0,0.0,0.0,1.12,0,32,0,4,0,0,0.0,0.0,34.6,50,70807
482442,2026/27,2,15,TOT,MID,NEW,1,2026-08-29T16:30:00Z,0,0,0,0,0,0,0,0,0,0,0.0,0.0,0.0,0,0,0,0,0,0,0.0,0.0,0.0,49,15118
485055,2026/27,2,15,TOT,GKP,NEW,1,2026-08-29T16:30:00Z,90,1,1,0,0,0,2,0,0,0,0.0,0.0,0.72,0,4,0,0,0,0,0.0,0.0,3.8,45,2247365
487053,2026/27,2,15,TOT,DEF,NEW,1,2026-08-29T16:30:00Z,22,0,1,0,0,0,1,0,0,0,0.0,0.19,0.24,1,2,0,0,0,0,2.0,11.5,5.2,45,47523
487838,2026/27,2,15,NEW,DEF,TOT,0,2026-08-29T16:30:00Z,90,1,11,0,0,1,0,0,0,0,0.03,0.31,1.12,13,52,3,0,0,0,4.0,27.3,39.0,50,411061
490145,2026/27,2,15,TOT,FWD,NEW,1,2026-08-29T16:30:00Z,0,0,0,0,0,0,0,0,0,0,0.0,0.0,0.0,0,0,0,0,0,0,0.0,0.0,0.0,45,172295
491279,2026/27,2,15,TOT,DEF,NEW,1,2026-08-29T16:30:00Z,90,1,0,0,0,0,2,0,0,0,0.0,0.02,0.72,8,5,0,0,1,0,0.0,2.1,15.2,50,422798
493362,2026/27,2,15,TOT,MID,NEW,1,2026-08-29T16:30:00Z,0,0,0,0,0,0,0,0,0,0,0.0,0.0,0.0,0,0,0,0,0,0,0.0,0.0,0.0,60,1453
499716,2026/27,2,15,TOT,DEF,NEW,1,2026-08-29T16:30:00Z,0,0,0,0,0,0,0,0,0,0,0.0,0.0,0.0,0,0,0,0,0,0,0.0,0.0,0.0,40,7895
499721,2026/27,2,15,TOT,MID,NEW,1,2026-08-29T16:30:00Z,22,0,1,0,0,0,1,0,0,0,0.02,0.0,0.24,1,1,0,0,0,0,1.0,0.4,0.0,50,19021
499726,2026/27,2,15,TOT,MID,NEW,1,2026-08-29T16:30:00Z,0,0,0,0,0,0,0,0,0,0,0.0,0.0,0.0,0,0,0,0,0,0,0.0,0.0,0.0,45,79923
510281,2026/27,2,15,TOT,MID,NEW,1,2026-08-29T16:30:00Z,0,0,0,0,0,0,0,0,0,0,0.0,0.0,0.0,0,0,0,0,0,0,0.0,0.0,0.0,65,92925
511499,2026/27,2,15,TOT,MID,NEW,1,2026-08-29T16:30:00Z,67,1,2,0,0,0,1,0,0,0,0.14,0.03,0.48,3,10,0,0,0,0,34.0,3.3,3.8,60,48495
538207,2026/27,2,15,NEW,FWD,TOT,0,2026-08-29T16:30:00Z,0,0,0,0,0,0,0,0,0,0,0.0,0.0,0.0,0,0,0,0,0,0,0.0,0.0,0.0,60,90550
545477,2026/27,2,15,NEW,DEF,TOT,0,2026-08-29T16:30:00Z,0,0,0,0,0,0,0,0,0,0,0.0,0.0,0.0,0,0,0,0,0,0,0.0,0.0,0.0,40,9468
547701,2026/27,2,15,TOT,MID,NEW,1,2026-08-29T16:30:00Z,67,1,2,0,0,0,1,0,0,0,0.0,0.0,0.48,6,9,0,0,0,0,0.0,1.5,1.8,50,22329
547719,2026/27,2,15,NEW,MID,TOT,0,2026-08-29T16:30:00Z,90,1,3,0,0,1,0,0,0,0,0.0,0.04,1.12,9,16,0,0,0,0,0.0,14.7,11.2,55,6985
548308,2026/27,2,15,TOT,DEF,NEW,1,2026-08-29T16:30:00Z,0,0,0,0,0,0,0,0,0,0,0.0,0.0,0.0,0,0,0,0,0,0,0.0,0.0,0.0,45,1903
550839,2026/27,2,15,TOT,MID,NEW,1,2026-08-29T16:30:00Z,0,0,0,0,0,0,0,0,0,0,0.0,0.0,0.0,0,0,0,0,0,0,0.0,0.0,0.0,55,121
551226,2026/27,2,15,TOT,MID,NEW,1,2026-08-29T16:30:00Z,90,1,2,0,0,0,2,0,0,0,0.01,0.17,0.72,8,18,0,0,0,0,1.0,46.3,14.0,60,160253
553746,2026/27,2,15,NEW,DEF,TOT,0,2026-08-29T16:30:00Z,0,0,0,0,0,0,0,0,0,0,0.0,0.0,0.0,0,0,0,0,0,0,0.0,0.0,0.0,40,11777
554578,2026/27,2,15,NEW,GKP,TOT,0,2026-08-29T16:30:00Z,0,0,0,0,0,0,0,0,0,0,0.0,0.0,0.0,0,0,0,0,0,0,0.0,0.0,0.0,45,2775
570526,2026/27,2,15,TOT,MID,NEW,1,2026-08-29T16:30:00Z,0,0,0,0,0,0,0,0,0,0,0.0,0.0,0.0,0,0,0,0,0,0,0.0,0.0,0.0,55,20234
599303,2026/27,2,15,NEW,FWD,TOT,0,2026-08-29T16:30:00Z,0,0,0,0,0,0,0,0,0,0,0.0,0.0,0.0,0,0,0,0,0,0,0.0,0.0,0.0,45,75688
611665,2026/27,2,15,NEW,MID,TOT,0,2026-08-29T16:30:00Z,1,0,1,0,0,0,0,0,0,0,0.0,0.0,0.0,0,3,0,0,0,0,0.0,0.0,0.0,60,20967
611917,2026/27,2,15,TOT,MID,NEW,1,2026-08-29T16:30:00Z,0,0,0,0,0,0,0,0,0,0,0.0,0.0,0.0,0,0,0,0,0,0,0.0,0.0,0.0,45,7704
616221,2026/27,2,15,TOT,DEF,NEW,1,2026-08-29T16:30:00Z,0,0,0,0,0,0,0,0,0,0,0.0,0.0,0.0,0,0,0,0,0,0,0.0,0.0,0.0,40,29162
632794,2026/27,2,15,NEW,MID,TOT,0,2026-08-29T16:30:00Z,0,0,0,0,0,0,0,0,0,0,0.0,0.0,0.0,0,0,0,0,0,0,0.0,0.0,0.0,50,13188
636852,2026/27,2,15,NEW,MID,TOT,0,2026-08-29T16:30:00Z,19,0,1,0,0,0,0,0,0,0,0.0,0.0,0.38,3,4,0,0,0,0,0.0,0.0,5.0,50,10539
640419,2026/27,2,15,TOT,DEF,NEW,1,2026-08-29T16:30:00Z,0,0,0,0,0,0,0,0,0,0,0.0,0.0,0.0,0,0,0,0,0,0,0.0,0.0,0.0,40,5341
49262,2026/27,2,16,BHA,GKP,CHE,0,2026-08-30T13:00:00Z,0,0,0,0,0,0,0,0,0,0,0.0,0.0,0.0,0,0,0,0,0,0,0.0,0.0,0.0,40,398691
50175,2026/27,2,16,CHE,FWD,BHA,1,2026-08-30T13:00:00Z,0,0,0,0,0,0,0,0,0,0,0.0,0.0,0.0,0,0,0,0,0,0,0.0,0.0,0.0,60,96753
56979,2026/27,2,16,CHE,MID,BHA,1,2026-08-30T13:00:00Z,0,0,0,0,0,0,0,0,0,0,0.0,0.0,0.0,0,0,0,0,0,0,0.0,0.0,0.0,50,3715
60307,2026/27,2,16,BHA,MID,CHE,0,2026-08-30T13:00:00Z,90,1,13,1,1,0,4,0,0,0,0.05,0.11,2.93,6,46,3,0,0,0,23.0,33.2,47.8,55,1268429
83299,2026/27,2,16,BHA,DEF,CHE,0,2026-08-30T13:00:00Z,90,1,-1,0,0,0,4,0,0,0,0.0,0.01,2.93,3,-4,0,0,1,0,0.0,2.0,14.8,45,118436
98980,2026/27,2,16,CHE,GKP,BHA,1,2026-08-30T13:00:00Z,90,1,2,0,0,0,3,0,0,0,0.0,0.01,1.41,0,18,0,4,0,0,0.0,20.0,36.2,50,419555
109646,2026/27,2,16,TOT,DEF,BHA,1,2026-08-30T13:00:00Z,0,0,0,0,0,0,0,0,0,0,0.0,0.0,0.0,0,0,0,0,0,0,0.0,0.0,0.0,45,19280
180736,2026/27,2,16,CHE,DEF,BHA,1,2026-08-30T13:00:00Z,0,0,0,0,0,0,0,0,0,0,0.0,0.0,0.0,0,0,0,0,0,0,0.0,0.0,0.0,55,12877
204120,2026/27,2,16,BHA,DEF,CHE,0,2026-08-30T13:00:00Z,90,1,-1,0,0,0,4,0,0,0,0.05,0.11,2.93,3,-2,0,0,1,0,11.0,26.6,16.8,45,26909
215059,2026/27,2,16,CHE,GKP,BHA,1,2026-08-30T13:00:00Z,0,0,0,0,0,0,0,0,0,0,0.0,0.0,0.0,0,0,0,0,0,0,0.0,0.0,0.0,50,217448
219249,2026/27,2,16,BHA,MID,CHE,0,2026-08-30T13:00:00Z,0,0,0,0,0,0,0,0,0,0,0.0,0.0,0.0,0,0,0,0,0,0,0.0,0.0,0.0,55,10143
222694,2026/27,2,16,BHA,DEF,CHE,0,2026-08-30T13:00:00Z,0,0,0,0,0,0,0,0,0,0,0.0,0.0,0.0,0,0,0,0,0,0,0.0,0.0,0.0,50,22519
223434,2026/27,2,16,BHA,DEF,CHE,0,2026-08-30T13:00:00Z,0,0,0,0,0,0,0,0,0,0,0.0,0.0,0.0,0,0,0,0,0,0,0.0,0.0,0.0,45,8240
225796,2026/27,2,16,CHE,DEF,BHA,1,2026-08-30T13:00:00Z,22,0,1,0,0,0,1,0,0,0,0.0,0.0,0.14,0,-1,0,0,0,0,2.0,0.4,0.4,55,987947
231416,2026/27,2,16,BHA,DEF,CHE,0,2026-08-30T13:00:00Z,90,1,0,0,0,0,4,0,0,0,0.02,0.01,2.93,0,-4,0,0,0,0,8.0,16.7,2.8,45,221172
242880,2026/27,2,16,CHE,DEF,BHA,1,2026-08-30T13:00:00Z,0,0,0,0,0,0,0,0,0,0,0.0,0.0,0.0,0,0,0,0,0,0,0.0,0.0,0.0,45,2126
244850,2026/27,2,16,CHE,MID,BHA,1,2026-08-30T13:00:00Z,90,1,5,0,1,0,3,0,0,0,0.14,1.01,1.41,5,28,0,0,0,0,23.0,46.5,26.8,75,2607781
244851,2026/27,2,16,CHE,MID,BHA,1,2026-08-30T13:00:00Z,90,1,7,1,0,0,3,0,0,0,0.66,0.13,1.41,8,28,0,0,0,0,26.0,25.3,40.8,95,1644351
247632,2026/27,2,16,CHE,MID,BHA,1,2026-08-30T13:00:00Z,67,1,7,1,0,0,2,0,0,0,0.41,0.33,1.26,4,32,0,0,0,0,38.0,25.6,45.2,65,117566
437499,2026/27,2,16,CHE,DEF,BHA,1,2026-08-30T13:00:00Z,90,1,1,0,0,0,3,0,0,0,0.02,0.0,1.41,9,-3,0,0,0,0,6.0,0.1,13.0,60,946023
444463,2026/27,2,16,CHE,DEF,BHA,1,2026-08-30T13:00:00Z,67,1,0,0,0,0,2,0,0,0,0.0,0.01,1.26,9,-2,0,0,1,0,0.0,0.9,19.4,50,3489
448047,2026/27,2,16,MCI,MID,BHA,1,2026-08-30T13:00:00Z,0,0,0,0,0,0,0,0,0,0,0.0,0.0,0.0,0,0,0,0,0,0,0.0,0.0,0.0,70,430662
451340,2026/27,2,16,BHA,MID,CHE,0,2026-08-30T13:00:00Z,0,0,0,0,0,0,0,0,0,0,0.0,0.0,0.0,0,0,0,0,0,0,0.0,0.0,0.0,60,4114
451490,2026/27,2,16,BHA,DEF,CHE,0,2026-08-30T13:00:00Z,10,0,0,0,0,0,0,0,0,0,0.0,0.0,0.04,0,-1,0,0,1,0,0.0,0.3,0.0,45,3512
454490,2026/27,2,16,BHA,DEF,CHE,0,2026-08-30T13:00:00Z,0,0,0,0,0,0,0,0,0,0,0.0,0.0,0.0,0,0,0,0,0,0,0.0,0.0,0.0,50,5185
460028,2026/27,2,16,CHE,DEF,BHA,1,2026-08-30T13:00:00Z,71,1,1,0,0,0,2,0,0,0,0.0,0.0,1.31,9,2,0,0,0,0,0.0,0.4,13.2,50,150119
463067,2026/27,2,16,BHA,FWD,CHE,0,2026-08-30T13:00:00Z,0,0,0,0,0,0,0,0,0,0,0.0,0.0,0.0,0,0,0,0,0,0,0.0,0.0,0.0,55,98683
463936,2026/27,2,16,CHE,MID,BHA,1,2026-08-30T13:00:00Z,0,0,0,0,0,0,0,0,0,0,0.0,0.0,0.0,0,0,0,0,0,0,0.0,0.0,0.0,60,3391
465730,2026/27,2,16,BHA,DEF,CHE,0,2026-08-30T13:00:00Z,90,1,0,0,0,0,4,0,0,0,0.03,0.05,2.93,2,-2,0,0,0,0,5.0,23.7,8.8,46,847829
465920,2026/27,2,16,TOT,MID,BHA,1,2026-08-30T13:00:00Z,0,0,0,0,0,0,0,0,0,0,0.0,0.0,0.0,0,0,0,0,0,0,0.0,0.0,0.0,55,4222
467779,2026/27,2,16,BHA,DEF,CHE,0,2026-08-30T13:00:00Z,79,1,0,0,0,0,4,0,0,0,0.03,0.08,2.89,7,6,0,0,0,0,4.0,9.2,20.4,50,43921
475168,2026/27,2,16,CHE,FWD,BHA,1,2026-08-30T13:00:00Z,90,1,9,1,1,0,3,1,0,0,1.23,0.04,1.41,3,44,2,0,0,0,46.0,22.5,52.8,76,6802308
482609,2026/27,2,16,CHE,DEF,BHA,1,2026-08-30T13:00:00Z,90,1,1,0,0,0,3,0,0,0,0.0,0.01,1.41,5,-1,0,0,0,0,0.0,0.7,7.8,50,122291
486672,2026/27,2,16,CHE,MID,BHA,1,2026-08-30T13:00:00Z,13,0,1,0,0,0,0,0,0,0,0.0,0.0,0.07,0,3,0,0,0,0,0.0,0.1,0.0,55,282404
487117,2026/27,2,16,BHA,FWD,CHE,0,2026-08-30T13:00:00Z,0,0,0,0,0,0,0,0,0,0,0.0,0.0,0.0,0,0,0,0,0,0,0.0,0.0,0.0,50,3163
489639,2026/27,2,16,BHA,GKP,CHE,0,2026-08-30T13:00:00Z,90,1,0,0,0,0,4,0,0,0,0.0,0.0,2.93,0,-1,0,1,0,0,0.0,0.0,10.2,45,2133814
491007,2026/27,2,16,CHE,MID,BHA,1,2026-08-30T13:00:00Z,0,0,0,0,0,0,0,0,0,0,0.0,0.0,0.0,0,0,0,0,0,0,0.0,0.0,0.0,45,18847
498444,2026/27,2,16,CHE,DEF,BHA,1,2026-08-30T13:00:00Z,18,0,1,0,0,0,1,0,0,0,0.0,0.02,0.09,3,1,0,0,0,0,0.0,0.3,6.4,50,19574
499309,2026/27,2,16,CHE,FWD,BHA,1,2026-08-30T13:00:00Z,0,0,0,0,0,0,0,0,0,0,0.0,0.0,0.0,0,0,0,0,0,0,0.0,0.0,0.0,50,43955
503037,2026/27,2,16,CHE,FWD,BHA,1,2026-08-30T13:00:00Z,0,0,0,0,0,0,0,0,0,0,0.0,0.0,0.0,0,0,0,0,0,0,0.0,0.0,0.0,50,14647
508479,2026/27,2,16,CHE,GKP,BHA,1,2026-08-30T13:00:00Z,0,0,0,0,0,0,0,0,0,0,0.0,0.0,0.0,0,0,0,0,0,0,0.0,0.0,0.0,50,1280
509416,2026/27,2,16,BHA,MID,CHE,0,2026-08-30T13:00:00Z,0,0,0,0,0,0,0,0,0,0,0.0,0.0,0.0,0,0,0,0,0,0,0.0,0.0,0.0,55,62632
512123,2026/27,2,16,BHA,DEF,CHE,0,2026-08-30T13:00:00Z,0,0,0,0,0,0,0,0,0,0,0.0,0.0,0.0,0,0,0,0,0,0,0.0,0.0,0.0,45,1839
514254,2026/27,2,16,BHA,MID,CHE,0,2026-08-30T13:00:00Z,90,1,5,0,1,0,4,0,0,0,0.38,0.17,2.93,5,15,0,0,0,0,42.0,20.3,4.6,50,380491
514356,2026/27,2,16,CHE,MID,BHA,1,2026-08-30T13:00:00Z,67,1,7,1,0,0,2,0,0,0,0.54,0.0,1.26,7,32,0,0,0,0,33.0,0.8,39.0,50,6337
519324,2026/27,2,16,BHA,MID,CHE,0,2026-08-30T13:00:00Z,0,0,0,0,0,0,0,0,0,0,0.0,0.0,0.0,0,0,0,0,0,0,0.0,0.0,0.0,50,0
532529,2026/27,2,16,BHA,MID,CHE,0,2026-08-30T13:00:00Z,0,0,0,0,0,0,0,0,0,0,0.0,0.0,0.0,0,0,0,0,0,0,0.0,0.0,0.0,60,230171
536916,2026/27,2,16,BHA,MID,CHE,0,2026-08-30T13:00:00Z,0,0,0,0,0,0,0,0,0,0,0.0,0.0,0.0,0,0,0,0,0,0,0.0,0.0,0.0,50,346
538007,2026/27,2,16,BHA,FWD,CHE,0,2026-08-30T13:00:00Z,10,0,1,0,0,0,0,0,0,0,0.0,0.0,0.04,0,3,0,0,0,0,0.0,3.7,0.0,60,25435
543158,2026/27,2,16,CHE,MID,BHA,1,2026-08-30T13:00:00Z,8,0,1,0,0,0,1,0,0,0,0.04,0.0,0.07,1,1,0,0,0,0,4.0,0.0,0.0,55,13561
549074,2026/27,2,16,BHA,MID,CHE,0,2026-08-30T13:00:00Z,0,0,0,0,0,0,0,0,0,0,0.0,0.0,0.0,0,0,0,0,0,0,0.0,0.0,0.0,50,182
549939,2026/27,2,16,CHE,GKP,BHA,1,2026-08-30T13:00:00Z,0,0,0,0,0,0,0,0,0,0,0.0,0.0,0.0,0,0,0,0,0,0,0.0,0.0,0.0,45,7073
550090,2026/27,2,16,BHA,DEF,CHE,0,2026-08-30T13:00:00Z,0,0,0,0,0,0,0,0,0,0,0.0,0.0,0.0,0,0,0,0,0,0,0.0,0.0,0.0,45,1892
551210,2026/27,2,16,CHE,DEF,BHA,1,2026-08-30T13:00:00Z,90,1,4,0,1,0,3,0,0,0,0.0,0.06,1.41,6,12,0,0,0,0,0.0,20.7,30.0,45,47286
556637,2026/27,2,16,BHA,MID,CHE,0,2026-08-30T13:00:00Z,0,0,0,0,0,0,0,0,0,0,0.0,0.0,0.0,0,0,0,0,0,0,0.0,0.0,0.0,45,27277
567119,2026/27,2,16,CHE,FWD,BHA,1,2026-08-30T13:00:00Z,0,0,0,0,0,0,0,0,0,0,0.0,0.0,0.0,0,0,0,0,0,0,0.0,0.0,0.0,45,34265
574458,2026/27,2,16,CHE,DEF,BHA,1,2026-08-30T13:00:00Z,0,0,0,0,0,0,0,0,0,0,0.0,0.0,0.0,0,0,0,0,0,0,0.0,0.0,0.0,45,7741
577016,2026/27,2,16,CHE,DEF,BHA,1,2026-08-30T13:00:00Z,22,0,1,0,0,0,1,0,0,0,0.0,0.0,0.14,3,-1,0,0,0,0,0.0,0.1,6.2,45,37116
592031,2026/27,2,16,BHA,MID,CHE,0,2026-08-30T13:00:00Z,0,0,0,0,0,0,0,0,0,0,0.0,0.0,0.0,0,0,0,0,0,0,0.0,0.0,0.0,60,6199
593117,2026/27,2,16,CHE,MID,BHA,1,2026-08-30T13:00:00Z,0,0,0,0,0,0,0,0,0,0,0.0,0.0,0.0,0,0,0,0,0,0,0.0,0.0,0.0,55,4061
597320,2026/27,2,16,BHA,MID,CHE,0,2026-08-30T13:00:00Z,0,0,0,0,0,0,0,0,0,0,0.0,0.0,0.0,0,0,0,0,0,0,0.0,0.0,0.0,45,5161
608181,2026/27,2,16,BHA,FWD,CHE,0,2026-08-30T13:00:00Z,0,0,0,0,0,0,0,0,0,0,0.0,0.0,0.0,0,0,0,0,0,0,0.0,0.0,0.0,55,839
610799,2026/27,2,16,BHA,DEF,CHE,0,2026-08-30T13:00:00Z,90,1,0,0,0,0,4,0,0,0,0.03,0.02,2.93,8,-2,0,0,0,0,5.0,8.3,22.8,50,250629
611695,2026/27,2,16,BHA,MID,CHE,0,2026-08-30T13:00:00Z,73,1,8,1,0,0,3,0,0,0,0.7,0.16,2.83,7,39,1,0,0,0,42.0,20.1,50.8,45,9806
612855,2026/27,2,16,BHA,MID,CHE,0,2026-08-30T13:00:00Z,16,0,1,0,0,0,1,0,0,0,0.0,0.01,0.1,1,6,0,0,0,0,2.0,1.3,3.0,50,1521
620109,2026/27,2,16,CHE,DEF,BHA,1,2026-08-30T13:00:00Z,0,0,0,0,0,0,0,0,0,0,0.0,0.0,0.0,0,0,0,0,0,0,0.0,0.0,0.0,55,209865
622758,2026/27,2,16,CHE,DEF,BHA,1,2026-08-30T13:00:00Z,0,0,0,0,0,0,0,0,0,0,0.0,0.0,0.0,0,0,0,0,0,0,0.0,0.0,0.0,45,1737
624773,2026/27,2,16,CHE,MID,BHA,1,2026-08-30T13:00:00Z,0,0,0,0,0,0,0,0,0,0,0.0,0.0,0.0,0,0,0,0,0,0,0.0,0.0,0.0,65,111448
647850,2026/27,2,16,BHA,FWD,CHE,0,2026-08-30T13:00:00Z,79,1,5,0,1,0,4,0,0,0,0.17,0.02,2.89,6,17,0,0,0,0,17.0,15.1,5.0,55,22097
700308,2026/27,2,16,BHA,MID,CHE,0,2026-08-30T13:00:00Z,0,0,0,0,0,0,0,0,0,0,0.0,0.0,0.0,0,0,0,0,0,0,0.0,0.0,0.0,50,6909
75115,2026/27,2,17,BRE,FWD,LEE,0,2026-08-30T13:00:00Z,2,0,1,0,0,0,0,0,0,0,0.04,0.0,0.0,1,3,0,0,0,0,7.0,0.1,0.0,55,37634
97846,2026/27,2,17,LEE,GKP,BRE,1,2026-08-30T13:00:00Z,0,0,0,0,0,0,0,0,0,0,0.0,0.0,0.0,0,0,0,0,0,0,0.0,0.0,0.0,40,0
153682,2026/27,2,17,LEE,MID,BRE,1,2026-08-30T13:00:00Z,45,0,1,0,0,0,0,0,0,0,0.01,0.04,1.13,6,7,0,0,0,0,6.0,12.1,8.4,65,557212
173774,2026/27,2,17,LEE,DEF,BRE,1,2026-08-30T13:00:00Z,56,0,1,0,0,0,1,0,0,0,0.0,0.0,1.32,6,9,0,0,0,0,6.0,1.1,16.0,45,2511
174594,2026/27,2,17,LEE,FWD,BRE,1,2026-08-30T13:00:00Z,21,0,4,0,1,0,0,0,0,0,0.1,0.0,0.93,1,18,0,0,0,0,6.0,20.3,18.2,55,51231
177815,2026/27,2,17,LEE,FWD,BRE,1,2026-08-30T13:00:00Z,90,1,8,1,0,0,1,0,0,0,0.92,0.02,1.67,4,31,2,0,0,0,35.0,4.0,38.4,60,2823193
180135,2026/27,2,17,LEE,MID,BRE,1,2026-08-30T13:00:00Z,0,0,0,0,0,0,0,0,0,0,0.0,0.0,0.0,0,0,0,0,0,0,0.0,0.0,0.0,50,12723
183656,2026/27,2,17,BRE,MID,LEE,0,2026-08-30T13:00:00Z,0,0,0,0,0,0,0,0,0,0,0.0,0.0,0.0,0,0,0,0,0,0,0.0,0.0,0.0,50,2549
191866,2026/27,2,17,BRE,DEF,LEE,0,2026-08-30T13:00:00Z,90,1,3,0,0,0,1,0,0,0,0.0,0.01,1.46,17,7,0,0,1,0,2.0,21.0,37.8,45,412431
194010,2026/27,2,17,BRE,DEF,LEE,0,2026-08-30T13:00:00Z,2,0,1,0,0,0,0,0,0,0,0.0,0.0,0.0,0,3,0,0,0,0,0.0,0.0,0.0,45,24226
199598,2026/27,2,17,LEE,MID,BRE,1,2026-08-30T13:00:00Z,90,1,2,0,0,0,1,0,0,0,0.01,0.09,1.67,10,12,0,0,0,0,1.0,16.6,19.6,55,133624
200617,2026/27,2,17,LEE,MID,BRE,1,2026-08-30T13:00:00Z,22,0,1,0,0,0,0,0,0,0,0.24,0.01,0.93,2,2,0,0,0,0,12.0,1.1,0.0,50,11703
200720,2026/27,2,17,BRE,GKP,LEE,0,2026-08-30T13:00:00Z,90,1,2,0,0,0,1,0,0,0,0.0,0.0,1.46,0,7,0,1,0,0,0.0,0.0,9.4,50,649790
201595,2026/27,2,17,LEE,GKP,BRE,1,2026-08-30T13:00:00Z,0,0,0,0,0,0,0,0,0,0,0.0,0.0,0.0,0,0,0,0,0,0,0.0,0.0,0.0,45,54468
204580,2026/27,2,17,BRE,MID,LEE,0,2026-08-30T13:00:00Z,90,1,1,0,0,0,1,0,0,0,0.0,0.14,1.46,10,11,0,0,1,0,4.0,35.4,16.4,50,49684
207283,2026/27,2,17,BRE,MID,LEE,0,2026-08-30T13:00:00Z,0,0,0,0,0,0,0,0,0,0,0.0,0.0,0.0,0,0,0,0,0,0,0.0,0.0,0.0,55,22961
214225,2026/27,2,17,LEE,DEF,BRE,1,2026-08-30T13:00:00Z,33,1,1,0,0,0,0,0,0,0,0.0,0.0,0.35,4,4,0,0,0,0,2.0,0.3,8.6,45,358288
220627,2026/27,2,17,LEE,DEF,BRE,1,2026-08-30T13:00:00Z,90,1,2,0,0,0,1,0,0,0,0.03,0.01,1.67,8,12,0,0,0,0,9.0,11.8,24.6,45,121554
221399,2026/27,2,17,LEE,MID,BRE,1,2026-08-30T13:00:00Z,0,0,0,0,0,0,0,0,0,0,0.0,0.0,0.0,0,0,0,0,0,0,0.0,0.0,0.0,50,98
226182,2026/27,2,17,LEE,DEF,BRE,1,2026-08-30T13:00:00Z,67,1,2,0,0,0,1,0,0,0,0.0,0.01,0.74,7,9,0,0,0,0,4.0,11.3,18.6,45,54809
235826,2026/27,2,17,LEE,FWD,BRE,1,2026-08-30T13:00:00Z,0,0,0,0,0,0,0,0,0,0,0.0,0.0,0.0,0,0,0,0,0,0,0.0,0.0,0.0,50,11733
243526,2026/27,2,17,LEE,DEF,BRE,1,2026-08-30T13:00:00Z,0,0,0,0,0,0,0,0,0,0,0.0,0.0,0.0,0,0,0,0,0,0,0.0,0.0,0.0,45,4329
244858,2026/27,2,17,BRE,MID,LEE,0,2026-08-30T13:00:00Z,0,0,0,0,0,0,0,0,0,0,0.0,0.0,0.0,0,0,0,0,0,0,0.0,0.0,0.0,50,1624
248056,2026/27,2,17,LEE,MID,BRE,1,2026-08-30T13:00:00Z,45,0,1,0,0,0,0,0,0,0,0.0,0.01,1.13,11,6,0,0,0,0,0.0,1.8,20.0,50,21386
249231,2026/27,2,17,BRE,MID,LEE,0,2026-08-30T13:00:00Z,87,1,6,0,1,0,1,0,0,0,0.02,0.13,1.46,11,29,1,0,0,0,2.0,31.6,38.4,55,116486
427637,2026/27,2,17,LEE,MID,BRE,1,2026-08-30T13:00:00Z,45,1,1,0,0,0,1,0,0,0,0.0,0.01,0.55,3,6,0,0,0,0,0.0,0.6,2.2,55,85405
432720,2026/27,2,17,LEE,GKP,BRE,1,2026-08-30T13:00:00Z,90,1,3,0,0,0,1,0,0,0,0.0,0.0,1.67,0,20,0,4,0,0,0.0,0.0,37.6,50,437245
432830,2026/27,2,17,BRE,DEF,LEE,0,2026-08-30T13:00:00Z,90,1,3,0,0,0,1,0,0,0,0.17,0.01,1.46,13,14,0,0,1,0,34.0,0.9,28.0,55,207535
434752,2026/27,2,17,LEE,DEF,BRE,1,2026-08-30T13:00:00Z,45,1,1,0,0,0,1,0,0,0,0.0,0.0,0.55,5,0,0,0,0,0,0.0,0.2,8.4,50,96315
435997,2026/27,2,17,LEE,MID,BRE,1,2026-08-30T13:00:00Z,68,1,2,0,0,0,1,0,0,0,0.08,0.01,0.74,2,11,0,0,0,0,10.0,7.5,6.4,60,40559
437738,2026/27,2,17,LEE,DEF,BRE,1,2026-08-30T13:00:00Z,0,0,0,0,0,0,0,0,0,0,0.0,0.0,0.0,0,0,0,0,0,0,0.0,0.0,0.0,45,335
440089,2026/27,2,17,BRE,MID,LEE,0,2026-08-30T13:00:00Z,68,1,3,0,0,1,0,0,0,0,0.03,0.13,0.13,9,20,0,0,0,0,25.0,32.4,16.6,55,52568
444180,2026/27,2,17,BRE,MID,LEE,0,2026-08-30T13:00:00Z,60,1,2,0,0,1,0,0,0,0,0.11,0.06,0.09,1,4,0,0,1,0,15.0,25.9,3.2,60,16949
444765,2026/27,2,17,BRE,DEF,LEE,0,2026-08-30T13:00:00Z,0,0,0,0,0,0,0,0,0,0,0.0,0.0,0.0,0,0,0,0,0,0,0.0,0.0,0.0,50,10710
466525,2026/27,2,17,LEE,MID,BRE,1,2026-08-30T13:00:00Z,90,1,4,0,0,0,1,0,0,0,0.07,0.01,1.67,16,13,0,0,0,0,4.0,17.0,24.6,60,255319
472713,2026/27,2,17,BRE,DEF,LEE,0,2026-08-30T13:00:00Z,2,0,1,0,0,0,0,0,0,0,0.0,0.02,0.0,1,6,0,0,0,0,0.0,4.1,4.0,45,7643
486520,2026/27,2,17,LEE,MID,BRE,1,2026-08-30T13:00:00Z,0,0,0,0,0,0,0,0,0,0,0.0,0.0,0.0,0,0,0,0,0,0,0.0,0.0,0.0,50,362
492859,2026/27,2,17,LEE,MID,BRE,1,2026-08-30T13:00:00Z,0,0,0,0,0,0,0,0,0,0,0.0,0.0,0.0,0,0,0,0,0,0,0.0,0.0,0.0,50,1522
502500,2026/27,2,17,BRE,FWD,LEE,0,2026-08-30T13:00:00Z,90,1,2,0,0,0,1,0,0,0,0.8,0.01,1.46,4,2,0,0,0,0,55.0,6.2,2.4,80,1635017
507433,2026/27,2,17,BRE,GKP,LEE,0,2026-08-30T13:00:00Z,0,0,0,0,0,0,0,0,0,0,0.0,0.0,0.0,0,0,0,0,0,0,0.0,0.0,0.0,45,10896
508395,2026/27,2,17,BRE,MID,LEE,0,2026-08-30T13:00:00Z,21,0,1,0,0,0,1,0,0,0,0.0,0.01,1.32,0,4,0,0,0,0,4.0,12.5,3.0,50,112295
513086,2026/27,2,17,BRE,DEF,LEE,0,2026-08-30T13:00:00Z,0,0,0,0,0,0,0,0,0,0,0.0,0.0,0.0,0,0,0,0,0,0,0.0,0.0,0.0,45,16511
513418,2026/27,2,17,BRE,MID,LEE,0,2026-08-30T13:00:00Z,87,1,10,1,0,0,1,0,0,0,0.25,0.02,1.46,9,34,3,0,0,0,34.0,11.1,45.6,60,344201
513545,2026/27,2,17,BRE,MID,LEE,0,2026-08-30T13:00:00Z,90,1,4,0,0,0,1,0,0,0,0.21,0.03,1.46,14,16,0,0,0,0,11.0,25.3,24.4,56,902725
522047,2026/27,2,17,LEE,DEF,BRE,1,2026-08-30T13:00:00Z,90,1,4,0,0,0,1,0,0,0,0.0,0.01,1.67,19,17,0,0,0,0,2.0,0.8,51.6,50,336009
533463,2026/27,2,17,BRE,MID,LEE,0,2026-08-30T13:00:00Z,29,0,1,0,0,0,1,0,0,0,0.02,0.08,1.36,7,16,0,0,0,0,2.0,15.5,15.4,65,110686
543295,2026/27,2,17,BRE,MID,LEE,0,2026-08-30T13:00:00Z,0,0,0,0,0,0,0,0,0,0,0.0,0.0,0.0,0,0,0,0,0,0,0.0,0.0,0.0,50,190
565297,2026/27,2,17,LEE,FWD,BRE,1,2026-08-30T13:00:00Z,0,0,0,0,0,0,0,0,0,0,0.0,0.0,0.0,0,0,0,0,0,0,0.0,0.0,0.0,45,5489
570241,2026/27,2,17,BRE,DEF,LEE,0,2026-08-30T13:00:00Z,0,0,0,0,0,0,0,0,0,0,0.0,0.0,0.0,0,0,0,0,0,0,0.0,0.0,0.0,45,1940
592740,2026/27,2,17,LEE,MID,BRE,1,2026-08-30T13:00:00Z,0,0,0,0,0,0,0,0,0,0,0.0,0.0,0.0,0,0,0,0,0,0,0.0,0.0,0.0,45,7215
593174,2026/27,2,17,BRE,FWD,LEE,0,2026-08-30T13:00:00Z,0,0,0,0,0,0,0,0,0,0,0.0,0.0,0.0,0,0,0,0,0,0,0.0,0.0,0.0,45,89302
607464,2026/27,2,17,BRE,DEF,LEE,0,2026-08-30T13:00:00Z,87,1,2,0,0,0,1,0,0,0,0.02,0.21,1.46,4,9,0,0,0,0,8.0,16.0,14.4,46,778776
613804,2026/27,2,17,BRE,DEF,LEE,0,2026-08-30T13:00:00Z,0,0,0,0,0,0,0,0,0,0,0.0,0.0,0.0,0,0,0,0,0,0,0.0,0.0,0.0,45,817
643970,2026/27,2,17,LEE,DEF,BRE,1,2026-08-30T13:00:00Z,0,0,0,0,0,0,0,0,0,0,0.0,0.0,0.0,0,0,0,0,0,0,0.0,0.0,0.0,40,7187
21205,2026/27,2,18,MUN,GKP,IPS,1,2026-08-30T15:30:00Z,0,0,0,0,0,0,0,0,0,0,0.0,0.0,0.0,0,0,0,0,0,0,0.0,0.0,0.0,40,8703
50093,2026/27,2,18,IPS,GKP,MUN,0,2026-08-30T15:30:00Z,0,0,0,0,0,0,0,0,0,0,0.0,0.0,0.0,0,0,0,0,0,0,0.0,0.0,0.0,40,44640
59735,2026/27,2,18,MUN,GKP,IPS,1,2026-08-30T15:30:00Z,0,0,0,0,0,0,0,0,0,0,0.0,0.0,0.0,0,0,0,0,0,0,0.0,0.0,0.0,45,3863
95658,2026/27,2,18,MUN,DEF,IPS,1,2026-08-30T15:30:00Z,90,1,4,0,1,0,2,0,0,0,0.03,0.01,2.06,5,13,0,0,0,0,6.0,1.5,7.2,50,1686850
106760,2026/27,2,18,MUN,DEF,IPS,1,2026-08-30T15:30:00Z,72,1,2,0,0,0,1,0,0,0,0.0,0.02,1.06,8,12,0,0,0,0,4.0,1.6,18.4,45,1935721
108813,2026/27,2,18,IPS,GKP,MUN,0,2026-08-30T15:30:00Z,0,0,0,0,0,0,0,0,0,0,0.0,0.0,0.0,0,0,0,0,0,0,0.0,0.0,0.0,45,48759
112520,2026/27,2,18,IPS,GKP,MUN,0,2026-08-30T15:30:00Z,0,0,0,0,0,0,0,0,0,0,0.0,0.0,0.0,0,0,0,0,0,0,0.0,0.0,0.0,40,442454
141746,2026/27,2,18,MUN,MID,IPS,1,2026-08-30T15:30:00Z,90,1,23,3,1,0,2,0,0,0,2.02,0.48,2.06,8,87,3,0,0,0,66.0,62.5,132.4,120,4770471
147675,2026/27,2,18,IPS,FWD,MUN,0,2026-08-30T15:30:00Z,45,0,5,1,0,0,4,0,0,0,0.97,0.0,4.01,0,30,0,0,0,0,17.0,1.7,33.2,50,52422
149929,2026/27,2,18,IPS,MID,MUN,0,2026-08-30T15:30:00Z,0,0,0,0,0,0,0,0,0,0,0.0,0.0,0.0,0,0,0,0,0,0,0.0,0.0,0.0,50,366
166989,2026/27,2,18,MUN,MID,IPS,1,2026-08-30T15:30:00Z,90,1,4,0,0,0,2,0,0,0,0.47,0.11,2.06,13,26,0,0,0,0,20.0,46.3,33.2,60,232262
172453,2026/27,2,18,IPS,MID,MUN,0,2026-08-30T15:30:00Z,0,0,0,0,0,0,0,0,0,0,0.0,0.0,0.0,0,0,0,0,0,0,0.0,0.0,0.0,50,615
176297,2026/27,2,18,MUN,MID,IPS,1,2026-08-30T15:30:00Z,79,1,2,0,0,0,1,0,0,0,0.26,0.05,1.06,6,17,0,0,0,0,58.0,34.3,16.0,70,165554
176420,2026/27,2,18,IPS,DEF,MUN,0,2026-08-30T15:30:00Z,17,0,1,0,0,0,1,0,0,0,0.0,0.0,0.86,3,-1,0,0,0,0,0.0,0.5,5.0,40,59266
183015,2026/27,2,18,IPS,DEF,MUN,0,2026-08-30T15:30:00Z,0,0,0,0,0,0,0,0,0,0,0.0,0.0,0.0,0,0,0,0,0,0,0.0,0.0,0.0,40,60443
184341,2026/27,2,18,MUN,MID,IPS,1,2026-08-30T15:30:00Z,0,0,0,0,0,0,0,0,0,0,0.0,0.0,0.0,0,0,0,0,0,0,0.0,0.0,0.0,55,2752
209365,2026/27,2,18,MUN,DEF,IPS,1,2026-08-30T15:30:00Z,0,0,0,0,0,0,0,0,0,0,0.0,0.0,0.0,0,0,0,0,0,0,0.0,0.0,0.0,50,2498
212314,2026/27,2,18,IPS,MID,MUN,0,2026-08-30T15:30:00Z,72,1,1,0,0,0,4,0,0,0,0.02,0.02,3.91,11,11,0,0,1,0,2.0,11.9,17.4,50,12592
216051,2026/27,2,18,MUN,DEF,IPS,1,2026-08-30T15:30:00Z,73,1,2,0,0,0,1,0,0,0,0.15,0.12,1.06,4,12,0,0,0,0,33.0,42.2,16.4,50,242125
216055,2026/27,2,18,IPS,MID,MUN,0,2026-08-30T15:30:00Z,0,0,0,0,0,0,0,0,0,0,0.0,0.0,0.0,0,0,0,0,0,0,0.0,0.0,0.0,50,11870
216616,2026/27,2,18,IPS,DEF,MUN,0,2026-08-30T15:30:00Z,90,1,0,0,0,0,5,0,0,0,0.07,0.01,4.77,1,-14,0,0,0,0,9.0,0.8,0.0,40,338381
218543,2026/27,2,18,IPS,MID,MUN,0,2026-08-30T15:30:00Z,28,0,1,0,0,0,2,0,0,0,0.0,0.01,1.92,6,11,0,0,0,0,2.0,12.0,7.2,50,127
219924,2026/27,2,18,IPS,DEF,MUN,0,2026-08-30T15:30:00Z,90,1,2,0,0,0,5,0,0,0,0.0,0.0,4.77,12,7,0,0,0,0,0.0,0.3,40.8,40,1683238
221820,2026/27,2,18,MUN,DEF,IPS,1,2026-08-30T15:30:00Z,90,1,1,0,0,0,2,0,0,0,0.03,0.06,2.06,0,2,0,0,0,0,3.0,1.8,4.8,50,127444
222018,2026/27,2,18,IPS,DEF,MUN,0,2026-08-30T15:30:00Z,0,0,0,0,0,0,0,0,0,0,0.0,0.0,0.0,0,0,0,0,0,0,0.0,0.0,0.0,40,10501
222625,2026/27,2,18,IPS,FWD,MUN,0,2026-08-30T15:30:00Z,0,0,0,0,0,0,0,0,0,0,0.0,0.0,0.0,0,0,0,0,0,0,0.0,0.0,0.0,50,16241
229164,2026/27,2,18,IPS,MID,MUN,0,2026-08-30T15:30:00Z,0,0,0,0,0,0,0,0,0,0,0.0,0.0,0.0,0,0,0,0,0,0,0.0,0.0,0.0,50,1468
230001,2026/27,2,18,MUN,DEF,IPS,1,2026-08-30T15:30:00Z,17,0,1,0,0,0,1,0,0,0,0.0,0.0,1.0,0,-1,0,0,0,0,0.0,1.3,1.4,45,70057
231899,2026/27,2,18,IPS,MID,MUN,0,2026-08-30T15:30:00Z,0,0,0,0,0,0,0,0,0,0,0.0,0.0,0.0,0,0,0,0,0,0,0.0,0.0,0.0,45,3887
232112,2026/27,2,18,MUN,MID,IPS,1,2026-08-30T15:30:00Z,0,0,0,0,0,0,0,0,0,0,0.0,0.0,0.0,0,0,0,0,0,0,0.0,0.0,0.0,50,348
232457,2026/27,2,18,IPS,MID,MUN,0,2026-08-30T15:30:00Z,0,0,0,0,0,0,0,0,0,0,0.0,0.0,0.0,0,0,0,0,0,0,0.0,0.0,0.0,50,4692
240514,2026/27,2,18,IPS,GKP,MUN,0,2026-08-30T15:30:00Z,90,1,2,0,0,0,5,0,0,0,0.0,0.01,4.77,0,9,0,6,0,0,0.0,0.0,46.4,45,62701
241117,2026/27,2,18,IPS,MID,MUN,0,2026-08-30T15:30:00Z,0,0,0,0,0,0,0,0,0,0,0.0,0.0,0.0,0,0,0,0,0,0,0.0,0.0,0.0,50,328
430871,2026/27,2,18,MUN,MID,IPS,1,2026-08-30T15:30:00Z,79,1,9,0,2,0,1,0,0,0,0.11,0.15,1.06,2,31,1,0,0,0,28.0,27.6,20.0,80,924196
442967,2026/27,2,18,IPS,MID,MUN,0,2026-08-30T15:30:00Z,72,1,2,0,0,0,4,0,0,0,0.06,0.01,3.91,5,10,0,0,0,0,19.0,1.4,8.0,55,37115
443261,2026/27,2,18,IPS,MID,MUN,0,2026-08-30T15:30:00Z,0,0,0,0,0,0,0,0,0,0,0.0,0.0,0.0,0,0,0,0,0,0,0.0,0.0,0.0,55,29170
446008,2026/27,2,18,MUN,MID,IPS,1,2026-08-30T15:30:00Z,90,1,11,1,1,0,2,0,0,0,1.76,0.21,2.06,5,37,2,0,1,0,35.0,43.3,45.6,80,3537164
449429,2026/27,2,18,IPS,DEF,MUN,0,2026-08-30T15:30:00Z,90,1,-1,0,0,0,5,1,0,0,0.0,0.01,4.77,10,-13,0,0,1,0,0.0,1.3,18.4,40,141835
451302,2026/27,2,18,MUN,GKP,IPS,1,2026-08-30T15:30:00Z,0,0,0,0,0,0,0,0,0,0,0.0,0.0,0.0,0,0,0,0,0,0,0.0,0.0,0.0,45,1739
455084,2026/27,2,18,IPS,DEF,MUN,0,2026-08-30T15:30:00Z,90,1,6,1,0,0,5,0,0,0,0.54,0.12,4.77,4,1,0,0,0,0,50.0,14.7,47.0,40,482824
458249,2026/27,2,18,MUN,FWD,IPS,1,2026-08-30T15:30:00Z,0,0,0,0,0,0,0,0,0,0,0.0,0.0,0.0,0,0,0,0,0,0,0.0,0.0,0.0,55,51589
461587,2026/27,2,18,IPS,MID,MUN,0,2026-08-30T15:30:00Z,7,0,1,0,0,0,0,0,0,0,0.0,0.0,0.18,1,3,0,0,0,0,0.0,0.0,0.2,45,133761
462387,2026/27,2,18,IPS,FWD,MUN,0,2026-08-30T15:30:00Z,0,0,0,0,0,0,0,0,0,0,0.0,0.0,0.0,0,0,0,0,0,0,0.0,0.0,0.0,50,12213
465247,2026/27,2,18,MUN,GKP,IPS,1,2026-08-30T15:30:00Z,90,1,2,0,0,0,2,0,0,0,0.0,0.0,2.06,0,11,0,3,0,0,0.0,0.0,27.0,50,1543070
474120,2026/27,2,18,IPS,MID,MUN,0,2026-08-30T15:30:00Z,90,1,5,0,1,0,5,0,0,0,0.4,0.31,4.77,8,25,0,0,0,0,21.0,12.4,21.8,55,48266
481624,2026/27,2,18,IPS,MID,MUN,0,2026-08-30T15:30:00Z,0,0,0,0,0,0,0,0,0,0,0.0,0.0,0.0,0,0,0,0,0,0,0.0,0.0,0.0,55,12592
485711,2026/27,2,18,MUN,FWD,IPS,1,2026-08-30T15:30:00Z,10,0,1,0,0,0,1,0,0,0,0.0,0.01,1.0,3,5,0,0,0,0,2.0,10.5,2.2,70,181866
490881,2026/27,2,18,MUN,MID,IPS,1,2026-08-30T15:30:00Z,0,0,0,0,0,0,0,0,0,0,0.0,0.0,0.0,0,0,0,0,0,0,0.0,0.0,0.0,50,1667
493250,2026/27,2,18,MUN,MID,IPS,1,2026-08-30T15:30:00Z,0,0,0,0,0,0,0,0,0,0,0.0,0.0,0.0,0,0,0,0,0,0,0.0,0.0,0.0,59,91945
501390,2026/27,2,18,IPS,MID,MUN,0,2026-08-30T15:30:00Z,61,1,2,0,0,0,3,0,0,0,0.0,0.02,2.85,9,6,0,0,0,0,2.0,12.1,11.6,50,14039
516895,2026/27,2,18,MUN,MID,IPS,1,2026-08-30T15:30:00Z,79,1,4,0,0,0,1,0,0,0,0.14,0.27,1.06,15,25,0,0,0,0,9.0,7.2,15.2,55,93316
519913,2026/27,2,18,MUN,MID,IPS,1,2026-08-30T15:30:00Z,0,0,0,0,0,0,0,0,0,0,0.0,0.0,0.0,0,0,0,0,0,0,0.0,0.0,0.0,45,32667
524180,2026/27,2,18,IPS,MID,MUN,0,2026-08-30T15:30:00Z,0,0,0,0,0,0,0,0,0,0,0.0,0.0,0.0,0,0,0,0,0,0,0.0,0.0,0.0,45,3086
531442,2026/27,2,18,IPS,MID,MUN,0,2026-08-30T15:30:00Z,82,1,4,0,1,0,5,0,0,0,0.0,0.22,4.59,4,25,0,0,1,0,2.0,42.3,26.6,55,21573
532605,2026/27,2,18,MUN,MID,IPS,1,2026-08-30T15:30:00Z,10,0,1,0,0,0,1,0,0,0,0.0,0.0,1.0,5,2,0,0,0,0,0.0,0.7,6.2,50,96490
535301,2026/27,2,18,MUN,MID,IPS,1,2026-08-30T15:30:00Z,0,0,0,0,0,0,0,0,0,0,0.0,0.0,0.0,0,0,0,0,0,0,0.0,0.0,0.0,50,17743
543968,2026/27,2,18,IPS,FWD,MUN,0,2026-08-30T15:30:00Z,45,1,1,0,0,0,1,0,0,0,0.0,0.0,0.77,1,7,0,0,0,0,2.0,11.1,1.0,55,182058
546600,2026/27,2,18,IPS,GKP,MUN,0,2026-08-30T15:30:00Z,0,0,0,0,0,0,0,0,0,0,0.0,0.0,0.0,0,0,0,0,0,0,0.0,0.0,0.0,45,3085
547037,2026/27,2,18,MUN,MID,IPS,1,2026-08-30T15:30:00Z,0,0,0,0,0,0,0,0,0,0,0.0,0.0,0.0,0,0,0,0,0,0,0.0,0.0,0.0,50,1094
547676,2026/27,2,18,MUN,DEF,IPS,1,2026-08-30T15:30:00Z,0,0,0,0,0,0,0,0,0,0,0.0,0.0,0.0,0,0,0,0,0,0,0.0,0.0,0.0,40,1885
550864,2026/27,2,18,MUN,DEF,IPS,1,2026-08-30T15:30:00Z,16,0,1,0,0,0,1,0,0,0,0.0,0.01,1.0,2,-2,0,0,0,0,0.0,1.8,1.8,50,62806
557012,2026/27,2,18,IPS,FWD,MUN,0,2026-08-30T15:30:00Z,0,0,0,0,0,0,0,0,0,0,0.0,0.0,0.0,0,0,0,0,0,0,0.0,0.0,0.0,45,247770
572584,2026/27,2,18,IPS,DEF,MUN,0,2026-08-30T15:30:00Z,17,0,1,0,0,0,1,0,0,0,0.0,0.0,0.86,0,-1,0,0,0,0,0.0,0.6,0.6,40,99458
576620,2026/27,2,18,MUN,MID,IPS,1,2026-08-30T15:30:00Z,0,0,0,0,0,0,0,0,0,0,0.0,0.0,0.0,0,0,0,0,0,0,0.0,0.0,0.0,45,17670
576628,2026/27,2,18,MUN,MID,IPS,1,2026-08-30T15:30:00Z,0,0,0,0,0,0,0,0,0,0,0.0,0.0,0.0,0,0,0,0,0,0,0.0,0.0,0.0,50,4851
577974,2026/27,2,18,MUN,DEF,IPS,1,2026-08-30T15:30:00Z,0,0,0,0,0,0,0,0,0,0,0.0,0.0,0.0,0,0,0,0,0,0,0.0,0.0,0.0,40,19337
596047,2026/27,2,18,MUN,FWD,IPS,1,2026-08-30T15:30:00Z,0,0,0,0,0,0,0,0,0,0,0.0,0.0,0.0,0,0,0,0,0,0,0.0,0.0,0.0,45,109991
596777,2026/27,2,18,MUN,MID,IPS,1,2026-08-30T15:30:00Z,10,0,1,0,0,0,1,0,0,0,0.18,0.01,1.0,2,4,0,0,0,0,39.0,11.7,7.0,60,107542
606745,2026/27,2,18,MUN,DEF,IPS,1,2026-08-30T15:30:00Z,0,0,0,0,0,0,0,0,0,0,0.0,0.0,0.0,0,0,0,0,0,0,0.0,0.0,0.0,45,40184
76357,2026/27,2,19,FUL,MID,SUN,0,2026-08-30T13:00:00Z,0,0,0,0,0,0,0,0,0,0,0.0,0.0,0.0,0,0,0,0,0,0,0.0,0.0,0.0,50,379
80201,2026/27,2,19,FUL,GKP,SUN,0,2026-08-30T13:00:00Z,90,1,3,0,0,0,1,0,0,0,0.0,0.0,2.02,0,11,0,3,0,0,0.0,0.0,19.2,45,300981
84450,2026/27,2,19,SUN,MID,FUL,1,2026-08-30T13:00:00Z,90,1,6,0,0,1,0,0,0,0,0.0,0.36,0.95,7,29,3,0,0,0,0.0,57.9,20.4,55,464299
86873,2026/27,2,19,FUL,GKP,SUN,0,2026-08-30T13:00:00Z,0,0,0,0,0,0,0,0,0,0,0.0,0.0,0.0,0,0,0,0,0,0,0.0,0.0,0.0,40,117798
93605,2026/27,2,19,SUN,DEF,FUL,1,2026-08-30T13:00:00Z,90,1,6,0,0,1,0,0,0,0,0.02,0.05,0.95,8,27,0,0,0,0,9.0,20.0,22.6,45,29834
105717,2026/27,2,19,SUN,DEF,FUL,1,2026-08-30T13:00:00Z,0,0,0,0,0,0,0,0,0,0,0.0,0.0,0.0,0,0,0,0,0,0,0.0,0.0,0.0,40,20421
153133,2026/27,2,19,FUL,MID,SUN,0,2026-08-30T13:00:00Z,90,1,2,0,0,0,1,0,0,0,0.01,0.4,2.02,4,20,0,0,0,0,2.0,35.5,12.0,55,95898
153366,2026/27,2,19,FUL,MID,SUN,0,2026-08-30T13:00:00Z,0,0,0,0,0,0,0,0,0,0,0.0,0.0,0.0,0,0,0,0,0,0,0.0,0.0,0.0,45,141446
166477,2026/27,2,19,FUL,DEF,SUN,0,2026-08-30T13:00:00Z,67,1,6,0,0,1,0,0,0,0,0.0,0.0,0.26,2,18,0,0,0,0,0.0,0.7,0.0,45,45933
167074,2026/27,2,19,FUL,DEF,SUN,0,2026-08-30T13:00:00Z,0,0,0,0,0,0,0,0,0,0,0.0,0.0,0.0,0,0,0,0,0,0,0.0,0.0,0.0,45,25956
167512,2026/27,2,19,SUN,DEF,FUL,1,2026-08-30T13:00:00Z,0,0,0,0,0,0,0,0,0,0,0.0,0.0,0.0,0,0,0,0,0,0,0.0,0.0,0.0,40,338160
169528,2026/27,2,19,FUL,DEF,SUN,0,2026-08-30T13:00:00Z,90,1,2,0,0,0,1,0,0,0,0.0,0.02,2.02,3,10,0,0,0,0,0.0,4.6,9.8,45,165662
174874,2026/27,2,19,FUL,DEF,SUN,0,2026-08-30T13:00:00Z,90,1,1,0,0,0,1,0,0,0,0.0,0.04,2.02,8,4,0,0,1,0,2.0,12.9,17.8,50,7735
184349,2026/27,2,19,FUL,DEF,SUN,0,2026-08-30T13:00:00Z,22,0,1,0,0,0,1,0,0,0,0.02,0.12,1.77,1,3,0,0,0,0,8.0,11.0,8.6,45,41879
200834,2026/27,2,19,SUN,DEF,FUL,1,2026-08-30T13:00:00Z,90,1,9,0,0,1,0,0,0,0,0.0,0.01,0.95,19,28,1,0,0,0,2.0,8.0,42.6,55,244003
201895,2026/27,2,19,SUN,DEF,FUL,1,2026-08-30T13:00:00Z,0,0,0,0,0,0,0,0,0,0,0.0,0.0,0.0,0,0,0,0,0,0,0.0,0.0,0.0,50,43620
207189,2026/27,2,19,FUL,MID,SUN,0,2026-08-30T13:00:00Z,82,1,2,0,0,0,1,0,0,0,0.0,0.2,1.85,2,14,0,0,0,0,2.0,27.9,6.0,50,38868
209289,2026/27,2,19,FUL,MID,SUN,0,2026-08-30T13:00:00Z,14,0,1,0,0,0,0,0,0,0,0.06,0.02,0.41,1,5,0,0,0,0,7.0,22.8,5.2,55,36765
223827,2026/27,2,19,SUN,DEF,FUL,1,2026-08-30T13:00:00Z,90,1,8,0,0,1,0,0,0,0,0.03,0.0,0.95,10,27,0,0,0,0,7.0,1.2,23.6,50,495946
232571,2026/27,2,19,SUN,GKP,FUL,1,2026-08-30T13:00:00Z,0,0,0,0,0,0,0,0,0,0,0.0,0.0,0.0,0,0,0,0,0,0,0.0,0.0,0.0,40,16075
232892,2026/27,2,19,FUL,DEF,SUN,0,2026-08-30T13:00:00Z,90,1,2,0,0,0,1,0,0,0,0.0,0.01,2.02,7,13,0,0,0,0,0.0,2.6,19.4,45,75885
244042,2026/27,2,19,FUL,FWD,SUN,0,2026-08-30T13:00:00Z,0,0,0,0,0,0,0,0,0,0,0.0,0.0,0.0,0,0,0,0,0,0,0.0,0.0,0.0,55,54718
246301,2026/27,2,19,FUL,DEF,SUN,0,2026-08-30T13:00:00Z,0,0,0,0,0,0,0,0,0,0,0.0,0.0,0.0,0,0,0,0,0,0,0.0,0.0,0.0,45,3423
434399,2026/27,2,19,SUN,DEF,FUL,1,2026-08-30T13:00:00Z,90,1,6,0,0,1,0,0,0,0,0.0,0.01,0.95,7,26,0,0,0,0,2.0,6.0,16.4,45,44204
437505,2026/27,2,19,SUN,FWD,FUL,1,2026-08-30T13:00:00Z,26,0,8,1,0,0,0,0,0,0,1.39,0.0,0.37,0,29,3,0,0,0,25.0,0.1,29.2,55,85703
441264,2026/27,2,19,SUN,FWD,FUL,1,2026-08-30T13:00:00Z,63,1,2,0,0,1,0,0,0,0,0.03,0.0,0.58,4,5,0,0,0,0,6.0,2.8,0.0,60,1261093
461199,2026/27,2,19,SUN,MID,FUL,1,2026-08-30T13:00:00Z,1,0,1,0,0,0,0,0,0,0,0.17,0.0,0.09,1,2,0,0,0,0,17.0,0.1,8.0,50,822
463210,2026/27,2,19,FUL,MID,SUN,0,2026-08-30T13:00:00Z,22,0,1,0,0,0,1,0,0,0,0.09,0.03,1.77,2,2,0,0,0,0,6.0,2.8,0.6,50,8645
477547,2026/27,2,19,SUN,DEF,FUL,1,2026-08-30T13:00:00Z,0,0,0,0,0,0,0,0,0,0,0.0,0.0,0.0,0,0,0,0,0,0,0.0,0.0,0.0,40,5174
477555,2026/27,2,19,FUL,MID,SUN,0,2026-08-30T13:00:00Z,67,1,3,0,0,1,0,0,0,0,0.0,0.01,0.26,5,8,0,0,0,0,6.0,12.4,7.0,55,33606
484420,2026/27,2,19,SUN,MID,FUL,1,2026-08-30T13:00:00Z,89,1,3,0,0,1,0,0,0,0,0.37,0.17,0.86,6,13,0,0,0,0,30.0,21.2,3.4,60,853085
487676,2026/27,2,19,SUN,DEF,FUL,1,2026-08-30T13:00:00Z,90,1,6,0,0,1,0,0,0,0,0.0,0.01,0.95,6,24,0,0,0,0,2.0,19.1,18.6,45,631620
498016,2026/27,2,19,SUN,GKP,FUL,1,2026-08-30T13:00:00Z,90,1,6,0,0,1,0,0,0,0,0.0,0.0,0.95,0,22,0,0,0,0,0.0,0.0,4.0,50,389022
505079,2026/27,2,19,FUL,GKP,SUN,0,2026-08-30T13:00:00Z,0,0,0,0,0,0,0,0,0,0,0.0,0.0,0.0,0,0,0,0,0,0,0.0,0.0,0.0,40,15794
515046,2026/27,2,19,SUN,GKP,FUL,1,2026-08-30T13:00:00Z,0,0,0,0,0,0,0,0,0,0,0.0,0.0,0.0,0,0,0,0,0,0,0.0,0.0,0.0,45,8877
519634,2026/27,2,19,SUN,DEF,FUL,1,2026-08-30T13:00:00Z,0,0,0,0,0,0,0,0,0,0,0.0,0.0,0.0,0,0,0,0,0,0,0.0,0.0,0.0,45,1055
535818,2026/27,2,19,SUN,MID,FUL,1,2026-08-30T13:00:00Z,0,0,0,0,0,0,0,0,0,0,0.0,0.0,0.0,0,0,0,0,0,0,0.0,0.0,0.0,50,6042
536661,2026/27,2,19,SUN,MID,FUL,1,2026-08-30T13:00:00Z,64,1,3,0,0,1,0,0,0,0,0.0,0.04,0.58,5,13,0,0,0,0,0.0,16.7,7.2,50,13112
547027,2026/27,2,19,SUN,MID,FUL,1,2026-08-30T13:00:00Z,18,0,4,0,1,0,0,0,0,0,0.0,0.16,0.02,0,15,0,0,0,0,0.0,10.3,15.2,55,6801
547686,2026/27,2,19,FUL,DEF,SUN,0,2026-08-30T13:00:00Z,0,0,0,0,0,0,0,0,0,0,0.0,0.0,0.0,0,0,0,0,0,0,0.0,0.0,0.0,40,7950
549912,2026/27,2,19,SUN,MID,FUL,1,2026-08-30T13:00:00Z,0,0,0,0,0,0,0,0,0,0,0.0,0.0,0.0,0,0,0,0,0,0,0.0,0.0,0.0,55,20684
551466,2026/27,2,19,FUL,FWD,SUN,0,2026-08-30T13:00:00Z,90,1,2,0,0,0,1,0,0,0,0.27,0.01,2.02,4,2,0,0,0,0,24.0,2.8,5.6,60,399587
554197,2026/27,2,19,SUN,MID,FUL,1,2026-08-30T13:00:00Z,7,0,1,0,0,0,0,0,0,0,0.0,0.0,0.34,0,3,0,0,0,0,0.0,0.0,0.0,50,6409
560552,2026/27,2,19,FUL,MID,SUN,0,2026-08-30T13:00:00Z,7,0,1,0,0,0,0,0,0,0,0.0,0.04,0.17,0,2,0,0,0,0,0.0,1.5,0.0,55,5495
571779,2026/27,2,19,FUL,MID,SUN,0,2026-08-30T13:00:00Z,75,1,1,0,0,0,1,0,0,0,0.02,0.0,1.62,9,6,0,0,1,0,3.0,1.3,3.0,55,20418
577669,2026/27,2,19,SUN,MID,FUL,1,2026-08-30T13:00:00Z,90,1,3,0,0,1,0,0,0,0,0.02,0.02,0.95,11,21,0,0,0,0,6.0,7.8,18.4,50,32341
577725,2026/27,2,19,FUL,MID,SUN,0,2026-08-30T13:00:00Z,90,1,2,0,0,0,1,0,0,0,0.47,0.03,2.02,4,8,0,0,0,0,21.0,4.5,10.6,55,59498
616069,2026/27,2,19,FUL,MID,SUN,0,2026-08-30T13:00:00Z,0,0,0,0,0,0,0,0,0,0,0.0,0.0,0.0,0,0,0,0,0,0,0.0,0.0,0.0,45,0
631786,2026/27,2,19,FUL,FWD,SUN,0,2026-08-30T13:00:00Z,0,0,0,0,0,0,0,0,0,0,0.0,0.0,0.0,0,0,0,0,0,0,0.0,0.0,0.0,45,685336
638411,2026/27,2,19,SUN,DEF,FUL,1,2026-08-30T13:00:00Z,0,0,0,0,0,0,0,0,0,0,0.0,0.0,0.0,0,0,0,0,0,0,0.0,0.0,0.0,45,156
696104,2026/27,2,19,SUN,MID,FUL,1,2026-08-30T13:00:00Z,0,0,0,0,0,0,0,0,0,0,0.0,0.0,0.0,0,0,0,0,0,0,0.0,0.0,0.0,45,6052
699989,2026/27,2,19,SUN,MID,FUL,1,2026-08-30T13:00:00Z,0,0,0,0,0,0,0,0,0,0,0.0,0.0,0.0,0,0,0,0,0,0,0.0,0.0,0.0,50,569
72147,2026/27,2,20,AVL,GKP,ARS,1,2026-08-31T19:00:00Z,0,0,0,0,0,0,0,0,0,0,0.0,0.0,0.0,0,0,0,0,0,0,0.0,0.0,0.0,45,13320
88894,2026/27,2,20,AVL,MID,ARS,1,2026-08-31T19:00:00Z,77,1,2,0,0,0,1,0,0,0,0.03,0.02,1.04,10,23,0,0,0,0,2.0,23.3,12.8,50,23246
101188,2026/27,2,20,AVL,DEF,ARS,1,2026-08-31T19:00:00Z,0,0,0,0,0,0,0,0,0,0,0.0,0.0,0.0,0,0,0,0,0,0,0.0,0.0,0.0,45,8690
109745,2026/27,2,20,ARS,GKP,AVL,0,2026-08-31T19:00:00Z,0,0,0,0,0,0,0,0,0,0,0.0,0.0,0.0,0,0,0,0,0,0,0.0,0.0,0.0,50,7844
119090,2026/27,2,20,AVL,MID,ARS,1,2026-08-31T19:00:00Z,0,0,0,0,0,0,0,0,0,0,0.0,0.0,0.0,0,0,0,0,0,0,0.0,0.0,0.0,60,386
122806,2026/27,2,20,AVL,MID,ARS,1,2026-08-31T19:00:00Z,90,1,1,0,0,0,1,0,0,0,0.05,0.05,1.04,4,2,0,0,1,0,10.0,12.0,0.0,55,274653
149484,2026/27,2,20,AVL,DEF,ARS,1,2026-08-31T19:00:00Z,0,0,0,0,0,0,0,0,0,0,0.0,0.0,0.0,0,0,0,0,0,0,0.0,0.0,0.0,45,38144
154561,2026/27,2,20,ARS,GKP,AVL,0,2026-08-31T19:00:00Z,90,1,6,0,0,1,0,0,0,0,0.0,0.0,0.33,0,21,0,0,0,0,0.0,0.0,5.6,60,3801300
173879,2026/27,2,20,AVL,FWD,ARS,1,2026-08-31T19:00:00Z,19,0,1,0,0,0,0,0,0,0,0.0,0.0,0.02,0,3,0,0,0,0,0.0,1.3,0.0,55,10592
178301,2026/27,2,20,AVL,FWD,ARS,1,2026-08-31T19:00:00Z,0,0,0,0,0,0,0,0,0,0,0.0,0.0,0.0,0,0,0,0,0,0,0.0,0.0,0.0,79,734872
184029,2026/27,2,20,ARS,MID,AVL,0,2026-08-31T19:00:00Z,70,1,3,0,0,1,0,0,0,0,0.08,0.07,0.33,5,13,0,0,0,0,5.0,6.8,6.8,66,1174125
184667,2026/27,2,20,AVL,DEF,ARS,1,2026-08-31T19:00:00Z,90,1,2,0,0,0,1,0,0,0,0.0,0.08,1.04,7,10,0,0,0,0,0.0,1.2,15.0,45,27172
195384,2026/27,2,20,ARS,MID,AVL,0,2026-08-31T19:00:00Z,19,0,1,0,0,0,0,0,0,0,0.0,0.0,0.0,4,7,0,0,0,0,0.0,1.0,2.8,60,58253
195546,2026/27,2,20,AVL,MID,ARS,1,2026-08-31T19:00:00Z,90,1,2,0,0,0,1,0,0,0,0.04,0.02,1.04,5,9,0,0,0,0,9.0,13.2,5.0,60,114718
198869,2026/27,2,20,ARS,DEF,AVL,0,2026-08-31T19:00:00Z,90,1,7,0,0,1,0,0,0,0,0.0,0.05,0.33,4,26,1,0,0,0,0.0,20.3,16.4,55,683136
199796,2026/27,2,20,AVL,DEF,ARS,1,2026-08-31T19:00:00Z,77,1,2,0,0,0,1,0,0,0,0.15,0.01,1.04,6,8,0,0,0,0,7.0,1.8,14.0,45,749133
199798,2026/27,2,20,ARS,DEF,AVL,0,2026-08-31T19:00:00Z,11,0,1,0,0,0,0,0,0,0,0.0,0.0,0.0,1,3,0,0,0,0,0.0,0.1,3.2,45,1061562
200641,2026/27,2,20,ARS,MID,AVL,0,2026-08-31T19:00:00Z,0,0,0,0,0,0,0,0,0,0,0.0,0.0,0.0,0,0,0,0,0,0,0.0,0.0,0.0,55,966
204480,2026/27,2,20,ARS,MID,AVL,0,2026-08-31T19:00:00Z,84,1,5,0,0,1,0,0,0,0,0.0,0.1,0.33,12,19,0,0,0,0,0.0,27.6,24.0,75,1662633
205651,2026/27,2,20,ARS,FWD,AVL,0,2026-08-31T19:00:00Z,0,0,0,0,0,0,0,0,0,0,0.0,0.0,0.0,0,0,0,0,0,0,0.0,0.0,0.0,60,32779
208706,2026/27,2,20,ARS,MID,AVL,0,2026-08-31T19:00:00Z,19,0,1,0,0,0,0,0,0,0,0.0,0.01,0.0,3,4,0,0,0,0,2.0,0.8,1.4,69,265263
214590,2026/27,2,20,AVL,DEF,ARS,1,2026-08-31T19:00:00Z,12,0,1,0,0,0,0,0,0,0,0.0,0.0,0.0,2,4,0,0,0,0,0.0,0.8,3.6,45,4588
215711,2026/27,2,20,AVL,MID,ARS,1,2026-08-31T19:00:00Z,0,0,0,0,0,0,0,0,0,0,0.0,0.0,0.0,0,0,0,0,0,0,0.0,0.0,0.0,55,14192
219847,2026/27,2,20,ARS,FWD,AVL,0,2026-08-31T19:00:00Z,90,1,2,0,0,1,0,0,0,0,0.02,0.03,0.33,5,5,0,0,0,0,23.0,3.4,2.4,75,752082
223340,2026/27,2,20,ARS,MID,AVL,0,2026-08-31T19:00:00Z,90,1,11,1,0,1,0,0,0,0,0.63,0.04,0.33,11,46,3,0,0,0,44.0,8.0,41.0,95,1039189
224117,2026/27,2,20,ARS,FWD,AVL,0,2026-08-31T19:00:00Z,0,0,0,0,0,0,0,0,0,0,0.0,0.0,0.0,0,0,0,0,0,0,0.0,0.0,0.0,74,650596
226597,2026/27,2,20,ARS,DEF,AVL,0,2026-08-31T19:00:00Z,90,1,8,0,0,1,0,0,0,0,0.13,0.02,0.33,10,23,0,0,0,0,6.0,3.2,18.2,80,2878770
226944,2026/27,2,20,AVL,MID,ARS,1,2026-08-31T19:00:00Z,90,1,2,0,0,0,1,0,0,0,0.0,0.03,1.04,8,13,0,0,0,0,0.0,14.2,10.6,50,33591
232413,2026/27,2,20,ARS,MID,AVL,0,2026-08-31T19:00:00Z,45,0,1,0,0,0,0,0,0,0,0.0,0.07,0.24,3,6,0,0,0,0,2.0,2.0,1.6,65,169814
244954,2026/27,2,20,AVL,DEF,ARS,1,2026-08-31T19:00:00Z,90,1,2,0,0,0,1,0,0,0,0.0,0.01,1.04,4,6,0,0,0,0,0.0,0.8,11.0,45,41549
248857,2026/27,2,20,ARS,MID,AVL,0,2026-08-31T19:00:00Z,0,0,0,0,0,0,0,0,0,0,0.0,0.0,0.0,0,0,0,0,0,0,0.0,0.0,0.0,64,29476
433969,2026/27,2,20,AVL,GKP,ARS,1,2026-08-31T19:00:00Z,90,1,2,0,0,0,1,0,0,0,0.0,0.0,1.04,0,8,0,1,0,0,0.0,0.0,13.6,50,82325
437495,2026/27,2,20,ARS,GKP,AVL,0,2026-08-31T19:00:00Z,0,0,0,0,0,0,0,0,0,0,0.0,0.0,0.0,0,0,0,0,0,0,0.0,0.0,0.0,50,3125
438098,2026/27,2,20,ARS,MID,AVL,0,2026-08-31T19:00:00Z,0,0,0,0,0,0,0,0,0,0,0.0,0.0,0.0,0,0,0,0,0,0,0.0,0.0,0.0,55,979
439509,2026/27,2,20,ARS,MID,AVL,0,2026-08-31T19:00:00Z,45,1,0,0,0,0,0,0,0,0,0.0,0.01,0.1,3,1,0,0,1,0,4.0,11.8,0.0,65,2597617
441302,2026/27,2,20,AVL,DEF,ARS,1,2026-08-31T19:00:00Z,90,1,1,0,0,0,1,0,0,0,0.07,0.0,1.04,8,-5,0,0,1,0,12.0,0.5,4.8,45,72655
444145,2026/27,2,20,ARS,MID,AVL,0,2026-08-31T19:00:00Z,0,0,0,0,0,0,0,0,0,0,0.0,0.0,0.0,0,0,0,0,0,0,0.0,0.0,0.0,64,19331
445122,2026/27,2,20,ARS,DEF,AVL,0,2026-08-31T19:00:00Z,0,0,0,0,0,0,0,0,0,0,0.0,0.0,0.0,0,0,0,0,0,0,0.0,0.0,0.0,65,9810
448089,2026/27,2,20,AVL,MID,ARS,1,2026-08-31T19:00:00Z,0,0,0,0,0,0,0,0,0,0,0.0,0.0,0.0,0,0,0,0,0,0,0.0,0.0,0.0,55,5096
448104,2026/27,2,20,ARS,DEF,AVL,0,2026-08-31T19:00:00Z,0,0,0,0,0,0,0,0,0,0,0.0,0.0,0.0,0,0,0,0,0,0,0.0,0.0,0.0,54,145234
449871,2026/27,2,20,AVL,MID,ARS,1,2026-08-31T19:00:00Z,0,0,0,0,0,0,0,0,0,0,0.0,0.0,0.0,0,0,0,0,0,0,0.0,0.0,0.0,50,2156
462424,2026/27,2,20,ARS,DEF,AVL,0,2026-08-31T19:00:00Z,0,0,0,0,0,0,0,0,0,0,0.0,0.0,0.0,0,0,0,0,0,0,0.0,0.0,0.0,60,25581
466075,2026/27,2,20,ARS,DEF,AVL,0,2026-08-31T19:00:00Z,90,1,11,0,1,1,0,0,0,0,0.11,0.46,0.33,3,30,2,0,0,0,9.0,11.9,21.2,56,4150694
469247,2026/27,2,20,AVL,MID,ARS,1,2026-08-31T19:00:00Z,0,0,0,0,0,0,0,0,0,0,0.0,0.0,0.0,0,0,0,0,0,0,0.0,0.0,0.0,50,271
481655,2026/27,2,20,ARS,MID,AVL,0,2026-08-31T19:00:00Z,5,0,1,0,0,0,0,0,0,0,0.0,0.0,0.0,2,5,0,0,0,0,0.0,0.9,4.8,55,94430
487992,2026/27,2,20,AVL,DEF,ARS,1,2026-08-31T19:00:00Z,0,0,0,0,0,0,0,0,0,0,0.0,0.0,0.0,0,0,0,0,0,0,0.0,0.0,0.0,45,10673
493105,2026/27,2,20,AVL,MID,ARS,1,2026-08-31T19:00:00Z,12,0,1,0,0,0,0,0,0,0,0.0,0.0,0.0,2,3,0,0,0,0,0.0,2.0,0.2,60,53506
499169,2026/27,2,20,ARS,MID,AVL,0,2026-08-31T19:00:00Z,70,1,3,0,0,1,0,0,0,0,0.07,0.02,0.33,5,15,0,0,0,0,5.0,3.2,10.6,55,70615
499175,2026/27,2,20,ARS,MID,AVL,0,2026-08-31T19:00:00Z,0,0,0,0,0,0,0,0,0,0,0.0,0.0,0.0,0,0,0,0,0,0,0.0,0.0,0.0,55,1254
500040,2026/27,2,20,ARS,DEF,AVL,0,2026-08-31T19:00:00Z,78,1,6,0,0,1,0,0,0,0,0.0,0.01,0.33,4,25,0,0,0,0,0.0,1.4,10.2,55,566006
515597,2026/27,2,20,AVL,MID,ARS,1,2026-08-31T19:00:00Z,0,0,0,0,0,0,0,0,0,0,0.0,0.0,0.0,0,0,0,0,0,0,0.0,0.0,0.0,50,6973
517052,2026/27,2,20,AVL,FWD,ARS,1,2026-08-31T19:00:00Z,70,1,2,0,0,0,1,0,0,0,0.0,0.1,1.01,3,11,0,0,0,0,2.0,5.9,4.2,65,63340
569577,2026/27,2,20,AVL,DEF,ARS,1,2026-08-31T19:00:00Z,0,0,0,0,0,0,0,0,0,0,0.0,0.0,0.0,0,0,0,0,0,0,0.0,0.0,0.0,40,5947
571380,2026/27,2,20,AVL,MID,ARS,1,2026-08-31T19:00:00Z,0,0,0,0,0,0,0,0,0,0,0.0,0.0,0.0,0,0,0,0,0,0,0.0,0.0,0.0,45,8874
577285,2026/27,2,20,AVL,MID,ARS,1,2026-08-31T19:00:00Z,70,1,2,0,0,0,1,0,0,0,0.0,0.01,1.01,6,5,0,0,0,0,0.0,4.3,1.8,45,72550
578545,2026/27,2,20,AVL,DEF,ARS,1,2026-08-31T19:00:00Z,0,0,0,0,0,0,0,0,0,0,0.0,0.0,0.0,0,0,0,0,0,0,0.0,0.0,0.0,40,21591
606798,2026/27,2,20,AVL,DEF,ARS,1,2026-08-31T19:00:00Z,0,0,0,0,0,0,0,0,0,0,0.0,0.0,0.0,0,0,0,0,0,0,0.0,0.0,0.0,40,167046
614071,2026/27,2,20,AVL,MID,ARS,1,2026-08-31T19:00:00Z,0,0,0,0,0,0,0,0,0,0,0.0,0.0,0.0,0,0,0,0,0,0,0.0,0.0,0.0,60,18618
616077,2026/27,2,20,ARS,MID,AVL,0,2026-08-31T19:00:00Z,0,0,0,0,0,0,0,0,0,0,0.0,0.0,0.0,0,0,0,0,0,0,0.0,0.0,0.0,54,8233
645618,2026/27,2,20,AVL,MID,ARS,1,2026-08-31T19:00:00Z,0,0,0,0,0,0,0,0,0,0,0.0,0.0,0.0,0,0,0,0,0,0,0.0,0.0,0.0,45,64781
653481,2026/27,2,20,AVL,MID,ARS,1,2026-08-31T19:00:00Z,19,0,0,0,0,0,0,0,0,0,0.0,0.0,0.02,2,2,0,0,1,0,2.0,0.8,1.2,50,4426
690838,2026/27,2,20,AVL,FWD,ARS,1,2026-08-31T19:00:00Z,0,0,0,0,0,0,0,0,0,0,0.0,0.0,0.0,0,0,0,0,0,0,0.0,0.0,0.0,55,40291
50093,2026/27,3,21,IPS,GKP,LIV,1,2026-09-04T19:00:00Z,0,0,0,0,0,0,0,0,0,0,0.0,0.0,0.0,0,0,0,0,0,0,0.0,0.0,0.0,40,51311
97032,2026/27,3,21,LIV,DEF,IPS,0,2026-09-04T19:00:00Z,90,1,6,0,0,1,0,0,0,0,0.0,0.02,0.75,7,32,0,0,0,0,0.0,1.8,23.2,65,1837428
108813,2026/27,3,21,IPS,GKP,LIV,1,2026-09-04T19:00:00Z,0,0,0,0,0,0,0,0,0,0,0.0,0.0,0.0,0,0,0,0,0,0,0.0,0.0,0.0,45,44862
112520,2026/27,3,21,IPS,GKP,LIV,1,2026-09-04T19:00:00Z,0,0,0,0,0,0,0,0,0,0,0.0,0.0,0.0,0,0,0,0,0,0,0.0,0.0,0.0,40,452044
116535,2026/27,3,21,LIV,GKP,IPS,0,2026-09-04T19:00:00Z,90,1,8,0,0,1,0,0,0,0,0.0,0.0,0.75,0,35,1,5,0,0,0.0,0.0,30.4,55,402518
147675,2026/27,3,21,IPS,FWD,LIV,1,2026-09-04T19:00:00Z,0,0,0,0,0,0,0,0,0,0,0.0,0.0,0.0,0,0,0,0,0,0,0.0,0.0,0.0,50,114005
149929,2026/27,3,21,IPS,MID,LIV,1,2026-09-04T19:00:00Z,0,0,0,0,0,0,0,0,0,0,0.0,0.0,0.0,0,0,0,0,0,0,0.0,0.0,0.0,50,278
155503,2026/27,3,21,LIV,GKP,IPS,0,2026-09-04T19:00:00Z,0,0,0,0,0,0,0,0,0,0,0.0,0.0,0.0,0,0,0,0,0,0,0.0,0.0,0.0,40,114962
158983,2026/27,3,21,LIV,MID,IPS,0,2026-09-04T19:00:00Z,0,0,0,0,0,0,0,0,0,0,0.0,0.0,0.0,0,0,0,0,0,0,0.0,0.0,0.0,50,6810
171287,2026/27,3,21,LIV,DEF,IPS,0,2026-09-04T19:00:00Z,0,0,0,0,0,0,0,0,0,0,0.0,0.0,0.0,0,0,0,0,0,0,0.0,0.0,0.0,50,1465
172453,2026/27,3,21,IPS,MID,LIV,1,2026-09-04T19:00:00Z,0,0,0,0,0,0,0,0,0,0,0.0,0.0,0.0,0,0,0,0,0,0,0.0,0.0,0.0,50,427
176420,2026/27,3,21,IPS,DEF,LIV,1,2026-09-04T19:00:00Z,0,0,0,0,0,0,0,0,0,0,0.0,0.0,0.0,0,0,0,0,0,0,0.0,0.0,0.0,40,55806
183015,2026/27,3,21,IPS,DEF,LIV,1,2026-09-04T19:00:00Z,0,0,0,0,0,0,0,0,0,0,0.0,0.0,0.0,0,0,0,0,0,0,0.0,0.0,0.0,40,56159
206915,2026/27,3,21,LIV,MID,IPS,0,2026-09-04T19:00:00Z,0,0,0,0,0,0,0,0,0,0,0.0,0.0,0.0,0,0,0,0,0,0,0.0,0.0,0.0,55,2874
212314,2026/27,3,21,IPS,MID,LIV,1,2026-09-04T19:00:00Z,90,1,2,0,0,0,2,0,0,0,0.0,0.02,0.69,4,13,0,0,0,0,0.0,14.2,10.4,50,11933
214285,2026/27,3,21,LIV,DEF,IPS,0,2026-09-04T19:00:00Z,0,0,0,0,0,0,0,0,0,0,0.0,0.0,0.0,0,0,0,0,0,0,0.0,0.0,0.0,50,7858
216055,2026/27,3,21,IPS,MID,LIV,1,2026-09-04T19:00:00Z,0,0,0,0,0,0,0,0,0,0,0.0,0.0,0.0,0,0,0,0,0,0,0.0,0.0,0.0,49,9821
216094,2026/27,3,21,LIV,DEF,IPS,0,2026-09-04T19:00:00Z,0,0,0,0,0,0,0,0,0,0,0.0,0.0,0.0,0,0,0,0,0,0,0.0,0.0,0.0,55,309643
216616,2026/27,3,21,IPS,DEF,LIV,1,2026-09-04T19:00:00Z,90,1,3,0,0,0,2,0,0,0,0.0,0.01,0.69,11,5,0,0,0,0,4.0,4.4,23.8,40,330000
218543,2026/27,3,21,IPS,MID,LIV,1,2026-09-04T19:00:00Z,77,1,4,0,0,0,2,0,0,0,0.0,0.02,0.69,19,24,0,0,0,0,0.0,22.5,20.2,50,1551
219168,2026/27,3,21,LIV,FWD,IPS,0,2026-09-04T19:00:00Z,63,1,13,2,0,1,0,0,0,0,0.21,0.05,0.58,3,61,3,0,0,0,34.0,6.4,67.0,90,1811350
219924,2026/27,3,21,IPS,DEF,LIV,1,2026-09-04T19:00:00Z,90,1,3,0,0,0,2,0,0,0,0.0,0.01,0.69,11,10,0,0,0,0,0.0,10.8,27.2,40,1603991
222018,2026/27,3,21,IPS,DEF,LIV,1,2026-09-04T19:00:00Z,0,0,0,0,0,0,0,0,0,0,0.0,0.0,0.0,0,0,0,0,0,0,0.0,0.0,0.0,40,10397
222625,2026/27,3,21,IPS,FWD,LIV,1,2026-09-04T19:00:00Z,0,0,0,0,0,0,0,0,0,0,0.0,0.0,0.0,0,0,0,0,0,0,0.0,0.0,0.0,50,11907
223541,2026/27,3,21,LIV,MID,IPS,0,2026-09-04T19:00:00Z,0,0,0,0,0,0,0,0,0,0,0.0,0.0,0.0,0,0,0,0,0,0,0.0,0.0,0.0,54,6728
229164,2026/27,3,21,IPS,MID,LIV,1,2026-09-04T19:00:00Z,0,0,0,0,0,0,0,0,0,0,0.0,0.0,0.0,0,0,0,0,0,0,0.0,0.0,0.0,49,1159
231899,2026/27,3,21,IPS,MID,LIV,1,2026-09-04T19:00:00Z,0,0,0,0,0,0,0,0,0,0,0.0,0.0,0.0,0,0,0,0,0,0,0.0,0.0,0.0,45,3500
232457,2026/27,3,21,IPS,MID,LIV,1,2026-09-04T19:00:00Z,0,0,0,0,0,0,0,0,0,0,0.0,0.0,0.0,0,0,0,0,0,0,0.0,0.0,0.0,49,4120
240514,2026/27,3,21,IPS,GKP,LIV,1,2026-09-04T19:00:00Z,90,1,2,0,0,0,2,0,0,0,0.0,0.0,0.69,0,13,0,5,0,0,0.0,0.0,27.8,45,58738
241117,2026/27,3,21,IPS,MID,LIV,1,2026-09-04T19:00:00Z,0,0,0,0,0,0,0,0,0,0,0.0,0.0,0.0,0,0,0,0,0,0,0.0,0.0,0.0,50,278
243016,2026/27,3,21,LIV,MID,IPS,0,2026-09-04T19:00:00Z,83,1,2,0,0,1,0,0,0,0,0.08,0.02,0.6,11,14,0,0,1,0,18.0,12.8,16.6,55,147584
243298,2026/27,3,21,LIV,MID,IPS,0,2026-09-04T19:00:00Z,90,1,11,0,2,1,0,0,0,0,0.06,0.4,0.75,10,43,2,0,0,0,13.0,42.7,49.6,71,933667
424876,2026/27,3,21,LIV,MID,IPS,0,2026-09-04T19:00:00Z,90,1,3,0,0,1,0,0,0,0,0.16,0.08,0.75,9,20,0,0,0,0,21.0,29.9,19.4,70,4313411
431639,2026/27,3,21,IPS,FWD,LIV,1,2026-09-04T19:00:00Z,24,0,1,0,0,0,0,0,0,0,0.02,0.01,0.06,0,4,0,0,0,0,7.0,0.5,3.2,55,1904
432987,2026/27,3,21,LIV,GKP,IPS,0,2026-09-04T19:00:00Z,0,0,0,0,0,0,0,0,0,0,0.0,0.0,0.0,0,0,0,0,0,0,0.0,0.0,0.0,40,1744
441266,2026/27,3,21,LIV,MID,IPS,0,2026-09-04T19:00:00Z,26,0,1,0,0,0,0,0,0,0,0.0,0.0,0.17,2,2,0,0,0,0,0.0,1.7,2.2,60,168420
442967,2026/27,3,21,IPS,MID,LIV,1,2026-09-04T19:00:00Z,65,1,2,0,0,0,2,0,0,0,0.04,0.0,0.62,5,9,0,0,0,0,17.0,0.1,8.2,55,32352
443261,2026/27,3,21,IPS,MID,LIV,1,2026-09-04T19:00:00Z,24,0,1,0,0,0,0,0,0,0,0.05,0.02,0.06,2,3,0,0,0,0,4.0,11.7,3.4,55,24744
444884,2026/27,3,21,LIV,MID,IPS,0,2026-09-04T19:00:00Z,0,0,0,0,0,0,0,0,0,0,0.0,0.0,0.0,0,0,0,0,0,0,0.0,0.0,0.0,54,5742
445087,2026/27,3,21,LIV,DEF,IPS,0,2026-09-04T19:00:00Z,90,1,8,0,0,1,0,0,0,0,0.0,0.01,0.75,10,27,0,0,0,0,2.0,2.4,20.0,54,212525
449027,2026/27,3,21,LIV,GKP,IPS,0,2026-09-04T19:00:00Z,0,0,0,0,0,0,0,0,0,0,0.0,0.0,0.0,0,0,0,0,0,0,0.0,0.0,0.0,49,14432
449429,2026/27,3,21,IPS,DEF,LIV,1,2026-09-04T19:00:00Z,90,1,1,0,0,0,2,0,0,0,0.0,0.04,0.69,7,6,0,0,0,0,4.0,12.3,15.0,40,134162
455084,2026/27,3,21,IPS,DEF,LIV,1,2026-09-04T19:00:00Z,90,1,1,0,0,0,2,0,0,0,0.11,0.12,0.69,6,4,0,0,0,0,19.0,21.5,17.4,40,540194
461587,2026/27,3,21,IPS,MID,LIV,1,2026-09-04T19:00:00Z,11,0,1,0,0,0,0,0,0,0,0.05,0.0,0.0,1,5,0,0,0,0,7.0,0.5,3.2,45,133131
462387,2026/27,3,21,IPS,FWD,LIV,1,2026-09-04T19:00:00Z,0,0,0,0,0,0,0,0,0,0,0.0,0.0,0.0,0,0,0,0,0,0,0.0,0.0,0.0,50,8170
464353,2026/27,3,21,LIV,GKP,IPS,0,2026-09-04T19:00:00Z,0,0,0,0,0,0,0,0,0,0,0.0,0.0,0.0,0,0,0,0,0,0,0.0,0.0,0.0,40,16191
474120,2026/27,3,21,IPS,MID,LIV,1,2026-09-04T19:00:00Z,90,1,1,0,0,0,2,0,0,0,0.24,0.02,0.69,5,16,0,0,1,0,23.0,22.5,10.2,55,82553
481624,2026/27,3,21,IPS,MID,LIV,1,2026-09-04T19:00:00Z,0,0,0,0,0,0,0,0,0,0,0.0,0.0,0.0,0,0,0,0,0,0,0.0,0.0,0.0,54,9209
482616,2026/27,3,21,LIV,MID,IPS,0,2026-09-04T19:00:00Z,26,0,1,0,0,0,0,0,0,0,0.0,0.07,0.17,0,5,0,0,0,0,2.0,10.5,3.0,80,145340
489580,2026/27,3,21,LIV,DEF,IPS,0,2026-09-04T19:00:00Z,0,0,0,0,0,0,0,0,0,0,0.0,0.0,0.0,0,0,0,0,0,0,0.0,0.0,0.0,40,12989
491501,2026/27,3,21,LIV,MID,IPS,0,2026-09-04T19:00:00Z,0,0,0,0,0,0,0,0,0,0,0.0,0.0,0.0,0,0,0,0,0,0,0.0,0.0,0.0,45,24779
492777,2026/27,3,21,LIV,DEF,IPS,0,2026-09-04T19:00:00Z,0,0,0,0,0,0,0,0,0,0,0.0,0.0,0.0,0,0,0,0,0,0,0.0,0.0,0.0,50,1036
494595,2026/27,3,21,LIV,MID,IPS,0,2026-09-04T19:00:00Z,90,1,3,0,0,1,0,0,0,0,0.18,0.05,0.65,4,14,0,0,0,0,22.0,34.0,6.6,75,1044657
500058,2026/27,3,21,LIV,FWD,IPS,0,2026-09-04T19:00:00Z,0,0,0,0,0,0,0,0,0,0,0.0,0.0,0.0,0,0,0,0,0,0,0.0,0.0,0.0,45,7591
501390,2026/27,3,21,IPS,MID,LIV,1,2026-09-04T19:00:00Z,0,0,0,0,0,0,0,0,0,0,0.0,0.0,0.0,0,0,0,0,0,0,0.0,0.0,0.0,50,13914
510663,2026/27,3,21,LIV,FWD,IPS,0,2026-09-04T19:00:00Z,0,0,0,0,0,0,0,0,0,0,0.0,0.0,0.0,0,0,0,0,0,0,0.0,0.0,0.0,75,12739
514514,2026/27,3,21,LIV,MID,IPS,0,2026-09-04T19:00:00Z,1,0,1,0,0,0,0,0,0,0,0.0,0.0,0.1,0,3,0,0,0,0,0.0,0.0,0.0,50,2473
519440,2026/27,3,21,LIV,DEF,IPS,0,2026-09-04T19:00:00Z,0,0,0,0,0,0,0,0,0,0,0.0,0.0,0.0,0,0,0,0,0,0,0.0,0.0,0.0,40,13766
524180,2026/27,3,21,IPS,MID,LIV,1,2026-09-04T19:00:00Z,0,0,0,0,0,0,0,0,0,0,0.0,0.0,0.0,0,0,0,0,0,0,0.0,0.0,0.0,45,4148
531442,2026/27,3,21,IPS,MID,LIV,1,2026-09-04T19:00:00Z,78,1,2,0,0,0,2,0,0,0,0.03,0.15,0.69,6,14,0,0,0,0,4.0,32.9,10.2,55,21660
535928,2026/27,3,21,LIV,MID,IPS,0,2026-09-04T19:00:00Z,0,0,0,0,0,0,0,0,0,0,0.0,0.0,0.0,0,0,0,0,0,0,0.0,0.0,0.0,50,148
543968,2026/27,3,21,IPS,FWD,LIV,1,2026-09-04T19:00:00Z,65,1,2,0,0,0,2,0,0,0,0.22,0.0,0.62,3,8,0,0,0,0,8.0,0.0,3.2,55,167319
544877,2026/27,3,21,LIV,DEF,IPS,0,2026-09-04T19:00:00Z,90,1,5,0,0,1,0,0,0,0,0.0,0.03,0.75,5,23,0,0,1,0,0.0,11.3,13.8,55,302995
546600,2026/27,3,21,IPS,GKP,LIV,1,2026-09-04T19:00:00Z,0,0,0,0,0,0,0,0,0,0,0.0,0.0,0.0,0,0,0,0,0,0,0.0,0.0,0.0,45,2365
551499,2026/27,3,21,LIV,MID,IPS,0,2026-09-04T19:00:00Z,63,1,3,0,0,1,0,0,0,0,0.0,0.02,0.58,4,9,0,0,0,0,6.0,4.3,0.8,65,147326
557012,2026/27,3,21,IPS,FWD,LIV,1,2026-09-04T19:00:00Z,0,0,0,0,0,0,0,0,0,0,0.0,0.0,0.0,0,0,0,0,0,0,0.0,0.0,0.0,45,367243
572584,2026/27,3,21,IPS,DEF,LIV,1,2026-09-04T19:00:00Z,12,0,1,0,0,0,0,0,0,0,0.0,0.02,0.0,0,4,0,0,0,0,0.0,14.0,3.6,40,100578
586268,2026/27,3,21,LIV,GKP,IPS,0,2026-09-04T19:00:00Z,0,0,0,0,0,0,0,0,0,0,0.0,0.0,0.0,0,0,0,0,0,0,0.0,0.0,0.0,40,2180
591386,2026/27,3,21,LIV,MID,IPS,0,2026-09-04T19:00:00Z,6,0,1,0,0,0,0,0,0,0,0.0,0.0,0.15,0,3,0,0,0,0,0.0,0.1,0.2,50,3899
606702,2026/27,3,21,LIV,DEF,IPS,0,2026-09-04T19:00:00Z,90,1,5,0,0,1,0,0,0,0,0.0,0.03,0.75,9,28,0,0,1,0,2.0,12.5,22.8,50,277052
611922,2026/27,3,21,LIV,MID,IPS,0,2026-09-04T19:00:00Z,0,0,0,0,0,0,0,0,0,0,0.0,0.0,0.0,0,0,0,0,0,0,0.0,0.0,0.0,59,77015
647681,2026/27,3,21,LIV,DEF,IPS,0,2026-09-04T19:00:00Z,0,0,0,0,0,0,0,0,0,0,0.0,0.0,0.0,0,0,0,0,0,0,0.0,0.0,0.0,40,3887
75115,2026/27,3,22,BRE,FWD,SUN,1,2026-09-05T14:00:00Z,4,0,1,0,0,0,0,0,0,0,0.0,0.0,0.08,1,2,0,0,0,0,0.0,0.0,1.0,55,38790
84450,2026/27,3,22,SUN,MID,BRE,0,2026-09-05T14:00:00Z,90,1,3,0,0,0,1,0,0,0,0.06,0.12,1.21,15,12,0,0,1,0,3.0,20.5,15.2,55,475519
93605,2026/27,3,22,SUN,DEF,BRE,0,2026-09-05T14:00:00Z,63,1,2,0,0,0,1,0,0,0,0.11,0.0,0.76,2,0,0,0,0,0,6.0,1.5,5.2,45,30963
105717,2026/27,3,22,SUN,DEF,BRE,0,2026-09-05T14:00:00Z,0,0,0,0,0,0,0,0,0,0,0.0,0.0,0.0,0,0,0,0,0,0,0.0,0.0,0.0,40,17428
135720,2026/27,3,22,SUN,DEF,BRE,0,2026-09-05T14:00:00Z,90,1,2,0,0,0,1,0,0,0,0.0,0.08,1.21,8,9,0,0,0,0,0.0,10.9,20.8,50,16199
167512,2026/27,3,22,SUN,DEF,BRE,0,2026-09-05T14:00:00Z,0,0,0,0,0,0,0,0,0,0,0.0,0.0,0.0,0,0,0,0,0,0,0.0,0.0,0.0,40,310001
183656,2026/27,3,22,BRE,MID,SUN,1,2026-09-05T14:00:00Z,0,0,0,0,0,0,0,0,0,0,0.0,0.0,0.0,0,0,0,0,0,0,0.0,0.0,0.0,50,2280
191866,2026/27,3,22,BRE,DEF,SUN,1,2026-09-05T14:00:00Z,90,1,2,0,0,0,1,0,0,0,0.0,0.0,1.71,5,8,0,0,0,0,0.0,0.3,11.8,45,610187
194010,2026/27,3,22,BRE,DEF,SUN,1,2026-09-05T14:00:00Z,0,0,0,0,0,0,0,0,0,0,0.0,0.0,0.0,0,0,0,0,0,0,0.0,0.0,0.0,45,22909
200720,2026/27,3,22,BRE,GKP,SUN,1,2026-09-05T14:00:00Z,90,1,2,0,0,0,1,0,0,0,0.0,0.0,1.71,0,10,0,2,0,0,0.0,0.0,16.8,50,832099
200834,2026/27,3,22,SUN,DEF,BRE,0,2026-09-05T14:00:00Z,90,1,4,0,0,0,1,0,0,0,0.0,0.02,1.21,14,16,0,0,0,0,0.0,5.0,32.4,55,247977
201895,2026/27,3,22,SUN,DEF,BRE,0,2026-09-05T14:00:00Z,0,0,0,0,0,0,0,0,0,0,0.0,0.0,0.0,0,0,0,0,0,0,0.0,0.0,0.0,50,35107
204580,2026/27,3,22,BRE,MID,SUN,1,2026-09-05T14:00:00Z,90,1,11,1,0,0,1,0,0,0,0.11,0.01,1.71,12,30,3,0,1,0,17.0,3.1,48.0,50,69448
207283,2026/27,3,22,BRE,MID,SUN,1,2026-09-05T14:00:00Z,0,0,0,0,0,0,0,0,0,0,0.0,0.0,0.0,0,0,0,0,0,0,0.0,0.0,0.0,55,16413
223827,2026/27,3,22,SUN,DEF,BRE,0,2026-09-05T14:00:00Z,90,1,4,0,0,0,1,0,0,0,0.06,0.14,1.21,10,12,0,0,0,0,8.0,10.3,25.0,50,398900
232571,2026/27,3,22,SUN,GKP,BRE,0,2026-09-05T14:00:00Z,0,0,0,0,0,0,0,0,0,0,0.0,0.0,0.0,0,0,0,0,0,0,0.0,0.0,0.0,40,14484
244858,2026/27,3,22,BRE,MID,SUN,1,2026-09-05T14:00:00Z,0,0,0,0,0,0,0,0,0,0,0.0,0.0,0.0,0,0,0,0,0,0,0.0,0.0,0.0,50,2107
249231,2026/27,3,22,BRE,MID,SUN,1,2026-09-05T14:00:00Z,90,1,2,0,0,0,1,0,0,0,0.24,0.4,1.71,6,4,0,0,0,0,22.0,45.1,8.2,55,235201
432830,2026/27,3,22,BRE,DEF,SUN,1,2026-09-05T14:00:00Z,16,1,1,0,0,0,0,0,0,0,0.0,0.0,0.1,1,4,0,0,0,0,0.0,0.0,1.0,55,271484
434399,2026/27,3,22,SUN,DEF,BRE,0,2026-09-05T14:00:00Z,90,1,2,0,0,0,1,0,0,0,0.0,0.01,1.21,7,14,0,0,0,0,0.0,1.5,14.4,45,41923
437505,2026/27,3,22,SUN,FWD,BRE,0,2026-09-05T14:00:00Z,26,0,4,0,1,0,0,0,0,0,0.1,0.01,0.45,2,15,0,0,0,0,10.0,0.3,0.2,55,116229
440089,2026/27,3,22,BRE,MID,SUN,1,2026-09-05T14:00:00Z,85,1,8,0,1,0,1,0,0,0,0.0,0.21,1.63,4,30,3,0,0,0,6.0,28.5,10.0,55,49863
441264,2026/27,3,22,SUN,FWD,BRE,0,2026-09-05T14:00:00Z,90,1,2,0,0,0,1,0,0,0,0.26,0.06,1.21,3,11,0,0,0,0,29.0,37.1,4.4,59,912046
444180,2026/27,3,22,BRE,MID,SUN,1,2026-09-05T14:00:00Z,45,0,1,0,0,0,1,0,0,0,0.05,0.01,1.36,4,3,0,0,0,0,3.0,2.2,0.0,60,16152
444765,2026/27,3,22,BRE,DEF,SUN,1,2026-09-05T14:00:00Z,0,0,0,0,0,0,0,0,0,0,0.0,0.0,0.0,0,0,0,0,0,0,0.0,0.0,0.0,49,8510
461199,2026/27,3,22,SUN,MID,BRE,0,2026-09-05T14:00:00Z,0,0,0,0,0,0,0,0,0,0,0.0,0.0,0.0,0,0,0,0,0,0,0.0,0.0,0.0,50,810
472713,2026/27,3,22,BRE,DEF,SUN,1,2026-09-05T14:00:00Z,45,0,1,0,0,0,1,0,0,0,0.0,0.0,1.36,5,0,0,0,0,0,0.0,1.0,7.6,45,7835
477547,2026/27,3,22,SUN,DEF,BRE,0,2026-09-05T14:00:00Z,0,0,0,0,0,0,0,0,0,0,0.0,0.0,0.0,0,0,0,0,0,0,0.0,0.0,0.0,40,4484
484420,2026/27,3,22,SUN,MID,BRE,0,2026-09-05T14:00:00Z,90,1,8,1,0,0,1,0,0,0,0.84,0.03,1.21,6,25,1,0,0,0,24.0,3.7,40.0,59,564317
487676,2026/27,3,22,SUN,DEF,BRE,0,2026-09-05T14:00:00Z,26,0,1,0,0,0,0,0,0,0,0.0,0.0,0.45,2,8,0,0,0,0,0.0,0.1,3.8,45,528010
498016,2026/27,3,22,SUN,GKP,BRE,0,2026-09-05T14:00:00Z,90,1,2,0,0,0,1,0,0,0,0.0,0.0,1.21,0,11,0,1,0,0,0.0,0.0,12.6,50,342137
502500,2026/27,3,22,BRE,FWD,SUN,1,2026-09-05T14:00:00Z,90,1,2,0,0,0,1,0,0,0,0.5,0.01,1.71,6,9,0,0,0,0,43.0,1.4,16.0,80,1462107
507433,2026/27,3,22,BRE,GKP,SUN,1,2026-09-05T14:00:00Z,0,0,0,0,0,0,0,0,0,0,0.0,0.0,0.0,0,0,0,0,0,0,0.0,0.0,0.0,45,11246
508395,2026/27,3,22,BRE,MID,SUN,1,2026-09-05T14:00:00Z,45,0,0,0,0,0,1,0,0,0,0.03,0.02,1.36,5,1,0,0,1,0,2.0,3.4,2.4,49,93335
513086,2026/27,3,22,BRE,DEF,SUN,1,2026-09-05T14:00:00Z,73,0,4,0,0,0,1,0,0,0,0.1,0.01,1.61,10,11,0,0,0,0,4.0,0.2,17.2,45,15267
513418,2026/27,3,22,BRE,MID,SUN,1,2026-09-05T14:00:00Z,90,1,2,0,0,0,1,0,0,0,0.0,0.17,1.71,5,11,0,0,0,0,8.0,13.3,4.0,60,492340
513545,2026/27,3,22,BRE,MID,SUN,1,2026-09-05T14:00:00Z,45,1,0,0,0,0,0,0,0,0,0.15,0.01,0.35,5,0,0,0,1,0,8.0,1.3,0.0,57,1631469
515046,2026/27,3,22,SUN,GKP,BRE,0,2026-09-05T14:00:00Z,0,0,0,0,0,0,0,0,0,0,0.0,0.0,0.0,0,0,0,0,0,0,0.0,0.0,0.0,45,8803
519634,2026/27,3,22,SUN,DEF,BRE,0,2026-09-05T14:00:00Z,0,0,0,0,0,0,0,0,0,0,0.0,0.0,0.0,0,0,0,0,0,0,0.0,0.0,0.0,45,701
533463,2026/27,3,22,BRE,MID,SUN,1,2026-09-05T14:00:00Z,45,1,1,0,0,0,0,0,0,0,0.0,0.01,0.35,11,6,0,0,0,0,0.0,11.3,6.8,65,85265
535818,2026/27,3,22,SUN,MID,BRE,0,2026-09-05T14:00:00Z,0,0,0,0,0,0,0,0,0,0,0.0,0.0,0.0,0,0,0,0,0,0,0.0,0.0,0.0,49,4340
536661,2026/27,3,22,SUN,MID,BRE,0,2026-09-05T14:00:00Z,63,1,2,0,0,0,1,0,0,0,0.0,0.07,0.76,5,11,0,0,0,0,16.0,5.7,8.6,50,15646
543295,2026/27,3,22,BRE,MID,SUN,1,2026-09-05T14:00:00Z,0,0,0,0,0,0,0,0,0,0,0.0,0.0,0.0,0,0,0,0,0,0,0.0,0.0,0.0,50,190
547027,2026/27,3,22,SUN,MID,BRE,0,2026-09-05T14:00:00Z,0,0,0,0,0,0,0,0,0,0,0.0,0.0,0.0,0,0,0,0,0,0,0.0,0.0,0.0,55,4664
549912,2026/27,3,22,SUN,MID,BRE,0,2026-09-05T14:00:00Z,0,0,0,0,0,0,0,0,0,0,0.0,0.0,0.0,0,0,0,0,0,0,0.0,0.0,0.0,54,17189
549940,2026/27,3,22,SUN,MID,BRE,0,2026-09-05T14:00:00Z,16,0,1,0,0,0,0,0,0,0,0.0,0.0,0.39,0,3,0,0,0,0,0.0,0.5,0.0,55,2246
554197,2026/27,3,22,SUN,MID,BRE,0,2026-09-05T14:00:00Z,0,0,0,0,0,0,0,0,0,0,0.0,0.0,0.0,0,0,0,0,0,0,0.0,0.0,0.0,50,5751
570241,2026/27,3,22,BRE,DEF,SUN,1,2026-09-05T14:00:00Z,0,0,0,0,0,0,0,0,0,0,0.0,0.0,0.0,0,0,0,0,0,0,0.0,0.0,0.0,45,1937
577669,2026/27,3,22,SUN,MID,BRE,0,2026-09-05T14:00:00Z,73,1,1,0,0,0,1,0,0,0,0.28,0.18,0.82,3,16,0,0,1,0,48.0,15.0,8.8,50,29609
593174,2026/27,3,22,BRE,FWD,SUN,1,2026-09-05T14:00:00Z,0,0,0,0,0,0,0,0,0,0,0.0,0.0,0.0,0,0,0,0,0,0,0.0,0.0,0.0,45,116698
607464,2026/27,3,22,BRE,DEF,SUN,1,2026-09-05T14:00:00Z,45,1,1,0,0,0,0,0,0,0,0.03,0.0,0.35,5,2,0,0,0,0,2.0,0.3,7.6,46,1044649
613804,2026/27,3,22,BRE,DEF,SUN,1,2026-09-05T14:00:00Z,0,0,0,0,0,0,0,0,0,0,0.0,0.0,0.0,0,0,0,0,0,0,0.0,0.0,0.0,45,10083
638411,2026/27,3,22,SUN,DEF,BRE,0,2026-09-05T14:00:00Z,0,0,0,0,0,0,0,0,0,0,0.0,0.0,0.0,0,0,0,0,0,0,0.0,0.0,0.0,45,632
661313,2026/27,3,22,SUN,FWD,BRE,0,2026-09-05T14:00:00Z,0,0,0,0,0,0,0,0,0,0,0.0,0.0,0.0,0,0,0,0,0,0,0.0,0.0,0.0,45,27023
696104,2026/27,3,22,SUN,MID,BRE,0,2026-09-05T14:00:00Z,0,0,0,0,0,0,0,0,0,0,0.0,0.0,0.0,0,0,0,0,0,0,0.0,0.0,0.0,45,27345
699989,2026/27,3,22,SUN,MID,BRE,0,2026-09-05T14:00:00Z,0,0,0,0,0,0,0,0,0,0,0.0,0.0,0.0,0,0,0,0,0,0,0.0,0.0,0.0,50,602
49262,2026/27,3,23,BHA,GKP,LEE,1,2026-09-05T14:00:00Z,0,0,0,0,0,0,0,0,0,0,0.0,0.0,0.0,0,0,0,0,0,0,0.0,0.0,0.0,40,459848
60307,2026/27,3,23,BHA,MID,LEE,1,2026-09-05T14:00:00Z,90,1,1,0,0,0,1,0,0,0,0.79,0.04,2.49,4,-1,0,0,1,0,19.0,16.5,0.0,55,1691790
83299,2026/27,3,23,BHA,DEF,LEE,1,2026-09-05T14:00:00Z,90,1,5,0,0,0,1,0,0,0,0.0,0.01,2.49,12,20,1,0,0,0,4.0,1.9,30.8,45,133493
97846,2026/27,3,23,LEE,GKP,BHA,0,2026-09-05T14:00:00Z,0,0,0,0,0,0,0,0,0,0,0.0,0.0,0.0,0,0,0,0,0,0,0.0,0.0,0.0,40,19774
153682,2026/27,3,23,LEE,MID,BHA,0,2026-09-05T14:00:00Z,17,0,0,0,0,0,0,0,0,0,0.0,0.0,1.32,1,0,0,0,1,0,2.0,20.3,1.4,64,401861
155465,2026/27,3,23,LEE,GKP,BHA,0,2026-09-05T14:00:00Z,0,0,0,0,0,0,0,0,0,0,0.0,0.0,0.0,0,0,0,0,0,0,0.0,0.0,0.0,40,37143
173774,2026/27,3,23,LEE,DEF,BHA,0,2026-09-05T14:00:00Z,90,1,4,0,0,0,1,0,0,0,0.0,0.57,2.19,10,12,0,0,0,0,6.0,21.1,27.6,45,2951
174594,2026/27,3,23,LEE,FWD,BHA,0,2026-09-05T14:00:00Z,17,0,1,0,0,0,0,0,0,0,0.17,0.14,1.32,0,2,0,0,0,0,9.0,1.8,0.0,55,50649
177815,2026/27,3,23,LEE,FWD,BHA,0,2026-09-05T14:00:00Z,72,1,1,0,0,0,1,0,0,0,0.56,0.06,0.87,3,0,0,0,1,0,21.0,11.3,4.4,60,2612462
180135,2026/27,3,23,LEE,MID,BHA,0,2026-09-05T14:00:00Z,0,0,0,0,0,0,0,0,0,0,0.0,0.0,0.0,0,0,0,0,0,0,0.0,0.0,0.0,50,10952
199598,2026/27,3,23,LEE,MID,BHA,0,2026-09-05T14:00:00Z,90,1,2,0,0,0,1,0,0,0,0.0,0.01,2.19,11,13,0,0,0,0,0.0,1.3,23.6,55,117203
200617,2026/27,3,23,LEE,MID,BHA,0,2026-09-05T14:00:00Z,0,0,0,0,0,0,0,0,0,0,0.0,0.0,0.0,0,0,0,0,0,0,0.0,0.0,0.0,50,11657
201595,2026/27,3,23,LEE,GKP,BHA,0,2026-09-05T14:00:00Z,0,0,0,0,0,0,0,0,0,0,0.0,0.0,0.0,0,0,0,0,0,0,0.0,0.0,0.0,45,45033
204120,2026/27,3,23,BHA,DEF,LEE,1,2026-09-05T14:00:00Z,90,1,2,0,0,0,1,0,0,0,0.0,0.33,2.49,4,17,0,0,0,0,0.0,62.3,20.6,45,31479
214225,2026/27,3,23,LEE,DEF,BHA,0,2026-09-05T14:00:00Z,0,0,0,0,0,0,0,0,0,0,0.0,0.0,0.0,0,0,0,0,0,0,0.0,0.0,0.0,45,220934
219249,2026/27,3,23,BHA,MID,LEE,1,2026-09-05T14:00:00Z,0,0,0,0,0,0,0,0,0,0,0.0,0.0,0.0,0,0,0,0,0,0,0.0,0.0,0.0,55,10276
220627,2026/27,3,23,LEE,DEF,BHA,0,2026-09-05T14:00:00Z,90,1,4,0,0,0,1,0,0,0,0.14,0.0,2.19,10,9,0,0,0,0,21.0,1.5,16.8,45,150950
221399,2026/27,3,23,LEE,MID,BHA,0,2026-09-05T14:00:00Z,0,0,0,0,0,0,0,0,0,0,0.0,0.0,0.0,0,0,0,0,0,0,0.0,0.0,0.0,50,81
222694,2026/27,3,23,BHA,DEF,LEE,1,2026-09-05T14:00:00Z,1,0,1,0,0,0,0,0,0,0,0.0,0.0,0.0,0,3,0,0,0,0,0.0,0.1,0.2,50,21218
223434,2026/27,3,23,BHA,DEF,LEE,1,2026-09-05T14:00:00Z,0,0,0,0,0,0,0,0,0,0,0.0,0.0,0.0,0,0,0,0,0,0,0.0,0.0,0.0,45,7052
226182,2026/27,3,23,LEE,DEF,BHA,0,2026-09-05T14:00:00Z,60,1,14,1,0,1,0,0,0,0,0.9,0.02,0.24,2,30,3,0,1,0,33.0,1.7,35.4,45,54984
231416,2026/27,3,23,BHA,DEF,LEE,1,2026-09-05T14:00:00Z,77,1,2,0,0,0,1,0,0,0,0.06,0.01,2.4,5,8,0,0,0,0,19.0,12.5,12.6,44,203285
235826,2026/27,3,23,LEE,FWD,BHA,0,2026-09-05T14:00:00Z,0,0,0,0,0,0,0,0,0,0,0.0,0.0,0.0,0,0,0,0,0,0,0.0,0.0,0.0,50,8831
243526,2026/27,3,23,LEE,DEF,BHA,0,2026-09-05T14:00:00Z,90,1,2,0,0,0,1,0,0,0,0.0,0.0,2.19,5,9,0,0,0,0,2.0,1.2,12.6,45,4932
248056,2026/27,3,23,LEE,MID,BHA,0,2026-09-05T14:00:00Z,72,1,5,0,1,0,1,0,0,0,0.53,0.01,0.87,8,18,0,0,0,0,13.0,12.2,20.8,49,21765
427637,2026/27,3,23,LEE,MID,BHA,0,2026-09-05T14:00:00Z,28,0,1,0,0,0,1,0,0,0,0.0,0.0,1.95,0,5,0,0,0,0,0.0,1.0,0.0,55,70876
432720,2026/27,3,23,LEE,GKP,BHA,0,2026-09-05T14:00:00Z,90,1,3,0,0,0,1,0,0,0,0.0,0.0,2.19,0,18,0,4,0,0,0.0,0.0,34.8,50,532682
434752,2026/27,3,23,LEE,DEF,BHA,0,2026-09-05T14:00:00Z,29,0,1,0,0,0,1,0,0,0,0.0,0.0,1.95,4,1,0,0,0,0,0.0,0.0,6.2,50,95603
435997,2026/27,3,23,LEE,MID,BHA,0,2026-09-05T14:00:00Z,61,1,3,0,0,1,0,0,0,0,0.0,0.01,0.24,0,9,0,0,0,0,2.0,0.6,1.4,59,32691
437497,2026/27,3,23,LEE,DEF,BHA,0,2026-09-05T14:00:00Z,0,0,0,0,0,0,0,0,0,0,0.0,0.0,0.0,0,0,0,0,0,0,0.0,0.0,0.0,45,242
437738,2026/27,3,23,LEE,DEF,BHA,0,2026-09-05T14:00:00Z,0,0,0,0,0,0,0,0,0,0,0.0,0.0,0.0,0,0,0,0,0,0,0.0,0.0,0.0,45,276
451340,2026/27,3,23,BHA,MID,LEE,1,2026-09-05T14:00:00Z,0,0,0,0,0,0,0,0,0,0,0.0,0.0,0.0,0,0,0,0,0,0,0.0,0.0,0.0,60,3542
451490,2026/27,3,23,BHA,DEF,LEE,1,2026-09-05T14:00:00Z,12,0,1,0,0,0,0,0,0,0,0.0,0.16,0.1,1,7,0,0,0,0,0.0,14.5,5.8,45,3762
454490,2026/27,3,23,BHA,DEF,LEE,1,2026-09-05T14:00:00Z,0,0,0,0,0,0,0,0,0,0,0.0,0.0,0.0,0,0,0,0,0,0,0.0,0.0,0.0,50,5613
463067,2026/27,3,23,BHA,FWD,LEE,1,2026-09-05T14:00:00Z,0,0,0,0,0,0,0,0,0,0,0.0,0.0,0.0,0,0,0,0,0,0,0.0,0.0,0.0,55,74079
465730,2026/27,3,23,BHA,DEF,LEE,1,2026-09-05T14:00:00Z,76,1,4,0,1,0,1,0,0,0,0.0,0.14,2.4,2,17,0,0,1,0,2.0,22.1,19.6,47,1978466
466525,2026/27,3,23,LEE,MID,BHA,0,2026-09-05T14:00:00Z,90,1,2,0,0,0,1,0,0,0,0.32,0.1,2.19,6,7,0,0,0,0,19.0,16.5,15.4,60,303711
467779,2026/27,3,23,BHA,DEF,LEE,1,2026-09-05T14:00:00Z,0,0,0,0,0,0,0,0,0,0,0.0,0.0,0.0,0,0,0,0,0,0,0.0,0.0,0.0,50,46414
471551,2026/27,3,23,BHA,MID,LEE,1,2026-09-05T14:00:00Z,0,0,0,0,0,0,0,0,0,0,0.0,0.0,0.0,0,0,0,0,0,0,0.0,0.0,0.0,55,256
486520,2026/27,3,23,LEE,MID,BHA,0,2026-09-05T14:00:00Z,0,0,0,0,0,0,0,0,0,0,0.0,0.0,0.0,0,0,0,0,0,0,0.0,0.0,0.0,50,350
487117,2026/27,3,23,BHA,FWD,LEE,1,2026-09-05T14:00:00Z,0,0,0,0,0,0,0,0,0,0,0.0,0.0,0.0,0,0,0,0,0,0,0.0,0.0,0.0,50,3252
489639,2026/27,3,23,BHA,GKP,LEE,1,2026-09-05T14:00:00Z,90,1,3,0,0,0,1,0,0,0,0.0,0.2,2.49,0,17,0,3,0,0,0.0,3.0,29.2,45,2293721
492859,2026/27,3,23,LEE,MID,BHA,0,2026-09-05T14:00:00Z,0,0,0,0,0,0,0,0,0,0,0.0,0.0,0.0,0,0,0,0,0,0,0.0,0.0,0.0,50,1395
509416,2026/27,3,23,BHA,MID,LEE,1,2026-09-05T14:00:00Z,90,1,2,0,0,0,1,0,0,0,0.17,0.04,2.49,3,18,0,0,0,0,18.0,14.8,11.4,54,42114
512123,2026/27,3,23,BHA,DEF,LEE,1,2026-09-05T14:00:00Z,0,0,0,0,0,0,0,0,0,0,0.0,0.0,0.0,0,0,0,0,0,0,0.0,0.0,0.0,45,4150
514254,2026/27,3,23,BHA,MID,LEE,1,2026-09-05T14:00:00Z,90,1,2,0,0,0,1,0,0,0,0.09,0.05,2.49,9,13,0,0,0,0,30.0,26.4,15.2,50,525464
519324,2026/27,3,23,BHA,MID,LEE,1,2026-09-05T14:00:00Z,0,0,0,0,0,0,0,0,0,0,0.0,0.0,0.0,0,0,0,0,0,0,0.0,0.0,0.0,50,111
522047,2026/27,3,23,LEE,DEF,BHA,0,2026-09-05T14:00:00Z,90,1,4,0,0,0,1,0,0,0,0.0,0.01,2.19,13,10,0,0,0,0,2.0,0.8,29.2,50,326555
532529,2026/27,3,23,BHA,MID,LEE,1,2026-09-05T14:00:00Z,0,0,0,0,0,0,0,0,0,0,0.0,0.0,0.0,0,0,0,0,0,0,0.0,0.0,0.0,60,129183
536916,2026/27,3,23,BHA,MID,LEE,1,2026-09-05T14:00:00Z,0,0,0,0,0,0,0,0,0,0,0.0,0.0,0.0,0,0,0,0,0,0,0.0,0.0,0.0,50,257
538007,2026/27,3,23,BHA,FWD,LEE,1,2026-09-05T14:00:00Z,13,0,0,0,0,0,0,0,0,0,0.42,0.0,0.1,0,-7,0,0,1,0,4.0,0.0,0.0,60,25799
549074,2026/27,3,23,BHA,MID,LEE,1,2026-09-05T14:00:00Z,0,0,0,0,0,0,0,0,0,0,0.0,0.0,0.0,0,0,0,0,0,0,0.0,0.0,0.0,50,139
550090,2026/27,3,23,BHA,DEF,LEE,1,2026-09-05T14:00:00Z,0,0,0,0,0,0,0,0,0,0,0.0,0.0,0.0,0,0,0,0,0,0,0.0,0.0,0.0,45,2029
556637,2026/27,3,23,BHA,MID,LEE,1,2026-09-05T14:00:00Z,0,0,0,0,0,0,0,0,0,0,0.0,0.0,0.0,0,0,0,0,0,0,0.0,0.0,0.0,45,29432
565297,2026/27,3,23,LEE,FWD,BHA,0,2026-09-05T14:00:00Z,0,0,0,0,0,0,0,0,0,0,0.0,0.0,0.0,0,0,0,0,0,0,0.0,0.0,0.0,45,5679
587982,2026/27,3,23,LEE,MID,BHA,0,2026-09-05T14:00:00Z,0,0,0,0,0,0,0,0,0,0,0.0,0.0,0.0,0,0,0,0,0,0,0.0,0.0,0.0,50,1030
592031,2026/27,3,23,BHA,MID,LEE,1,2026-09-05T14:00:00Z,0,0,0,0,0,0,0,0,0,0,0.0,0.0,0.0,0,0,0,0,0,0,0.0,0.0,0.0,59,4472
592740,2026/27,3,23,LEE,MID,BHA,0,2026-09-05T14:00:00Z,0,0,0,0,0,0,0,0,0,0,0.0,0.0,0.0,0,0,0,0,0,0,0.0,0.0,0.0,45,14318
592984,2026/27,3,23,BHA,MID,LEE,1,2026-09-05T14:00:00Z,0,0,0,0,0,0,0,0,0,0,0.0,0.0,0.0,0,0,0,0,0,0,0.0,0.0,0.0,55,345
597320,2026/27,3,23,BHA,MID,LEE,1,2026-09-05T14:00:00Z,0,0,0,0,0,0,0,0,0,0,0.0,0.0,0.0,0,0,0,0,0,0,0.0,0.0,0.0,45,4183
608181,2026/27,3,23,BHA,FWD,LEE,1,2026-09-05T14:00:00Z,0,0,0,0,0,0,0,0,0,0,0.0,0.0,0.0,0,0,0,0,0,0,0.0,0.0,0.0,55,754
610799,2026/27,3,23,BHA,DEF,LEE,1,2026-09-05T14:00:00Z,90,1,12,1,0,0,1,0,0,0,0.19,0.01,2.49,10,27,2,0,0,0,40.0,1.8,56.2,50,244648
611695,2026/27,3,23,BHA,MID,LEE,1,2026-09-05T14:00:00Z,90,1,2,0,0,0,1,0,0,0,0.05,0.09,2.49,5,16,0,0,0,0,20.0,24.4,8.2,45,252653
612855,2026/27,3,23,BHA,MID,LEE,1,2026-09-05T14:00:00Z,0,0,0,0,0,0,0,0,0,0,0.0,0.0,0.0,0,0,0,0,0,0,0.0,0.0,0.0,50,1841
643970,2026/27,3,23,LEE,DEF,BHA,0,2026-09-05T14:00:00Z,0,0,0,0,0,0,0,0,0,0,0.0,0.0,0.0,0,0,0,0,0,0,0.0,0.0,0.0,40,11399
647850,2026/27,3,23,BHA,FWD,LEE,1,2026-09-05T14:00:00Z,90,1,2,0,0,0,1,0,0,0,0.43,0.02,2.49,8,9,0,0,0,0,24.0,5.3,9.6,55,52785
700308,2026/27,3,23,BHA,MID,LEE,1,2026-09-05T14:00:00Z,0,0,0,0,0,0,0,0,0,0,0.0,0.0,0.0,0,0,0,0,0,0,0.0,0.0,0.0,50,6108
76357,2026/27,3,24,FUL,MID,CRY,1,2026-09-05T14:00:00Z,0,0,0,0,0,0,0,0,0,0,0.0,0.0,0.0,0,0,0,0,0,0,0.0,0.0,0.0,50,335
80201,2026/27,3,24,FUL,GKP,CRY,1,2026-09-05T14:00:00Z,90,1,1,0,0,0,3,0,0,0,0.0,0.0,1.97,0,8,0,2,0,0,0.0,0.0,18.8,45,339301
86873,2026/27,3,24,FUL,GKP,CRY,1,2026-09-05T14:00:00Z,0,0,0,0,0,0,0,0,0,0,0.0,0.0,0.0,0,0,0,0,0,0,0.0,0.0,0.0,40,123475
108413,2026/27,3,24,CRY,MID,FUL,0,2026-09-05T14:00:00Z,16,0,1,0,0,0,0,0,0,0,0.0,0.0,0.57,3,3,0,0,0,0,0.0,0.3,2.4,45,969611
121709,2026/27,3,24,CRY,GKP,FUL,0,2026-09-05T14:00:00Z,0,0,0,0,0,0,0,0,0,0,0.0,0.0,0.0,0,0,0,0,0,0,0.0,0.0,0.0,45,11282
152551,2026/27,3,24,CRY,MID,FUL,0,2026-09-05T14:00:00Z,0,0,0,0,0,0,0,0,0,0,0.0,0.0,0.0,0,0,0,0,0,0,0.0,0.0,0.0,49,9259
153133,2026/27,3,24,FUL,MID,CRY,1,2026-09-05T14:00:00Z,82,1,2,0,0,0,3,0,0,0,0.04,0.26,1.97,4,15,0,0,0,0,11.0,23.7,7.6,55,88922
153366,2026/27,3,24,FUL,MID,CRY,1,2026-09-05T14:00:00Z,0,0,0,0,0,0,0,0,0,0,0.0,0.0,0.0,0,0,0,0,0,0,0.0,0.0,0.0,45,132811
166477,2026/27,3,24,FUL,DEF,CRY,1,2026-09-05T14:00:00Z,90,1,1,0,0,0,3,0,0,0,0.58,0.19,1.97,7,-1,0,0,0,0,30.0,24.1,20.6,45,105919
167074,2026/27,3,24,FUL,DEF,CRY,1,2026-09-05T14:00:00Z,0,0,0,0,0,0,0,0,0,0,0.0,0.0,0.0,0,0,0,0,0,0,0.0,0.0,0.0,45,23617
169528,2026/27,3,24,FUL,DEF,CRY,1,2026-09-05T14:00:00Z,78,1,1,0,0,0,3,0,0,0,0.08,0.1,1.97,5,7,0,0,0,0,9.0,24.8,14.6,45,173615
169593,2026/27,3,24,CRY,GKP,FUL,0,2026-09-05T14:00:00Z,0,0,0,0,0,0,0,0,0,0,0.0,0.0,0.0,0,0,0,0,0,0,0.0,0.0,0.0,40,188559
172649,2026/27,3,24,CRY,GKP,FUL,0,2026-09-05T14:00:00Z,90,1,2,0,0,0,2,0,0,0,0.0,0.0,3.14,0,19,0,5,0,0,0.0,0.0,38.4,50,188350
172850,2026/27,3,24,CRY,DEF,FUL,0,2026-09-05T14:00:00Z,16,0,7,1,0,0,0,0,0,0,0.15,0.0,0.57,0,20,0,0,0,0,17.0,0.7,33.2,45,984
174874,2026/27,3,24,FUL,DEF,CRY,1,2026-09-05T14:00:00Z,90,1,1,0,0,0,3,0,0,0,0.0,0.06,1.97,7,8,0,0,0,0,6.0,22.9,24.4,50,15474
184349,2026/27,3,24,FUL,DEF,CRY,1,2026-09-05T14:00:00Z,11,0,1,0,0,0,0,0,0,0,0.08,0.32,0.0,1,3,0,0,0,0,4.0,14.8,2.0,45,37980
205533,2026/27,3,24,CRY,FWD,FUL,0,2026-09-05T14:00:00Z,45,1,4,0,1,0,2,0,0,0,0.14,0.0,1.6,2,16,0,0,0,0,19.0,10.7,21.2,55,55843
207189,2026/27,3,24,FUL,MID,CRY,1,2026-09-05T14:00:00Z,29,0,1,0,0,0,1,0,0,0,0.0,0.1,0.84,2,9,0,0,0,0,0.0,2.9,3.2,50,36133
209289,2026/27,3,24,FUL,MID,CRY,1,2026-09-05T14:00:00Z,11,0,1,0,0,0,0,0,0,0,0.0,0.0,0.0,0,3,0,0,0,0,2.0,0.5,0.2,55,32334
209400,2026/27,3,24,CRY,MID,FUL,0,2026-09-05T14:00:00Z,88,1,5,0,1,0,2,0,0,0,0.0,0.01,3.01,4,21,0,0,0,0,6.0,23.2,19.6,50,28293
218364,2026/27,3,24,CRY,DEF,FUL,0,2026-09-05T14:00:00Z,0,0,0,0,0,0,0,0,0,0,0.0,0.0,0.0,0,0,0,0,0,0,0.0,0.0,0.0,45,2568
220362,2026/27,3,24,CRY,DEF,FUL,0,2026-09-05T14:00:00Z,90,1,3,0,0,0,2,0,0,0,0.0,0.04,3.14,13,14,0,0,0,0,2.0,13.3,31.4,45,7480
223723,2026/27,3,24,CRY,DEF,FUL,0,2026-09-05T14:00:00Z,0,0,0,0,0,0,0,0,0,0,0.0,0.0,0.0,0,0,0,0,0,0,0.0,0.0,0.0,45,33461
231747,2026/27,3,24,CRY,FWD,FUL,0,2026-09-05T14:00:00Z,0,0,0,0,0,0,0,0,0,0,0.0,0.0,0.0,0,0,0,0,0,0,0.0,0.0,0.0,64,236661
232185,2026/27,3,24,CRY,MID,FUL,0,2026-09-05T14:00:00Z,0,0,0,0,0,0,0,0,0,0,0.0,0.0,0.0,0,0,0,0,0,0,0.0,0.0,0.0,63,109790
232892,2026/27,3,24,FUL,DEF,CRY,1,2026-09-05T14:00:00Z,90,1,1,0,0,0,3,0,0,0,0.0,0.04,1.97,2,2,0,0,0,0,0.0,6.4,13.8,45,79648
242313,2026/27,3,24,CRY,DEF,FUL,0,2026-09-05T14:00:00Z,1,0,1,0,0,0,0,0,0,0,0.0,0.0,0.13,1,4,0,0,0,0,0.0,0.3,1.0,44,7148
244042,2026/27,3,24,FUL,FWD,CRY,1,2026-09-05T14:00:00Z,7,0,1,0,0,0,0,0,0,0,0.38,0.0,0.0,0,5,0,0,0,0,27.0,10.1,3.2,55,49384
244723,2026/27,3,24,CRY,DEF,FUL,0,2026-09-05T14:00:00Z,73,1,15,2,0,0,2,0,0,0,0.66,0.01,2.57,6,31,2,0,0,0,47.0,10.7,78.0,45,476563
246301,2026/27,3,24,FUL,DEF,CRY,1,2026-09-05T14:00:00Z,0,0,0,0,0,0,0,0,0,0,0.0,0.0,0.0,0,0,0,0,0,0,0.0,0.0,0.0,45,3459
247412,2026/27,3,24,CRY,FWD,FUL,0,2026-09-05T14:00:00Z,45,0,1,0,0,0,0,0,0,0,0.0,0.0,1.54,4,4,0,0,0,0,0.0,0.8,2.4,60,51335
427623,2026/27,3,24,CRY,DEF,FUL,0,2026-09-05T14:00:00Z,90,1,1,0,0,0,2,0,0,0,0.04,0.0,3.14,9,8,0,0,0,0,7.0,0.5,28.8,50,68124
433154,2026/27,3,24,CRY,MID,FUL,0,2026-09-05T14:00:00Z,0,0,0,0,0,0,0,0,0,0,0.0,0.0,0.0,0,0,0,0,0,0,0.0,0.0,0.0,55,14863
438464,2026/27,3,24,CRY,MID,FUL,0,2026-09-05T14:00:00Z,0,0,0,0,0,0,0,0,0,0,0.0,0.0,0.0,0,0,0,0,0,0,0.0,0.0,0.0,49,6155
442299,2026/27,3,24,FUL,DEF,CRY,1,2026-09-05T14:00:00Z,0,0,0,0,0,0,0,0,0,0,0.0,0.0,0.0,0,0,0,0,0,0,0.0,0.0,0.0,45,317
450063,2026/27,3,24,CRY,MID,FUL,0,2026-09-05T14:00:00Z,73,1,2,0,0,0,2,0,0,0,0.02,0.0,2.57,6,8,0,0,0,0,1.0,0.2,4.2,50,782
450542,2026/27,3,24,CRY,MID,FUL,0,2026-09-05T14:00:00Z,0,0,0,0,0,0,0,0,0,0,0.0,0.0,0.0,0,0,0,0,0,0,0.0,0.0,0.0,50,553
463210,2026/27,3,24,FUL,MID,CRY,1,2026-09-05T14:00:00Z,78,1,2,0,0,0,3,0,0,0,0.0,0.09,1.97,11,18,0,0,0,0,8.0,35.2,12.4,50,7900
477555,2026/27,3,24,FUL,MID,CRY,1,2026-09-05T14:00:00Z,78,1,2,0,0,0,3,0,0,0,0.32,0.65,1.97,4,17,0,0,0,0,53.0,58.8,11.2,55,34364
485337,2026/27,3,24,CRY,MID,FUL,0,2026-09-05T14:00:00Z,0,0,0,0,0,0,0,0,0,0,0.0,0.0,0.0,0,0,0,0,0,0,0.0,0.0,0.0,55,4367
488024,2026/27,3,24,CRY,MID,FUL,0,2026-09-05T14:00:00Z,88,1,5,0,1,0,2,0,0,0,0.25,0.3,3.01,5,25,0,0,0,0,6.0,42.6,8.0,55,22762
489706,2026/27,3,24,CRY,MID,FUL,0,2026-09-05T14:00:00Z,0,0,0,0,0,0,0,0,0,0,0.0,0.0,0.0,0,0,0,0,0,0,0.0,0.0,0.0,50,914
496221,2026/27,3,24,CRY,MID,FUL,0,2026-09-05T14:00:00Z,90,1,2,0,0,0,2,0,0,0,0.0,0.01,3.14,8,10,0,0,0,0,2.0,2.8,14.8,55,89835
500033,2026/27,3,24,FUL,MID,CRY,1,2026-09-05T14:00:00Z,0,0,0,0,0,0,0,0,0,0,0.0,0.0,0.0,0,0,0,0,0,0,0.0,0.0,0.0,50,151
505079,2026/27,3,24,FUL,GKP,CRY,1,2026-09-05T14:00:00Z,0,0,0,0,0,0,0,0,0,0,0.0,0.0,0.0,0,0,0,0,0,0,0.0,0.0,0.0,40,15288
515621,2026/27,3,24,CRY,DEF,FUL,0,2026-09-05T14:00:00Z,0,0,0,0,0,0,0,0,0,0,0.0,0.0,0.0,0,0,0,0,0,0,0.0,0.0,0.0,44,3064
533646,2026/27,3,24,CRY,MID,FUL,0,2026-09-05T14:00:00Z,1,0,1,0,0,0,0,0,0,0,0.0,0.0,0.13,1,2,0,0,0,0,0.0,0.3,2.0,55,535
536694,2026/27,3,24,CRY,MID,FUL,0,2026-09-05T14:00:00Z,0,0,0,0,0,0,0,0,0,0,0.0,0.0,0.0,0,0,0,0,0,0,0.0,0.0,0.0,49,2633
547686,2026/27,3,24,FUL,DEF,CRY,1,2026-09-05T14:00:00Z,0,0,0,0,0,0,0,0,0,0,0.0,0.0,0.0,0,0,0,0,0,0,0.0,0.0,0.0,40,11771
551050,2026/27,3,24,FUL,MID,CRY,1,2026-09-05T14:00:00Z,11,0,1,0,0,0,0,0,0,0,0.13,0.22,0.0,1,3,0,0,0,0,9.0,1.3,3.6,50,322
551466,2026/27,3,24,FUL,FWD,CRY,1,2026-09-05T14:00:00Z,90,1,2,0,0,0,3,0,0,0,0.44,0.2,1.97,7,10,0,0,0,0,39.0,14.0,5.8,60,490355
559152,2026/27,3,24,CRY,MID,FUL,0,2026-09-05T14:00:00Z,0,0,0,0,0,0,0,0,0,0,0.0,0.0,0.0,0,0,0,0,0,0,0.0,0.0,0.0,50,1444
560552,2026/27,3,24,FUL,MID,CRY,1,2026-09-05T14:00:00Z,0,0,0,0,0,0,0,0,0,0,0.0,0.0,0.0,0,0,0,0,0,0,0.0,0.0,0.0,54,4945
570794,2026/27,3,24,CRY,DEF,FUL,0,2026-09-05T14:00:00Z,90,1,3,0,0,0,2,0,0,0,0.72,0.01,3.14,10,6,0,0,0,0,8.0,2.3,21.6,50,13924
571779,2026/27,3,24,FUL,MID,CRY,1,2026-09-05T14:00:00Z,60,1,8,1,0,0,2,0,0,0,0.8,0.02,1.14,0,27,1,0,0,0,51.0,13.7,33.8,55,18435
577725,2026/27,3,24,FUL,MID,CRY,1,2026-09-05T14:00:00Z,90,1,10,1,0,0,3,0,0,0,0.31,0.27,1.97,7,38,3,0,0,0,34.0,26.0,44.6,55,76528
590014,2026/27,3,24,CRY,DEF,FUL,0,2026-09-05T14:00:00Z,0,0,0,0,0,0,0,0,0,0,0.0,0.0,0.0,0,0,0,0,0,0,0.0,0.0,0.0,45,151
605972,2026/27,3,24,CRY,DEF,FUL,0,2026-09-05T14:00:00Z,0,0,0,0,0,0,0,0,0,0,0.0,0.0,0.0,0,0,0,0,0,0,0.0,0.0,0.0,45,296
606921,2026/27,3,24,CRY,MID,FUL,0,2026-09-05T14:00:00Z,0,0,0,0,0,0,0,0,0,0,0.0,0.0,0.0,0,0,0,0,0,0,0.0,0.0,0.0,50,3105
616069,2026/27,3,24,FUL,MID,CRY,1,2026-09-05T14:00:00Z,0,0,0,0,0,0,0,0,0,0,0.0,0.0,0.0,0,0,0,0,0,0,0.0,0.0,0.0,45,40392
631786,2026/27,3,24,FUL,FWD,CRY,1,2026-09-05T14:00:00Z,0,0,0,0,0,0,0,0,0,0,0.0,0.0,0.0,0,0,0,0,0,0,0.0,0.0,0.0,45,689011
651426,2026/27,3,24,CRY,DEF,FUL,0,2026-09-05T14:00:00Z,90,1,1,0,0,0,2,0,0,0,0.0,0.0,3.14,9,4,0,0,0,0,0.0,1.9,13.0,49,25628
660392,2026/27,3,24,CRY,FWD,FUL,0,2026-09-05T14:00:00Z,0,0,0,0,0,0,0,0,0,0,0.0,0.0,0.0,0,0,0,0,0,0,0.0,0.0,0.0,50,0
672492,2026/27,3,24,CRY,MID,FUL,0,2026-09-05T14:00:00Z,0,0,0,0,0,0,0,0,0,0,0.0,0.0,0.0,0,0,0,0,0,0,0.0,0.0,0.0,45,8457
72147,2026/27,3,25,AVL,GKP,HUL,0,2026-09-05T16:30:00Z,0,0,0,0,0,0,0,0,0,0,0.0,0.0,0.0,0,0,0,0,0,0,0.0,0.0,0.0,45,14920
88894,2026/27,3,25,AVL,MID,HUL,0,2026-09-05T16:30:00Z,90,1,3,0,0,1,0,0,0,0,0.22,0.09,0.57,6,15,0,0,0,0,15.0,34.1,13.6,50,27497
101188,2026/27,3,25,AVL,DEF,HUL,0,2026-09-05T16:30:00Z,0,0,0,0,0,0,0,0,0,0,0.0,0.0,0.0,0,0,0,0,0,0,0.0,0.0,0.0,45,6725
101282,2026/27,3,25,HUL,MID,AVL,1,2026-09-05T16:30:00Z,0,0,0,0,0,0,0,0,0,0,0.0,0.0,0.0,0,0,0,0,0,0,0.0,0.0,0.0,45,57596
105666,2026/27,3,25,HUL,GKP,AVL,1,2026-09-05T16:30:00Z,0,0,0,0,0,0,0,0,0,0,0.0,0.0,0.0,0,0,0,0,0,0,0.0,0.0,0.0,45,8463
108416,2026/27,3,25,HUL,DEF,AVL,1,2026-09-05T16:30:00Z,90,1,6,0,0,1,0,0,0,0,0.0,0.0,1.93,7,18,0,0,0,0,0.0,0.1,15.4,40,623541
119090,2026/27,3,25,AVL,MID,HUL,0,2026-09-05T16:30:00Z,0,0,0,0,0,0,0,0,0,0,0.0,0.0,0.0,0,0,0,0,0,0,0.0,0.0,0.0,60,5084
122806,2026/27,3,25,AVL,MID,HUL,0,2026-09-05T16:30:00Z,90,1,3,0,0,1,0,0,0,0,0.68,0.03,0.57,5,6,0,0,0,0,4.0,5.6,1.4,54,252885
146426,2026/27,3,25,HUL,DEF,AVL,1,2026-09-05T16:30:00Z,90,1,5,0,0,1,0,0,0,0,0.0,0.0,1.93,6,17,0,0,1,0,0.0,0.7,11.0,41,1055220
149484,2026/27,3,25,AVL,DEF,HUL,0,2026-09-05T16:30:00Z,90,1,6,0,0,1,0,0,0,0,0.11,0.02,0.57,5,28,0,0,0,0,13.0,4.4,14.8,45,38099
160817,2026/27,3,25,HUL,DEF,AVL,1,2026-09-05T16:30:00Z,0,0,0,0,0,0,0,0,0,0,0.0,0.0,0.0,0,0,0,0,0,0,0.0,0.0,0.0,40,13231
167825,2026/27,3,25,HUL,GKP,AVL,1,2026-09-05T16:30:00Z,0,0,0,0,0,0,0,0,0,0,0.0,0.0,0.0,0,0,0,0,0,0,0.0,0.0,0.0,40,154754
169359,2026/27,3,25,HUL,DEF,AVL,1,2026-09-05T16:30:00Z,0,0,0,0,0,0,0,0,0,0,0.0,0.0,0.0,0,0,0,0,0,0,0.0,0.0,0.0,40,218007
169432,2026/27,3,25,HUL,FWD,AVL,1,2026-09-05T16:30:00Z,90,1,2,0,0,1,0,0,0,0,0.38,0.05,1.93,3,2,0,0,0,0,15.0,11.3,2.6,55,211366
171270,2026/27,3,25,HUL,MID,AVL,1,2026-09-05T16:30:00Z,0,0,0,0,0,0,0,0,0,0,0.0,0.0,0.0,0,0,0,0,0,0,0.0,0.0,0.0,45,37923
173879,2026/27,3,25,AVL,FWD,HUL,0,2026-09-05T16:30:00Z,5,0,1,0,0,0,0,0,0,0,0.0,0.0,0.35,1,3,0,0,0,0,0.0,1.0,2.0,55,14917
178301,2026/27,3,25,AVL,FWD,HUL,0,2026-09-05T16:30:00Z,0,0,0,0,0,0,0,0,0,0,0.0,0.0,0.0,0,0,0,0,0,0,0.0,0.0,0.0,78,433685
184667,2026/27,3,25,AVL,DEF,HUL,0,2026-09-05T16:30:00Z,90,1,6,0,0,1,0,0,0,0,0.0,0.08,0.57,4,28,0,0,0,0,2.0,24.9,22.4,45,29725
193278,2026/27,3,25,HUL,DEF,AVL,1,2026-09-05T16:30:00Z,63,1,6,0,0,1,0,0,0,0,0.0,0.01,1.81,0,19,0,0,0,0,0.0,4.6,1.4,40,54378
195546,2026/27,3,25,AVL,MID,HUL,0,2026-09-05T16:30:00Z,74,1,3,0,0,1,0,0,0,0,0.61,0.05,0.22,2,2,0,0,0,0,7.0,10.8,0.0,60,128636
199796,2026/27,3,25,AVL,DEF,HUL,0,2026-09-05T16:30:00Z,84,1,6,0,0,1,0,0,0,0,0.0,0.03,0.22,1,23,0,0,0,0,6.0,16.3,6.4,45,731987
208481,2026/27,3,25,HUL,MID,AVL,1,2026-09-05T16:30:00Z,0,0,0,0,0,0,0,0,0,0,0.0,0.0,0.0,0,0,0,0,0,0,0.0,0.0,0.0,49,1697
213292,2026/27,3,25,HUL,MID,AVL,1,2026-09-05T16:30:00Z,0,0,0,0,0,0,0,0,0,0,0.0,0.0,0.0,0,0,0,0,0,0,0.0,0.0,0.0,50,4439
214590,2026/27,3,25,AVL,DEF,HUL,0,2026-09-05T16:30:00Z,5,0,1,0,0,0,0,0,0,0,0.0,0.0,0.35,1,3,0,0,0,0,0.0,0.9,2.8,45,15829
215711,2026/27,3,25,AVL,MID,HUL,0,2026-09-05T16:30:00Z,0,0,0,0,0,0,0,0,0,0,0.0,0.0,0.0,0,0,0,0,0,0,0.0,0.0,0.0,54,12237
226944,2026/27,3,25,AVL,MID,HUL,0,2026-09-05T16:30:00Z,90,1,3,0,0,1,0,0,0,0,0.0,0.07,0.57,10,20,0,0,0,0,0.0,26.2,13.6,50,35132
232351,2026/27,3,25,HUL,DEF,AVL,1,2026-09-05T16:30:00Z,90,1,8,0,0,1,0,0,0,0,0.0,0.04,1.93,4,30,2,0,0,0,0.0,26.4,14.8,40,123114
232905,2026/27,3,25,HUL,MID,AVL,1,2026-09-05T16:30:00Z,0,0,0,0,0,0,0,0,0,0,0.0,0.0,0.0,0,0,0,0,0,0,0.0,0.0,0.0,50,6931
243413,2026/27,3,25,HUL,MID,AVL,1,2026-09-05T16:30:00Z,90,1,3,0,0,1,0,0,0,0,0.04,0.01,1.93,6,10,0,0,0,0,8.0,12.3,10.6,45,523606
243951,2026/27,3,25,HUL,MID,AVL,1,2026-09-05T16:30:00Z,27,0,1,0,0,0,0,0,0,0,0.0,0.04,0.12,1,5,0,0,0,0,0.0,10.8,3.2,55,569
244954,2026/27,3,25,AVL,DEF,HUL,0,2026-09-05T16:30:00Z,0,0,0,0,0,0,0,0,0,0,0.0,0.0,0.0,0,0,0,0,0,0,0.0,0.0,0.0,45,46943
245719,2026/27,3,25,AVL,DEF,HUL,0,2026-09-05T16:30:00Z,0,0,0,0,0,0,0,0,0,0,0.0,0.0,0.0,0,0,0,0,0,0,0.0,0.0,0.0,45,1010
433590,2026/27,3,25,HUL,DEF,AVL,1,2026-09-05T16:30:00Z,0,0,0,0,0,0,0,0,0,0,0.0,0.0,0.0,0,0,0,0,0,0,0.0,0.0,0.0,40,6824
433969,2026/27,3,25,AVL,GKP,HUL,0,2026-09-05T16:30:00Z,90,1,10,0,0,1,0,0,0,0,0.0,0.0,0.57,0,38,3,4,0,0,0.0,0.0,27.2,50,144003
441302,2026/27,3,25,AVL,DEF,HUL,0,2026-09-05T16:30:00Z,74,1,7,0,0,1,0,0,0,0,0.0,0.42,0.22,3,29,1,0,0,0,4.0,19.8,10.6,45,83194
444307,2026/27,3,25,HUL,GKP,AVL,1,2026-09-05T16:30:00Z,0,0,0,0,0,0,0,0,0,0,0.0,0.0,0.0,0,0,0,0,0,0,0.0,0.0,0.0,40,2831
445028,2026/27,3,25,HUL,MID,AVL,1,2026-09-05T16:30:00Z,0,0,0,0,0,0,0,0,0,0,0.0,0.0,0.0,0,0,0,0,0,0,0.0,0.0,0.0,50,2482
448089,2026/27,3,25,AVL,MID,HUL,0,2026-09-05T16:30:00Z,0,0,0,0,0,0,0,0,0,0,0.0,0.0,0.0,0,0,0,0,0,0,0.0,0.0,0.0,55,4112
449428,2026/27,3,25,HUL,DEF,AVL,1,2026-09-05T16:30:00Z,0,0,0,0,0,0,0,0,0,0,0.0,0.0,0.0,0,0,0,0,0,0,0.0,0.0,0.0,40,1068
449871,2026/27,3,25,AVL,MID,HUL,0,2026-09-05T16:30:00Z,0,0,0,0,0,0,0,0,0,0,0.0,0.0,0.0,0,0,0,0,0,0,0.0,0.0,0.0,50,1852
462635,2026/27,3,25,HUL,MID,AVL,1,2026-09-05T16:30:00Z,0,0,0,0,0,0,0,0,0,0,0.0,0.0,0.0,0,0,0,0,0,0,0.0,0.0,0.0,50,1068
465525,2026/27,3,25,HUL,MID,AVL,1,2026-09-05T16:30:00Z,0,0,0,0,0,0,0,0,0,0,0.0,0.0,0.0,0,0,0,0,0,0,0.0,0.0,0.0,45,637
469247,2026/27,3,25,AVL,MID,HUL,0,2026-09-05T16:30:00Z,0,0,0,0,0,0,0,0,0,0,0.0,0.0,0.0,0,0,0,0,0,0,0.0,0.0,0.0,50,211
469266,2026/27,3,25,HUL,MID,AVL,1,2026-09-05T16:30:00Z,81,1,2,0,0,1,0,0,0,0,0.0,0.01,1.93,10,7,0,0,1,0,0.0,21.6,13.4,50,2738
470294,2026/27,3,25,HUL,MID,AVL,1,2026-09-05T16:30:00Z,0,0,0,0,0,0,0,0,0,0,0.0,0.0,0.0,0,0,0,0,0,0,0.0,0.0,0.0,45,2158
473284,2026/27,3,25,HUL,GKP,AVL,1,2026-09-05T16:30:00Z,90,1,6,0,0,1,0,0,0,0,0.0,0.0,1.93,0,25,0,1,0,0,0.0,0.0,11.6,46,857252
487992,2026/27,3,25,AVL,DEF,HUL,0,2026-09-05T16:30:00Z,15,0,1,0,0,0,0,0,0,0,0.0,0.01,0.35,1,3,0,0,0,0,0.0,2.6,2.6,45,10240
490094,2026/27,3,25,HUL,MID,AVL,1,2026-09-05T16:30:00Z,0,0,0,0,0,0,0,0,0,0,0.0,0.0,0.0,0,0,0,0,0,0,0.0,0.0,0.0,50,1385
490161,2026/27,3,25,HUL,MID,AVL,1,2026-09-05T16:30:00Z,0,0,0,0,0,0,0,0,0,0,0.0,0.0,0.0,0,0,0,0,0,0,0.0,0.0,0.0,50,258
490884,2026/27,3,25,HUL,MID,AVL,1,2026-09-05T16:30:00Z,8,0,1,0,0,0,0,0,0,0,0.05,0.0,0.0,0,5,0,0,0,0,17.0,0.0,3.0,50,871
493105,2026/27,3,25,AVL,MID,HUL,0,2026-09-05T16:30:00Z,15,0,1,0,0,0,0,0,0,0,0.0,0.0,0.35,0,4,0,0,0,0,0.0,1.6,1.0,59,46064
494950,2026/27,3,25,HUL,GKP,AVL,1,2026-09-05T16:30:00Z,0,0,0,0,0,0,0,0,0,0,0.0,0.0,0.0,0,0,0,0,0,0,0.0,0.0,0.0,40,816
496181,2026/27,3,25,HUL,DEF,AVL,1,2026-09-05T16:30:00Z,26,0,1,0,0,0,0,0,0,0,0.0,0.0,0.12,1,3,0,0,0,0,2.0,0.3,2.2,40,17629
500957,2026/27,3,25,HUL,FWD,AVL,1,2026-09-05T16:30:00Z,0,0,0,0,0,0,0,0,0,0,0.0,0.0,0.0,0,0,0,0,0,0,0.0,0.0,0.0,45,26020
501902,2026/27,3,25,HUL,DEF,AVL,1,2026-09-05T16:30:00Z,0,0,0,0,0,0,0,0,0,0,0.0,0.0,0.0,0,0,0,0,0,0,0.0,0.0,0.0,40,9038
515597,2026/27,3,25,AVL,MID,HUL,0,2026-09-05T16:30:00Z,0,0,0,0,0,0,0,0,0,0,0.0,0.0,0.0,0,0,0,0,0,0,0.0,0.0,0.0,50,7284
517052,2026/27,3,25,AVL,FWD,HUL,0,2026-09-05T16:30:00Z,84,1,2,0,0,1,0,0,0,0,0.24,0.44,0.22,2,10,0,0,0,0,20.0,17.5,1.2,65,115958
534392,2026/27,3,25,HUL,FWD,AVL,1,2026-09-05T16:30:00Z,0,0,0,0,0,0,0,0,0,0,0.0,0.0,0.0,0,0,0,0,0,0,0.0,0.0,0.0,45,4321
540324,2026/27,3,25,HUL,MID,AVL,1,2026-09-05T16:30:00Z,81,1,5,0,0,1,0,0,0,0,0.03,0.01,1.93,12,15,0,0,0,0,10.0,12.4,22.8,50,88726
552946,2026/27,3,25,HUL,MID,AVL,1,2026-09-05T16:30:00Z,8,0,1,0,0,0,0,0,0,0,0.0,0.0,0.0,1,4,0,0,0,0,0.0,0.0,0.0,50,6691
553783,2026/27,3,25,HUL,MID,AVL,1,2026-09-05T16:30:00Z,0,0,0,0,0,0,0,0,0,0,0.0,0.0,0.0,0,0,0,0,0,0,0.0,0.0,0.0,45,9216
569577,2026/27,3,25,AVL,DEF,HUL,0,2026-09-05T16:30:00Z,0,0,0,0,0,0,0,0,0,0,0.0,0.0,0.0,0,0,0,0,0,0,0.0,0.0,0.0,40,18767
571380,2026/27,3,25,AVL,MID,HUL,0,2026-09-05T16:30:00Z,0,0,0,0,0,0,0,0,0,0,0.0,0.0,0.0,0,0,0,0,0,0,0.0,0.0,0.0,45,12683
577285,2026/27,3,25,AVL,MID,HUL,0,2026-09-05T16:30:00Z,74,1,3,0,0,1,0,0,0,0,0.07,0.14,0.22,7,12,0,0,0,0,21.0,13.5,10.8,45,110782
578545,2026/27,3,25,AVL,DEF,HUL,0,2026-09-05T16:30:00Z,0,0,0,0,0,0,0,0,0,0,0.0,0.0,0.0,0,0,0,0,0,0,0.0,0.0,0.0,40,17687
597462,2026/27,3,25,HUL,DEF,AVL,1,2026-09-05T16:30:00Z,19,0,1,0,0,0,0,0,0,0,0.0,0.0,0.12,2,2,0,0,0,0,0.0,0.1,6.6,40,64658
606798,2026/27,3,25,AVL,DEF,HUL,0,2026-09-05T16:30:00Z,0,0,0,0,0,0,0,0,0,0,0.0,0.0,0.0,0,0,0,0,0,0,0.0,0.0,0.0,40,187661
606930,2026/27,3,25,HUL,DEF,AVL,1,2026-09-05T16:30:00Z,70,1,8,0,0,1,0,0,0,0,0.03,0.0,1.81,10,22,0,0,0,0,14.0,0.6,16.2,40,619201
608227,2026/27,3,25,HUL,MID,AVL,1,2026-09-05T16:30:00Z,62,1,3,0,0,1,0,0,0,0,0.04,0.01,1.81,2,5,0,0,0,0,4.0,11.8,0.0,50,8900
614071,2026/27,3,25,AVL,MID,HUL,0,2026-09-05T16:30:00Z,0,0,0,0,0,0,0,0,0,0,0.0,0.0,0.0,0,0,0,0,0,0,0.0,0.0,0.0,59,14230
626751,2026/27,3,25,HUL,FWD,AVL,1,2026-09-05T16:30:00Z,0,0,0,0,0,0,0,0,0,0,0.0,0.0,0.0,0,0,0,0,0,0,0.0,0.0,0.0,50,2839
631000,2026/27,3,25,HUL,FWD,AVL,1,2026-09-05T16:30:00Z,0,0,0,0,0,0,0,0,0,0,0.0,0.0,0.0,0,0,0,0,0,0,0.0,0.0,0.0,50,2077
638987,2026/27,3,25,AVL,MID,HUL,0,2026-09-05T16:30:00Z,0,0,0,0,0,0,0,0,0,0,0.0,0.0,0.0,0,0,0,0,0,0,0.0,0.0,0.0,60,4421
645618,2026/27,3,25,AVL,MID,HUL,0,2026-09-05T16:30:00Z,0,0,0,0,0,0,0,0,0,0,0.0,0.0,0.0,0,0,0,0,0,0,0.0,0.0,0.0,45,72806
647839,2026/27,3,25,HUL,MID,AVL,1,2026-09-05T16:30:00Z,0,0,0,0,0,0,0,0,0,0,0.0,0.0,0.0,0,0,0,0,0,0,0.0,0.0,0.0,50,288
653481,2026/27,3,25,AVL,MID,HUL,0,2026-09-05T16:30:00Z,15,0,1,0,0,0,0,0,0,0,0.0,0.0,0.35,1,3,0,0,0,0,0.0,1.8,0.2,50,4733
661800,2026/27,3,25,HUL,DEF,AVL,1,2026-09-05T16:30:00Z,0,0,0,0,0,0,0,0,0,0,0.0,0.0,0.0,0,0,0,0,0,0,0.0,0.0,0.0,40,9409
690838,2026/27,3,25,AVL,FWD,HUL,0,2026-09-05T16:30:00Z,0,0,0,0,0,0,0,0,0,0,0.0,0.0,0.0,0,0,0,0,0,0,0.0,0.0,0.0,55,31743
79602,2026/27,3,26,COV,GKP,MCI,0,2026-09-05T14:00:00Z,0,0,0,0,0,0,0,0,0,0,0.0,0.0,0.0,0,0,0,0,0,0,0.0,0.0,0.0,40,29804
80178,2026/27,3,26,COV,DEF,MCI,0,2026-09-05T14:00:00Z,0,0,0,0,0,0,0,0,0,0,0.0,0.0,0.0,0,0,0,0,0,0,0.0,0.0,0.0,40,8763
91651,2026/27,3,26,MCI,MID,COV,1,2026-09-05T14:00:00Z,0,0,0,0,0,0,0,0,0,0,0.0,0.0,0.0,0,0,0,0,0,0,0.0,0.0,0.0,55,8577
106921,2026/27,3,26,MCI,GKP,COV,1,2026-09-05T14:00:00Z,0,0,0,0,0,0,0,0,0,0,0.0,0.0,0.0,0,0,0,0,0,0,0.0,0.0,0.0,50,2050
110690,2026/27,3,26,COV,GKP,MCI,0,2026-09-05T14:00:00Z,0,0,0,0,0,0,0,0,0,0,0.0,0.0,0.0,0,0,0,0,0,0,0.0,0.0,0.0,45,41782
122074,2026/27,3,26,MCI,GKP,COV,1,2026-09-05T14:00:00Z,0,0,0,0,0,0,0,0,0,0,0.0,0.0,0.0,0,0,0,0,0,0,0.0,0.0,0.0,45,2867
155405,2026/27,3,26,MCI,MID,COV,1,2026-09-05T14:00:00Z,0,0,0,0,0,0,0,0,0,0,0.0,0.0,0.0,0,0,0,0,0,0,0.0,0.0,0.0,50,608
168144,2026/27,3,26,COV,MID,MCI,0,2026-09-05T14:00:00Z,90,1,2,0,0,0,1,0,0,0,0.04,0.0,2.12,8,8,0,0,0,0,1.0,2.3,18.6,50,16127
171314,2026/27,3,26,MCI,DEF,COV,1,2026-09-05T14:00:00Z,90,1,6,0,0,1,0,0,0,0,0.0,0.03,1.37,3,25,0,0,0,0,0.0,6.6,20.6,55,186055
173878,2026/27,3,26,COV,DEF,MCI,0,2026-09-05T14:00:00Z,84,1,2,0,0,0,1,0,0,0,0.0,0.08,2.12,7,10,0,0,0,0,0.0,14.9,21.8,40,79293
176412,2026/27,3,26,COV,FWD,MCI,0,2026-09-05T14:00:00Z,0,0,0,0,0,0,0,0,0,0,0.0,0.0,0.0,0,0,0,0,0,0,0.0,0.0,0.0,54,10607
196100,2026/27,3,26,COV,MID,MCI,0,2026-09-05T14:00:00Z,5,0,1,0,0,0,0,0,0,0,0.0,0.0,0.0,2,1,0,0,0,0,0.0,0.0,0.0,55,11896
204813,2026/27,3,26,COV,DEF,MCI,0,2026-09-05T14:00:00Z,0,0,0,0,0,0,0,0,0,0,0.0,0.0,0.0,0,0,0,0,0,0,0.0,0.0,0.0,40,4150
204936,2026/27,3,26,MCI,GKP,COV,1,2026-09-05T14:00:00Z,90,1,7,0,0,1,0,0,0,0,0.0,0.0,1.37,0,29,0,3,0,0,0.0,0.0,26.8,55,836587
209036,2026/27,3,26,MCI,DEF,COV,1,2026-09-05T14:00:00Z,90,1,8,0,0,1,0,0,0,0,0.0,0.02,1.37,9,31,2,0,0,0,2.0,9.6,28.8,60,1945720
209244,2026/27,3,26,MCI,MID,COV,1,2026-09-05T14:00:00Z,24,0,1,0,0,0,0,0,0,0,0.62,0.01,0.5,1,3,0,0,0,0,7.0,14.8,4.4,70,687362
210156,2026/27,3,26,COV,FWD,MCI,0,2026-09-05T14:00:00Z,70,1,2,0,0,0,1,0,0,0,0.31,0.0,1.17,5,6,0,0,0,0,3.0,10.3,3.6,55,69494
215379,2026/27,3,26,MCI,MID,COV,1,2026-09-05T14:00:00Z,90,1,3,0,0,1,0,0,0,0,0.02,0.17,1.37,11,23,0,0,0,0,5.0,28.1,26.6,64,514714
218997,2026/27,3,26,COV,FWD,MCI,0,2026-09-05T14:00:00Z,19,0,1,0,0,0,0,0,0,0,0.3,0.0,0.95,0,3,0,0,0,0,35.0,10.0,5.0,50,88094
220566,2026/27,3,26,MCI,MID,COV,1,2026-09-05T14:00:00Z,0,0,0,0,0,0,0,0,0,0,0.0,0.0,0.0,0,0,0,0,0,0,0.0,0.0,0.0,65,1283
220583,2026/27,3,26,COV,DEF,MCI,0,2026-09-05T14:00:00Z,0,0,0,0,0,0,0,0,0,0,0.0,0.0,0.0,0,0,0,0,0,0,0.0,0.0,0.0,40,15091
223094,2026/27,3,26,MCI,FWD,COV,1,2026-09-05T14:00:00Z,90,1,9,1,0,1,0,0,0,0,1.06,0.48,1.37,7,40,3,0,0,0,63.0,13.6,48.8,155,7594638
226965,2026/27,3,26,COV,MID,MCI,0,2026-09-05T14:00:00Z,0,0,0,0,0,0,0,0,0,0,0.0,0.0,0.0,0,0,0,0,0,0,0.0,0.0,0.0,54,13303
230730,2026/27,3,26,COV,FWD,MCI,0,2026-09-05T14:00:00Z,19,0,1,0,0,0,0,0,0,0,0.0,0.0,0.95,3,6,0,0,0,0,2.0,0.3,2.2,50,84492
231065,2026/27,3,26,COV,DEF,MCI,0,2026-09-05T14:00:00Z,90,1,3,0,0,0,1,0,0,0,0.11,0.0,2.12,13,3,0,0,1,0,6.0,0.0,18.2,45,7182
241293,2026/27,3,26,COV,MID,MCI,0,2026-09-05T14:00:00Z,70,1,2,0,0,0,1,0,0,0,0.0,0.0,1.17,5,4,0,0,0,0,2.0,0.8,0.0,54,10318
248875,2026/27,3,26,MCI,MID,COV,1,2026-09-05T14:00:00Z,0,0,0,0,0,0,0,0,0,0,0.0,0.0,0.0,0,0,0,0,0,0,0.0,0.0,0.0,74,90983
428580,2026/27,3,26,COV,MID,MCI,0,2026-09-05T14:00:00Z,62,1,2,0,0,0,1,0,0,0,0.0,0.0,1.17,3,5,0,0,0,0,0.0,0.4,0.4,50,12452
433036,2026/27,3,26,MCI,MID,COV,1,2026-09-05T14:00:00Z,0,0,0,0,0,0,0,0,0,0,0.0,0.0,0.0,0,0,0,0,0,0,0.0,0.0,0.0,60,4425
436761,2026/27,3,26,COV,DEF,MCI,0,2026-09-05T14:00:00Z,0,0,0,0,0,0,0,0,0,0,0.0,0.0,0.0,0,0,0,0,0,0,0.0,0.0,0.0,40,53997
437730,2026/27,3,26,MCI,MID,COV,1,2026-09-05T14:00:00Z,90,1,6,0,1,1,0,0,0,0,0.05,0.34,1.37,4,26,0,0,0,0,11.0,45.9,22.6,85,2009104
439668,2026/27,3,26,COV,MID,MCI,0,2026-09-05T14:00:00Z,0,0,0,0,0,0,0,0,0,0,0.0,0.0,0.0,0,0,0,0,0,0,0.0,0.0,0.0,49,1547
440993,2026/27,3,26,MCI,MID,COV,1,2026-09-05T14:00:00Z,86,1,3,0,0,1,0,0,0,0,0.02,0.04,1.35,5,12,0,0,0,0,10.0,17.9,7.0,60,1152171
448047,2026/27,3,26,MCI,MID,COV,1,2026-09-05T14:00:00Z,75,1,3,0,0,1,0,0,0,0,0.13,0.12,1.0,3,17,0,0,0,0,18.0,18.9,10.2,69,341334
448514,2026/27,3,26,MCI,DEF,COV,1,2026-09-05T14:00:00Z,0,0,0,0,0,0,0,0,0,0,0.0,0.0,0.0,0,0,0,0,0,0,0.0,0.0,0.0,54,56252
451284,2026/27,3,26,COV,DEF,MCI,0,2026-09-05T14:00:00Z,90,1,3,0,0,0,1,0,0,0,0.0,0.06,2.12,11,5,0,0,1,0,2.0,5.2,16.8,40,1209039
461102,2026/27,3,26,COV,DEF,MCI,0,2026-09-05T14:00:00Z,90,1,4,0,0,0,1,0,0,0,0.22,0.17,2.12,12,19,0,0,0,0,24.0,20.8,20.6,40,883716
465351,2026/27,3,26,MCI,DEF,COV,1,2026-09-05T14:00:00Z,0,0,0,0,0,0,0,0,0,0,0.0,0.0,0.0,0,0,0,0,0,0,0.0,0.0,0.0,59,103772
465390,2026/27,3,26,COV,DEF,MCI,0,2026-09-05T14:00:00Z,0,0,0,0,0,0,0,0,0,0,0.0,0.0,0.0,0,0,0,0,0,0,0.0,0.0,0.0,40,4676
466052,2026/27,3,26,MCI,MID,COV,1,2026-09-05T14:00:00Z,65,1,3,0,0,1,0,0,0,0,0.21,0.3,0.86,3,23,0,0,0,0,24.0,52.2,7.4,77,3431400
469272,2026/27,3,26,COV,MID,MCI,0,2026-09-05T14:00:00Z,27,0,1,0,0,0,0,0,0,0,0.1,0.03,0.95,1,9,0,0,0,0,21.0,24.8,8.2,55,12425
472739,2026/27,3,26,COV,GKP,MCI,0,2026-09-05T14:00:00Z,90,1,2,0,0,0,1,0,0,0,0.0,0.0,2.12,0,13,0,2,0,0,0.0,0.0,18.8,45,95482
472769,2026/27,3,26,MCI,DEF,COV,1,2026-09-05T14:00:00Z,0,0,0,0,0,0,0,0,0,0,0.0,0.0,0.0,0,0,0,0,0,0,0.0,0.0,0.0,65,1933486
477064,2026/27,3,26,MCI,DEF,COV,1,2026-09-05T14:00:00Z,0,0,0,0,0,0,0,0,0,0,0.0,0.0,0.0,0,0,0,0,0,0,0.0,0.0,0.0,45,23634
477424,2026/27,3,26,MCI,DEF,COV,1,2026-09-05T14:00:00Z,90,1,8,0,0,1,0,0,0,0,0.01,0.02,1.37,8,31,2,0,0,0,7.0,6.9,18.8,56,2019409
480457,2026/27,3,26,COV,MID,MCI,0,2026-09-05T14:00:00Z,62,1,2,0,0,0,1,0,0,0,0.29,0.09,1.17,5,9,0,0,0,0,33.0,28.5,14.4,50,12234
484389,2026/27,3,26,COV,GKP,MCI,0,2026-09-05T14:00:00Z,0,0,0,0,0,0,0,0,0,0,0.0,0.0,0.0,0,0,0,0,0,0,0.0,0.0,0.0,40,141466
492498,2026/27,3,26,COV,MID,MCI,0,2026-09-05T14:00:00Z,0,0,0,0,0,0,0,0,0,0,0.0,0.0,0.0,0,0,0,0,0,0,0.0,0.0,0.0,45,14534
494307,2026/27,3,26,MCI,DEF,COV,1,2026-09-05T14:00:00Z,0,0,0,0,0,0,0,0,0,0,0.0,0.0,0.0,0,0,0,0,0,0,0.0,0.0,0.0,50,589
501459,2026/27,3,26,COV,MID,MCI,0,2026-09-05T14:00:00Z,0,0,0,0,0,0,0,0,0,0,0.0,0.0,0.0,0,0,0,0,0,0,0.0,0.0,0.0,49,8559
539142,2026/27,3,26,COV,DEF,MCI,0,2026-09-05T14:00:00Z,90,1,2,0,0,0,1,0,0,0,0.0,0.34,2.12,3,4,0,0,0,0,6.0,1.3,4.4,40,81029
549653,2026/27,3,26,COV,FWD,MCI,0,2026-09-05T14:00:00Z,0,0,0,0,0,0,0,0,0,0,0.0,0.0,0.0,0,0,0,0,0,0,0.0,0.0,0.0,45,3200
551262,2026/27,3,26,COV,FWD,MCI,0,2026-09-05T14:00:00Z,0,0,0,0,0,0,0,0,0,0,0.0,0.0,0.0,0,0,0,0,0,0,0.0,0.0,0.0,50,929
554054,2026/27,3,26,MCI,DEF,COV,1,2026-09-05T14:00:00Z,0,0,0,0,0,0,0,0,0,0,0.0,0.0,0.0,0,0,0,0,0,0,0.0,0.0,0.0,40,14144
575204,2026/27,3,26,MCI,MID,COV,1,2026-09-05T14:00:00Z,0,0,0,0,0,0,0,0,0,0,0.0,0.0,0.0,0,0,0,0,0,0,0.0,0.0,0.0,49,1429
577411,2026/27,3,26,COV,DEF,MCI,0,2026-09-05T14:00:00Z,0,0,0,0,0,0,0,0,0,0,0.0,0.0,0.0,0,0,0,0,0,0,0.0,0.0,0.0,40,3074
578153,2026/27,3,26,MCI,DEF,COV,1,2026-09-05T14:00:00Z,90,1,5,0,0,1,0,0,0,0,0.0,0.02,1.37,6,22,0,0,1,0,0.0,3.9,13.6,55,166742
590039,2026/27,3,26,MCI,MID,COV,1,2026-09-05T14:00:00Z,0,0,0,0,0,0,0,0,0,0,0.0,0.0,0.0,0,0,0,0,0,0,0.0,0.0,0.0,45,14465
595480,2026/27,3,26,MCI,MID,COV,1,2026-09-05T14:00:00Z,0,0,0,0,0,0,0,0,0,0,0.0,0.0,0.0,0,0,0,0,0,0,0.0,0.0,0.0,45,0
616222,2026/27,3,26,MCI,DEF,COV,1,2026-09-05T14:00:00Z,0,0,0,0,0,0,0,0,0,0,0.0,0.0,0.0,0,0,0,0,0,0,0.0,0.0,0.0,45,2767
616288,2026/27,3,26,MCI,MID,COV,1,2026-09-05T14:00:00Z,3,0,1,0,0,0,0,0,0,0,0.0,0.0,0.02,4,5,0,0,0,0,2.0,0.0,5.2,45,9526
624777,2026/27,3,26,MCI,MID,COV,1,2026-09-05T14:00:00Z,0,0,0,0,0,0,0,0,0,0,0.0,0.0,0.0,0,0,0,0,0,0,0.0,0.0,0.0,60,365
627221,2026/27,3,26,COV,FWD,MCI,0,2026-09-05T14:00:00Z,0,0,0,0,0,0,0,0,0,0,0.0,0.0,0.0,0,0,0,0,0,0,0.0,0.0,0.0,50,10406
629397,2026/27,3,26,COV,MID,MCI,0,2026-09-05T14:00:00Z,0,0,0,0,0,0,0,0,0,0,0.0,0.0,0.0,0,0,0,0,0,0,0.0,0.0,0.0,45,44026
637238,2026/27,3,26,MCI,MID,COV,1,2026-09-05T14:00:00Z,14,0,1,0,0,0,0,0,0,0,0.0,0.0,0.37,5,5,0,0,0,0,0.0,0.5,11.2,55,15546
649208,2026/27,3,26,MCI,MID,COV,1,2026-09-05T14:00:00Z,0,0,0,0,0,0,0,0,0,0,0.0,0.0,0.0,0,0,0,0,0,0,0.0,0.0,0.0,49,1321
661888,2026/27,3,26,COV,MID,MCI,0,2026-09-05T14:00:00Z,27,0,1,0,0,0,0,0,0,0,0.0,0.0,0.95,6,4,0,0,0,0,0.0,0.3,1.0,50,20321
684268,2026/27,3,26,COV,MID,MCI,0,2026-09-05T14:00:00Z,0,0,0,0,0,0,0,0,0,0,0.0,0.0,0.0,0,0,0,0,0,0,0.0,0.0,0.0,45,27151
40383,2026/27,3,27,BOU,GKP,NEW,0,2026-09-05T11:30:00Z,0,0,0,0,0,0,0,0,0,0,0.0,0.0,0.0,0,0,0,0,0,0,0.0,0.0,0.0,40,371559
54469,2026/27,3,27,BOU,DEF,NEW,0,2026-09-05T11:30:00Z,90,1,0,0,0,0,2,0,0,0,0.01,0.04,0.71,4,3,0,0,1,0,4.0,25.3,9.6,45,13869
78916,2026/27,3,27,NEW,DEF,BOU,1,2026-09-05T11:30:00Z,0,0,0,0,0,0,0,0,0,0,0.0,0.0,0.0,0,0,0,0,0,0,0.0,0.0,0.0,49,114109
81441,2026/27,3,27,NEW,GKP,BOU,1,2026-09-05T11:30:00Z,0,0,0,0,0,0,0,0,0,0,0.0,0.0,0.0,0,0,0,0,0,0,0.0,0.0,0.0,45,3576
98747,2026/27,3,27,NEW,GKP,BOU,1,2026-09-05T11:30:00Z,0,0,0,0,0,0,0,0,0,0,0.0,0.0,0.0,0,0,0,0,0,0,0.0,0.0,0.0,50,115196
111317,2026/27,3,27,BOU,MID,NEW,0,2026-09-05T11:30:00Z,14,0,1,0,0,0,1,0,0,0,0.0,0.0,0.23,0,2,0,0,0,0,0.0,0.0,0.0,50,5938
114243,2026/27,3,27,NEW,MID,BOU,1,2026-09-05T11:30:00Z,13,0,1,0,0,0,0,0,0,0,0.0,0.0,0.04,1,5,0,0,0,0,0.0,0.3,0.2,59,14114
119471,2026/27,3,27,NEW,DEF,BOU,1,2026-09-05T11:30:00Z,0,0,0,0,0,0,0,0,0,0,0.0,0.0,0.0,0,0,0,0,0,0,0.0,0.0,0.0,50,24845
155408,2026/27,3,27,BOU,MID,NEW,0,2026-09-05T11:30:00Z,14,0,1,0,0,0,1,0,0,0,0.0,0.0,0.23,1,2,0,0,0,0,0.0,0.3,0.0,50,23118
158499,2026/27,3,27,BOU,MID,NEW,0,2026-09-05T11:30:00Z,1,0,1,0,0,0,0,0,0,0,0.0,0.0,0.0,0,3,0,0,0,0,0.0,0.0,0.0,50,2833
168636,2026/27,3,27,BOU,FWD,NEW,0,2026-09-05T11:30:00Z,0,0,0,0,0,0,0,0,0,0,0.0,0.0,0.0,0,0,0,0,0,0,0.0,0.0,0.0,55,1977
180974,2026/27,3,27,NEW,MID,BOU,1,2026-09-05T11:30:00Z,0,0,0,0,0,0,0,0,0,0,0.0,0.0,0.0,0,0,0,0,0,0,0.0,0.0,0.0,54,2235
200089,2026/27,3,27,NEW,MID,BOU,1,2026-09-05T11:30:00Z,62,1,2,0,0,0,2,0,0,0,0.36,0.01,1.33,3,6,0,0,0,0,11.0,2.2,6.0,50,45043
200785,2026/27,3,27,BOU,MID,NEW,0,2026-09-05T11:30:00Z,75,1,4,0,0,0,1,0,0,0,0.0,0.01,0.48,12,15,0,0,0,0,0.0,11.5,12.2,50,26019
201658,2026/27,3,27,BOU,MID,NEW,0,2026-09-05T11:30:00Z,88,1,10,1,0,0,2,0,0,0,1.01,0.05,0.66,9,43,3,0,0,0,77.0,13.2,46.6,60,230783
201666,2026/27,3,27,NEW,MID,BOU,1,2026-09-05T11:30:00Z,90,1,12,1,1,0,2,0,0,0,0.11,0.03,1.37,6,37,2,0,0,0,23.0,2.8,33.0,60,122479
216646,2026/27,3,27,NEW,FWD,BOU,1,2026-09-05T11:30:00Z,90,1,1,0,0,0,2,0,0,0,0.0,0.03,1.37,3,7,0,0,1,0,0.0,7.3,0.0,61,1697200
220237,2026/27,3,27,NEW,DEF,BOU,1,2026-09-05T11:30:00Z,90,1,1,0,0,0,2,0,0,0,0.0,0.16,1.37,9,3,0,0,0,0,4.0,0.9,26.0,50,69972
222683,2026/27,3,27,BOU,MID,NEW,0,2026-09-05T11:30:00Z,75,1,1,0,0,0,1,0,0,0,0.06,0.01,0.48,4,6,0,0,1,0,3.0,2.0,0.0,60,113173
230650,2026/27,3,27,BOU,GKP,NEW,0,2026-09-05T11:30:00Z,0,0,0,0,0,0,0,0,0,0,0.0,0.0,0.0,0,0,0,0,0,0,0.0,0.0,0.0,45,2932
232653,2026/27,3,27,NEW,MID,BOU,1,2026-09-05T11:30:00Z,27,0,6,1,0,0,0,0,0,0,0.11,0.02,0.04,4,22,0,0,0,0,17.0,0.8,32.4,50,30127
242882,2026/27,3,27,BOU,DEF,NEW,0,2026-09-05T11:30:00Z,0,0,0,0,0,0,0,0,0,0,0.0,0.0,0.0,0,0,0,0,0,0,0.0,0.0,0.0,50,18773
436893,2026/27,3,27,BOU,DEF,NEW,0,2026-09-05T11:30:00Z,0,0,0,0,0,0,0,0,0,0,0.0,0.0,0.0,0,0,0,0,0,0,0.0,0.0,0.0,45,1391
441191,2026/27,3,27,NEW,DEF,BOU,1,2026-09-05T11:30:00Z,1,0,1,0,0,0,0,0,0,0,0.0,0.0,0.02,0,3,0,0,0,0,0.0,0.0,0.2,49,2841
444102,2026/27,3,27,BOU,FWD,NEW,0,2026-09-05T11:30:00Z,90,1,2,0,0,0,2,0,0,0,0.13,0.01,0.71,7,4,0,0,0,0,21.0,5.1,3.2,60,336364
444172,2026/27,3,27,BOU,GKP,NEW,0,2026-09-05T11:30:00Z,0,0,0,0,0,0,0,0,0,0,0.0,0.0,0.0,0,0,0,0,0,0,0.0,0.0,0.0,40,15695
449434,2026/27,3,27,NEW,MID,BOU,1,2026-09-05T11:30:00Z,76,1,1,0,0,0,2,0,0,0,0.0,0.23,1.33,4,8,0,0,1,0,4.0,31.8,8.4,61,1142637
457569,2026/27,3,27,BOU,GKP,NEW,0,2026-09-05T11:30:00Z,90,1,1,0,0,0,2,0,0,0,0.0,0.0,0.71,0,0,0,0,0,0,0.0,0.0,3.4,45,349425
463726,2026/27,3,27,NEW,DEF,BOU,1,2026-09-05T11:30:00Z,90,1,1,0,0,0,2,0,0,0,0.11,0.02,1.37,1,3,0,0,0,0,10.0,6.4,0.6,45,365061
463981,2026/27,3,27,BOU,DEF,NEW,0,2026-09-05T11:30:00Z,90,1,1,0,0,0,2,0,0,0,0.0,0.02,0.71,6,4,0,0,0,0,2.0,31.5,16.8,55,87381
465642,2026/27,3,27,NEW,DEF,BOU,1,2026-09-05T11:30:00Z,90,1,-1,0,0,0,2,1,0,0,0.0,0.05,1.37,3,0,0,0,0,0,2.0,12.3,7.6,50,238054
465694,2026/27,3,27,NEW,MID,BOU,1,2026-09-05T11:30:00Z,76,1,2,0,0,0,2,0,0,0,0.0,0.01,1.33,7,11,0,0,0,0,2.0,12.4,6.2,55,26047
470313,2026/27,3,27,NEW,FWD,BOU,1,2026-09-05T11:30:00Z,0,0,0,0,0,0,0,0,0,0,0.0,0.0,0.0,0,0,0,0,0,0,0.0,0.0,0.0,59,103336
470551,2026/27,3,27,NEW,GKP,BOU,1,2026-09-05T11:30:00Z,90,1,2,0,0,0,2,0,0,0,0.0,0.0,1.37,0,12,0,4,0,0,0.0,0.0,33.4,50,125893
483067,2026/27,3,27,BOU,DEF,NEW,0,2026-09-05T11:30:00Z,90,1,1,0,0,0,2,0,0,0,0.02,0.01,0.71,8,8,0,0,0,0,17.0,1.2,23.8,50,43269
487838,2026/27,3,27,NEW,DEF,BOU,1,2026-09-05T11:30:00Z,89,1,4,0,1,0,2,0,0,0,0.01,0.01,1.35,6,20,0,0,0,0,3.0,13.4,28.0,51,1101917
489888,2026/27,3,27,BOU,MID,NEW,0,2026-09-05T11:30:00Z,0,0,0,0,0,0,0,0,0,0,0.0,0.0,0.0,0,0,0,0,0,0,0.0,0.0,0.0,49,1803
494521,2026/27,3,27,BOU,DEF,NEW,0,2026-09-05T11:30:00Z,90,1,0,0,0,0,2,0,0,0,0.01,0.06,0.71,6,-3,0,0,1,0,2.0,15.7,10.2,55,387734
494928,2026/27,3,27,BOU,DEF,NEW,0,2026-09-05T11:30:00Z,0,0,0,0,0,0,0,0,0,0,0.0,0.0,0.0,0,0,0,0,0,0,0.0,0.0,0.0,45,19900
496208,2026/27,3,27,BOU,MID,NEW,0,2026-09-05T11:30:00Z,1,0,1,0,0,0,0,0,0,0,0.02,0.0,0.05,2,3,0,0,0,0,5.0,0.5,2.0,50,7170
499604,2026/27,3,27,BOU,MID,NEW,0,2026-09-05T11:30:00Z,88,1,2,0,0,0,2,0,0,0,0.04,0.01,0.66,2,8,0,0,0,0,10.0,0.9,1.6,65,230133
503139,2026/27,3,27,BOU,MID,NEW,0,2026-09-05T11:30:00Z,90,1,10,0,2,0,2,0,0,0,0.07,0.02,0.71,11,37,2,0,0,0,12.0,22.9,13.4,60,210299
523700,2026/27,3,27,BOU,FWD,NEW,0,2026-09-05T11:30:00Z,1,0,1,0,0,0,0,0,0,0,0.0,0.0,0.05,0,4,0,0,0,0,0.0,0.0,0.0,50,9237
538207,2026/27,3,27,NEW,FWD,BOU,1,2026-09-05T11:30:00Z,0,0,0,0,0,0,0,0,0,0,0.0,0.0,0.0,0,0,0,0,0,0,0.0,0.0,0.0,59,51608
545477,2026/27,3,27,NEW,DEF,BOU,1,2026-09-05T11:30:00Z,0,0,0,0,0,0,0,0,0,0,0.0,0.0,0.0,0,0,0,0,0,0,0.0,0.0,0.0,40,7660
547719,2026/27,3,27,NEW,MID,BOU,1,2026-09-05T11:30:00Z,62,1,2,0,0,0,2,0,0,0,0.0,0.02,1.33,4,11,0,0,0,0,2.0,1.1,3.2,55,8538
553746,2026/27,3,27,NEW,DEF,BOU,1,2026-09-05T11:30:00Z,0,0,0,0,0,0,0,0,0,0,0.0,0.0,0.0,0,0,0,0,0,0,0.0,0.0,0.0,40,31239
554578,2026/27,3,27,NEW,GKP,BOU,1,2026-09-05T11:30:00Z,0,0,0,0,0,0,0,0,0,0,0.0,0.0,0.0,0,0,0,0,0,0,0.0,0.0,0.0,45,2647
560262,2026/27,3,27,BOU,MID,NEW,0,2026-09-05T11:30:00Z,0,0,0,0,0,0,0,0,0,0,0.0,0.0,0.0,0,0,0,0,0,0,0.0,0.0,0.0,74,23655
561245,2026/27,3,27,BOU,FWD,NEW,0,2026-09-05T11:30:00Z,0,0,0,0,0,0,0,0,0,0,0.0,0.0,0.0,0,0,0,0,0,0,0.0,0.0,0.0,60,12281
575901,2026/27,3,27,BOU,DEF,NEW,0,2026-09-05T11:30:00Z,0,0,0,0,0,0,0,0,0,0,0.0,0.0,0.0,0,0,0,0,0,0,0.0,0.0,0.0,40,30657
599303,2026/27,3,27,NEW,FWD,BOU,1,2026-09-05T11:30:00Z,0,0,0,0,0,0,0,0,0,0,0.0,0.0,0.0,0,0,0,0,0,0,0.0,0.0,0.0,45,87795
611665,2026/27,3,27,NEW,MID,BOU,1,2026-09-05T11:30:00Z,0,0,0,0,0,0,0,0,0,0,0.0,0.0,0.0,0,0,0,0,0,0,0.0,0.0,0.0,59,15932
613221,2026/27,3,27,NEW,FWD,BOU,1,2026-09-05T11:30:00Z,27,0,1,0,0,0,0,0,0,0,0.0,0.0,0.04,1,4,0,0,0,0,6.0,0.8,0.0,60,5694
614574,2026/27,3,27,BOU,MID,NEW,0,2026-09-05T11:30:00Z,0,0,0,0,0,0,0,0,0,0,0.0,0.0,0.0,0,0,0,0,0,0,0.0,0.0,0.0,50,1563
620487,2026/27,3,27,BOU,DEF,NEW,0,2026-09-05T11:30:00Z,0,0,0,0,0,0,0,0,0,0,0.0,0.0,0.0,0,0,0,0,0,0,0.0,0.0,0.0,50,919
632794,2026/27,3,27,NEW,MID,BOU,1,2026-09-05T11:30:00Z,0,0,0,0,0,0,0,0,0,0,0.0,0.0,0.0,0,0,0,0,0,0,0.0,0.0,0.0,50,11930
636852,2026/27,3,27,NEW,MID,BOU,1,2026-09-05T11:30:00Z,13,0,1,0,0,0,0,0,0,0,0.0,0.0,0.04,2,3,0,0,0,0,0.0,0.5,2.0,50,8925
60689,2026/27,3,28,NFO,FWD,TOT,1,2026-09-05T14:00:00Z,16,0,1,0,0,0,0,0,0,0,0.0,0.0,0.18,0,3,0,0,0,0,0.0,0.1,0.2,59,121647
67089,2026/27,3,28,TOT,GKP,NFO,0,2026-09-05T14:00:00Z,0,0,0,0,0,0,0,0,0,0,0.0,0.0,0.0,0,0,0,0,0,0,0.0,0.0,0.0,40,1908726
85633,2026/27,3,28,NFO,GKP,TOT,1,2026-09-05T14:00:00Z,90,1,6,0,0,1,0,0,0,0,0.0,0.0,1.06,0,21,0,0,0,0,0.0,0.0,2.4,50,143042
109646,2026/27,3,28,TOT,DEF,NFO,0,2026-09-05T14:00:00Z,0,0,0,0,0,0,0,0,0,0,0.0,0.0,0.0,0,0,0,0,0,0,0.0,0.0,0.0,45,17692
115556,2026/27,3,28,TOT,DEF,NFO,0,2026-09-05T14:00:00Z,0,0,0,0,0,0,0,0,0,0,0.0,0.0,0.0,0,0,0,0,0,0,0.0,0.0,0.0,40,98874
122798,2026/27,3,28,TOT,DEF,NFO,0,2026-09-05T14:00:00Z,29,0,1,0,0,0,0,0,0,0,0.0,0.0,0.43,1,3,0,0,0,0,0.0,0.3,6.0,45,328965
154566,2026/27,3,28,TOT,FWD,NFO,0,2026-09-05T14:00:00Z,6,0,1,0,0,0,0,0,0,0,0.17,0.0,0.04,1,-1,0,0,0,0,4.0,0.3,0.0,59,106592
159506,2026/27,3,28,NFO,DEF,TOT,1,2026-09-05T14:00:00Z,58,1,1,0,0,0,0,0,0,0,0.0,0.0,0.81,7,8,0,0,0,0,0.0,0.5,13.0,45,313105
172780,2026/27,3,28,TOT,MID,NFO,0,2026-09-05T14:00:00Z,0,0,0,0,0,0,0,0,0,0,0.0,0.0,0.0,0,0,0,0,0,0,0.0,0.0,0.0,64,57231
184254,2026/27,3,28,TOT,GKP,NFO,0,2026-09-05T14:00:00Z,0,0,0,0,0,0,0,0,0,0,0.0,0.0,0.0,0,0,0,0,0,0,0.0,0.0,0.0,45,18205
202993,2026/27,3,28,TOT,MID,NFO,0,2026-09-05T14:00:00Z,90,1,5,0,0,1,0,0,0,0,0.02,0.01,0.92,17,14,0,0,0,0,6.0,3.3,18.4,55,17786
204561,2026/27,3,28,NFO,MID,TOT,1,2026-09-05T14:00:00Z,90,1,3,0,0,1,0,0,0,0,0.03,0.06,1.06,10,18,0,0,0,0,1.0,2.3,11.2,50,10377
204822,2026/27,3,28,NFO,DEF,TOT,1,2026-09-05T14:00:00Z,0,0,0,0,0,0,0,0,0,0,0.0,0.0,0.0,0,0,0,0,0,0,0.0,0.0,0.0,40,23523
204968,2026/27,3,28,NFO,MID,TOT,1,2026-09-05T14:00:00Z,0,0,0,0,0,0,0,0,0,0,0.0,0.0,0.0,0,0,0,0,0,0,0.0,0.0,0.0,45,152628
209046,2026/27,3,28,NFO,MID,TOT,1,2026-09-05T14:00:00Z,0,0,0,0,0,0,0,0,0,0,0.0,0.0,0.0,0,0,0,0,0,0,0.0,0.0,0.0,59,19189
210462,2026/27,3,28,NFO,MID,TOT,1,2026-09-05T14:00:00Z,0,0,0,0,0,0,0,0,0,0,0.0,0.0,0.0,0,0,0,0,0,0,0.0,0.0,0.0,49,60777
212319,2026/27,3,28,TOT,FWD,NFO,0,2026-09-05T14:00:00Z,0,0,0,0,0,0,0,0,0,0,0.0,0.0,0.0,0,0,0,0,0,0,0.0,0.0,0.0,59,153916
214572,2026/27,3,28,TOT,GKP,NFO,0,2026-09-05T14:00:00Z,0,0,0,0,0,0,0,0,0,0,0.0,0.0,0.0,0,0,0,0,0,0,0.0,0.0,0.0,40,104639
215136,2026/27,3,28,NFO,DEF,TOT,1,2026-09-05T14:00:00Z,90,1,7,0,0,1,0,0,0,0,0.0,0.07,1.06,6,28,1,0,0,0,4.0,10.9,11.4,50,851007
221389,2026/27,3,28,NFO,GKP,TOT,1,2026-09-05T14:00:00Z,0,0,0,0,0,0,0,0,0,0,0.0,0.0,0.0,0,0,0,0,0,0,0.0,0.0,0.0,45,6270
221466,2026/27,3,28,TOT,DEF,NFO,0,2026-09-05T14:00:00Z,0,0,0,0,0,0,0,0,0,0,0.0,0.0,0.0,0,0,0,0,0,0,0.0,0.0,0.0,59,558130
221632,2026/27,3,28,TOT,DEF,NFO,0,2026-09-05T14:00:00Z,0,0,0,0,0,0,0,0,0,0,0.0,0.0,0.0,0,0,0,0,0,0,0.0,0.0,0.0,50,11327
222531,2026/27,3,28,NFO,MID,TOT,1,2026-09-05T14:00:00Z,90,1,3,0,0,1,0,0,0,0,0.48,0.01,1.06,7,3,0,0,0,0,13.0,3.0,5.6,79,1065969
227444,2026/27,3,28,NFO,DEF,TOT,1,2026-09-05T14:00:00Z,90,1,7,0,0,1,0,0,0,0,0.0,0.01,1.06,11,27,0,0,1,0,2.0,0.8,28.6,55,168090
232787,2026/27,3,28,TOT,MID,NFO,0,2026-09-05T14:00:00Z,83,1,3,0,0,1,0,0,0,0,0.0,0.06,0.88,11,23,0,0,0,0,2.0,4.4,10.2,54,22380
232859,2026/27,3,28,TOT,DEF,NFO,0,2026-09-05T14:00:00Z,0,0,0,0,0,0,0,0,0,0,0.0,0.0,0.0,0,0,0,0,0,0,0.0,0.0,0.0,45,33138
247348,2026/27,3,28,NFO,DEF,TOT,1,2026-09-05T14:00:00Z,31,0,1,0,0,0,0,0,0,0,0.03,0.0,0.26,1,5,0,0,0,0,4.0,0.8,2.4,54,658550
250199,2026/27,3,28,NFO,MID,TOT,1,2026-09-05T14:00:00Z,0,0,0,0,0,0,0,0,0,0,0.0,0.0,0.0,0,0,0,0,0,0,0.0,0.0,0.0,50,7052
428971,2026/27,3,28,NFO,GKP,TOT,1,2026-09-05T14:00:00Z,0,0,0,0,0,0,0,0,0,0,0.0,0.0,0.0,0,0,0,0,0,0,0.0,0.0,0.0,45,7389
432422,2026/27,3,28,TOT,MID,NFO,0,2026-09-05T14:00:00Z,90,1,5,0,0,1,0,0,0,0,0.0,0.01,0.92,12,22,0,0,0,0,0.0,8.0,22.8,54,288825
432714,2026/27,3,28,NFO,MID,TOT,1,2026-09-05T14:00:00Z,90,1,2,0,0,1,0,0,0,0,0.13,0.22,1.06,7,22,0,0,1,0,10.0,59.5,14.2,55,8416
438234,2026/27,3,28,TOT,FWD,NFO,0,2026-09-05T14:00:00Z,83,1,2,0,0,1,0,0,0,0,0.17,0.01,0.88,0,6,0,0,0,0,10.0,2.4,0.0,70,232425
441164,2026/27,3,28,TOT,DEF,NFO,0,2026-09-05T14:00:00Z,90,1,7,0,0,1,0,0,0,0,0.03,0.06,0.92,4,28,1,0,0,0,6.0,35.8,13.2,55,1176909
445044,2026/27,3,28,TOT,MID,NFO,0,2026-09-05T14:00:00Z,0,0,0,0,0,0,0,0,0,0,0.0,0.0,0.0,0,0,0,0,0,0,0.0,0.0,0.0,65,912
456512,2026/27,3,28,NFO,MID,TOT,1,2026-09-05T14:00:00Z,58,1,1,0,0,0,0,0,0,0,0.0,0.0,0.81,5,5,0,0,0,0,0.0,0.3,0.4,55,73790
460842,2026/27,3,28,TOT,MID,NFO,0,2026-09-05T14:00:00Z,29,0,1,0,0,0,0,0,0,0,0.0,0.16,0.43,3,13,0,0,0,0,2.0,15.1,5.2,65,12485
463034,2026/27,3,28,NFO,FWD,TOT,1,2026-09-05T14:00:00Z,73,1,2,0,0,1,0,0,0,0,0.06,0.06,0.89,5,6,0,0,0,0,5.0,20.8,2.4,55,83350
465680,2026/27,3,28,NFO,FWD,TOT,1,2026-09-05T14:00:00Z,0,0,0,0,0,0,0,0,0,0,0.0,0.0,0.0,0,0,0,0,0,0,0.0,0.0,0.0,54,5117
465920,2026/27,3,28,TOT,MID,NFO,0,2026-09-05T14:00:00Z,16,0,1,0,0,0,0,0,0,0,0.0,0.0,0.16,0,3,0,0,0,0,2.0,0.1,0.0,54,7171
469142,2026/27,3,28,TOT,DEF,NFO,0,2026-09-05T14:00:00Z,90,1,8,0,0,1,0,0,0,0,0.09,0.01,0.92,4,29,2,0,0,0,11.0,12.8,16.6,49,733037
470315,2026/27,3,28,NFO,DEF,TOT,1,2026-09-05T14:00:00Z,0,0,0,0,0,0,0,0,0,0,0.0,0.0,0.0,0,0,0,0,0,0,0.0,0.0,0.0,45,3401
476887,2026/27,3,28,NFO,MID,TOT,1,2026-09-05T14:00:00Z,0,0,0,0,0,0,0,0,0,0,0.0,0.0,0.0,0,0,0,0,0,0,0.0,0.0,0.0,55,761
482442,2026/27,3,28,TOT,MID,NFO,0,2026-09-05T14:00:00Z,0,0,0,0,0,0,0,0,0,0,0.0,0.0,0.0,0,0,0,0,0,0,0.0,0.0,0.0,49,14992
482973,2026/27,3,28,NFO,FWD,TOT,1,2026-09-05T14:00:00Z,31,0,1,0,0,0,0,0,0,0,0.0,0.0,0.26,1,3,0,0,0,0,0.0,0.4,1.2,59,307784
485047,2026/27,3,28,NFO,DEF,TOT,1,2026-09-05T14:00:00Z,0,0,0,0,0,0,0,0,0,0,0.0,0.0,0.0,0,0,0,0,0,0,0.0,0.0,0.0,50,3599
485055,2026/27,3,28,TOT,GKP,NFO,0,2026-09-05T14:00:00Z,90,1,6,0,0,1,0,0,0,0,0.0,0.0,0.92,0,24,0,1,0,0,0.0,10.0,10.4,45,1949396
487053,2026/27,3,28,TOT,DEF,NFO,0,2026-09-05T14:00:00Z,60,1,5,0,0,1,0,0,0,0,0.0,0.02,0.49,3,16,0,0,1,0,2.0,1.3,4.6,45,43060
490145,2026/27,3,28,TOT,FWD,NFO,0,2026-09-05T14:00:00Z,0,0,0,0,0,0,0,0,0,0,0.0,0.0,0.0,0,0,0,0,0,0,0.0,0.0,0.0,45,178567
491279,2026/27,3,28,TOT,DEF,NFO,0,2026-09-05T14:00:00Z,90,1,9,0,0,1,0,0,0,0,0.57,0.0,0.92,9,30,3,0,0,0,14.0,1.2,21.4,50,380320
493362,2026/27,3,28,TOT,MID,NFO,0,2026-09-05T14:00:00Z,0,0,0,0,0,0,0,0,0,0,0.0,0.0,0.0,0,0,0,0,0,0,0.0,0.0,0.0,60,1296
499716,2026/27,3,28,TOT,DEF,NFO,0,2026-09-05T14:00:00Z,0,0,0,0,0,0,0,0,0,0,0.0,0.0,0.0,0,0,0,0,0,0,0.0,0.0,0.0,40,9320
499721,2026/27,3,28,TOT,MID,NFO,0,2026-09-05T14:00:00Z,0,0,0,0,0,0,0,0,0,0,0.0,0.0,0.0,0,0,0,0,0,0,0.0,0.0,0.0,50,13268
499726,2026/27,3,28,TOT,MID,NFO,0,2026-09-05T14:00:00Z,0,0,0,0,0,0,0,0,0,0,0.0,0.0,0.0,0,0,0,0,0,0,0.0,0.0,0.0,45,72776
500151,2026/27,3,28,NFO,DEF,TOT,1,2026-09-05T14:00:00Z,0,0,0,0,0,0,0,0,0,0,0.0,0.0,0.0,0,0,0,0,0,0,0.0,0.0,0.0,45,221
503301,2026/27,3,28,NFO,MID,TOT,1,2026-09-05T14:00:00Z,0,0,0,0,0,0,0,0,0,0,0.0,0.0,0.0,0,0,0,0,0,0,0.0,0.0,0.0,54,11458
510281,2026/27,3,28,TOT,MID,NFO,0,2026-09-05T14:00:00Z,60,1,3,0,0,1,0,0,0,0,0.02,0.27,0.49,0,15,0,0,0,0,15.0,17.3,6.2,65,68277
511499,2026/27,3,28,TOT,MID,NFO,0,2026-09-05T14:00:00Z,73,1,3,0,0,1,0,0,0,0,0.0,0.05,0.76,2,11,0,0,0,0,20.0,20.2,6.8,59,30912
538638,2026/27,3,28,NFO,DEF,TOT,1,2026-09-05T14:00:00Z,0,0,0,0,0,0,0,0,0,0,0.0,0.0,0.0,0,0,0,0,0,0,0.0,0.0,0.0,40,15742
547701,2026/27,3,28,TOT,MID,NFO,0,2026-09-05T14:00:00Z,0,0,0,0,0,0,0,0,0,0,0.0,0.0,0.0,0,0,0,0,0,0,0.0,0.0,0.0,50,21616
548308,2026/27,3,28,TOT,DEF,NFO,0,2026-09-05T14:00:00Z,0,0,0,0,0,0,0,0,0,0,0.0,0.0,0.0,0,0,0,0,0,0,0.0,0.0,0.0,45,1605
549067,2026/27,3,28,NFO,DEF,TOT,1,2026-09-05T14:00:00Z,0,0,0,0,0,0,0,0,0,0,0.0,0.0,0.0,0,0,0,0,0,0,0.0,0.0,0.0,40,22912
550839,2026/27,3,28,TOT,MID,NFO,0,2026-09-05T14:00:00Z,0,0,0,0,0,0,0,0,0,0,0.0,0.0,0.0,0,0,0,0,0,0,0.0,0.0,0.0,55,117
551226,2026/27,3,28,TOT,MID,NFO,0,2026-09-05T14:00:00Z,7,0,0,0,0,0,0,0,0,0,0.0,0.0,0.04,0,-1,0,0,1,0,0.0,0.4,0.0,59,123903
568420,2026/27,3,28,NFO,DEF,TOT,1,2026-09-05T14:00:00Z,1,0,1,0,0,0,0,0,0,0,0.0,0.0,0.0,0,3,0,0,0,0,0.0,0.0,0.0,54,61213
570526,2026/27,3,28,TOT,MID,NFO,0,2026-09-05T14:00:00Z,0,0,0,0,0,0,0,0,0,0,0.0,0.0,0.0,0,0,0,0,0,0,0.0,0.0,0.0,54,17646
575458,2026/27,3,28,NFO,DEF,TOT,1,2026-09-05T14:00:00Z,90,1,8,0,0,1,0,0,0,0,0.03,0.01,1.06,12,24,0,0,0,0,1.0,0.7,20.0,45,20256
575476,2026/27,3,28,NFO,DEF,TOT,1,2026-09-05T14:00:00Z,89,1,8,0,0,1,0,0,0,0,0.17,0.0,1.06,10,25,0,0,0,0,10.0,1.2,17.8,55,160118
611917,2026/27,3,28,TOT,MID,NFO,0,2026-09-05T14:00:00Z,0,0,0,0,0,0,0,0,0,0,0.0,0.0,0.0,0,0,0,0,0,0,0.0,0.0,0.0,45,13933
616221,2026/27,3,28,TOT,DEF,NFO,0,2026-09-05T14:00:00Z,0,0,0,0,0,0,0,0,0,0,0.0,0.0,0.0,0,0,0,0,0,0,0.0,0.0,0.0,40,25220
640419,2026/27,3,28,TOT,DEF,NFO,0,2026-09-05T14:00:00Z,0,0,0,0,0,0,0,0,0,0,0.0,0.0,0.0,0,0,0,0,0,0,0.0,0.0,0.0,40,6404
50175,2026/27,3,29,CHE,FWD,ARS,0,2026-09-06T15:30:00Z,3,0,1,0,0,0,0,0,0,0,0.0,0.0,0.0,0,3,0,0,0,0,2.0,0.3,0.0,59,84671
56979,2026/27,3,29,CHE,MID,ARS,0,2026-09-06T15:30:00Z,0,0,0,0,0,0,0,0,0,0,0.0,0.0,0.0,0,0,0,0,0,0,0.0,0.0,0.0,50,3322
98980,2026/27,3,29,CHE,GKP,ARS,0,2026-09-06T15:30:00Z,90,1,3,0,0,0,2,0,0,0,0.0,0.0,2.05,0,26,0,8,0,0,0.0,0.0,63.2,50,459337
109745,2026/27,3,29,ARS,GKP,CHE,1,2026-09-06T15:30:00Z,0,0,0,0,0,0,0,0,0,0,0.0,0.0,0.0,0,0,0,0,0,0,0.0,0.0,0.0,50,8025
154561,2026/27,3,29,ARS,GKP,CHE,1,2026-09-06T15:30:00Z,90,1,3,0,0,0,1,0,0,0,0.0,0.01,0.39,0,15,0,4,0,0,0.0,0.0,28.8,60,3887669
180736,2026/27,3,29,CHE,DEF,ARS,0,2026-09-06T15:30:00Z,0,0,0,0,0,0,0,0,0,0,0.0,0.0,0.0,0,0,0,0,0,0,0.0,0.0,0.0,55,9527
184029,2026/27,3,29,ARS,MID,CHE,1,2026-09-06T15:30:00Z,76,1,10,1,0,0,1,0,0,0,0.72,0.88,0.27,3,47,3,0,0,0,30.0,54.2,45.0,66,1130521
195384,2026/27,3,29,ARS,MID,CHE,1,2026-09-06T15:30:00Z,13,0,0,0,0,0,0,0,0,0,0.0,0.0,0.11,0,0,0,0,1,0,0.0,1.1,0.0,59,51449
198869,2026/27,3,29,ARS,DEF,CHE,1,2026-09-06T15:30:00Z,90,1,2,0,0,0,1,0,0,0,0.0,0.03,0.39,6,11,0,0,0,0,10.0,5.1,15.8,55,745511
199798,2026/27,3,29,ARS,DEF,CHE,1,2026-09-06T15:30:00Z,90,1,4,0,0,0,1,0,0,0,0.0,0.01,0.39,10,15,0,0,0,0,4.0,1.4,19.4,44,1139279
200641,2026/27,3,29,ARS,MID,CHE,1,2026-09-06T15:30:00Z,0,0,0,0,0,0,0,0,0,0,0.0,0.0,0.0,0,0,0,0,0,0,0.0,0.0,0.0,55,662
204480,2026/27,3,29,ARS,MID,CHE,1,2026-09-06T15:30:00Z,90,1,5,0,1,0,1,0,0,0,0.03,0.08,0.39,6,22,0,0,0,0,2.0,19.9,33.8,75,1465517
205651,2026/27,3,29,ARS,FWD,CHE,1,2026-09-06T15:30:00Z,0,0,0,0,0,0,0,0,0,0,0.0,0.0,0.0,0,0,0,0,0,0,0.0,0.0,0.0,59,26101
208706,2026/27,3,29,ARS,MID,CHE,1,2026-09-06T15:30:00Z,0,0,0,0,0,0,0,0,0,0,0.0,0.0,0.0,0,0,0,0,0,0,0.0,0.0,0.0,68,212586
215059,2026/27,3,29,CHE,GKP,ARS,0,2026-09-06T15:30:00Z,0,0,0,0,0,0,0,0,0,0,0.0,0.0,0.0,0,0,0,0,0,0,0.0,0.0,0.0,49,130954
219847,2026/27,3,29,ARS,FWD,CHE,1,2026-09-06T15:30:00Z,77,1,8,1,0,0,1,0,0,0,0.27,0.27,0.27,1,38,2,0,0,0,57.0,37.0,43.0,75,686572
223340,2026/27,3,29,ARS,MID,CHE,1,2026-09-06T15:30:00Z,89,1,2,0,0,0,1,0,0,0,0.23,0.23,0.39,4,13,0,0,0,0,70.0,27.8,10.6,95,1160318
224117,2026/27,3,29,ARS,FWD,CHE,1,2026-09-06T15:30:00Z,12,0,1,0,0,0,0,0,0,0,0.0,0.0,0.11,1,2,0,0,0,0,0.0,0.1,0.0,73,466852
225796,2026/27,3,29,CHE,DEF,ARS,0,2026-09-06T15:30:00Z,90,1,1,0,0,0,2,0,0,0,0.07,0.05,2.05,3,9,0,0,0,0,13.0,15.0,12.6,55,810910
226597,2026/27,3,29,ARS,DEF,CHE,1,2026-09-06T15:30:00Z,90,1,2,0,0,0,1,0,0,0,0.31,0.02,0.39,7,10,0,0,0,0,76.0,2.4,23.6,80,2590027
232413,2026/27,3,29,ARS,MID,CHE,1,2026-09-06T15:30:00Z,0,0,0,0,0,0,0,0,0,0,0.0,0.0,0.0,0,0,0,0,0,0,0.0,0.0,0.0,64,146059
242880,2026/27,3,29,CHE,DEF,ARS,0,2026-09-06T15:30:00Z,0,0,0,0,0,0,0,0,0,0,0.0,0.0,0.0,0,0,0,0,0,0,0.0,0.0,0.0,45,1405
244850,2026/27,3,29,CHE,MID,ARS,0,2026-09-06T15:30:00Z,86,1,6,1,0,0,2,0,0,0,0.08,0.03,2.05,5,22,0,0,1,0,16.0,13.6,30.2,75,2472597
244851,2026/27,3,29,CHE,MID,ARS,0,2026-09-06T15:30:00Z,90,1,1,0,0,0,2,0,0,0,0.11,0.04,2.05,3,11,0,0,1,0,32.0,15.8,7.0,96,1912956
247632,2026/27,3,29,CHE,MID,ARS,0,2026-09-06T15:30:00Z,80,1,2,0,0,0,2,0,0,0,0.03,0.03,2.05,7,10,0,0,0,0,14.0,23.8,6.2,65,130367
248857,2026/27,3,29,ARS,MID,CHE,1,2026-09-06T15:30:00Z,1,0,1,0,0,0,0,0,0,0,0.0,0.01,0.0,1,3,0,0,0,0,0.0,0.8,2.2,63,24885
437495,2026/27,3,29,ARS,GKP,CHE,1,2026-09-06T15:30:00Z,0,0,0,0,0,0,0,0,0,0,0.0,0.0,0.0,0,0,0,0,0,0,0.0,0.0,0.0,50,3143
437499,2026/27,3,29,CHE,DEF,ARS,0,2026-09-06T15:30:00Z,90,1,2,0,0,0,2,0,0,0,0.0,0.01,2.05,11,3,0,0,1,0,2.0,1.3,26.0,60,839049
438098,2026/27,3,29,ARS,MID,CHE,1,2026-09-06T15:30:00Z,0,0,0,0,0,0,0,0,0,0,0.0,0.0,0.0,0,0,0,0,0,0,0.0,0.0,0.0,55,972
439509,2026/27,3,29,ARS,MID,CHE,1,2026-09-06T15:30:00Z,90,1,5,0,1,0,1,0,0,0,0.0,0.2,0.39,8,31,1,0,1,0,4.0,50.0,30.6,65,1889271
444145,2026/27,3,29,ARS,MID,CHE,1,2026-09-06T15:30:00Z,0,0,0,0,0,0,0,0,0,0,0.0,0.0,0.0,0,0,0,0,0,0,0.0,0.0,0.0,63,15232
444463,2026/27,3,29,CHE,DEF,ARS,0,2026-09-06T15:30:00Z,90,1,3,0,0,0,2,0,0,0,0.0,0.04,2.05,17,16,0,0,0,0,0.0,22.8,39.8,50,7346
445122,2026/27,3,29,ARS,DEF,CHE,1,2026-09-06T15:30:00Z,0,0,0,0,0,0,0,0,0,0,0.0,0.0,0.0,0,0,0,0,0,0,0.0,0.0,0.0,65,8594
448104,2026/27,3,29,ARS,DEF,CHE,1,2026-09-06T15:30:00Z,23,0,1,0,0,0,0,0,0,0,0.0,0.0,0.13,3,3,0,0,0,0,2.0,0.5,6.0,54,119369
460028,2026/27,3,29,CHE,DEF,ARS,0,2026-09-06T15:30:00Z,0,0,0,0,0,0,0,0,0,0,0.0,0.0,0.0,0,0,0,0,0,0,0.0,0.0,0.0,50,124492
462424,2026/27,3,29,ARS,DEF,CHE,1,2026-09-06T15:30:00Z,0,0,0,0,0,0,0,0,0,0,0.0,0.0,0.0,0,0,0,0,0,0,0.0,0.0,0.0,60,23846
463936,2026/27,3,29,CHE,MID,ARS,0,2026-09-06T15:30:00Z,0,0,0,0,0,0,0,0,0,0,0.0,0.0,0.0,0,0,0,0,0,0,0.0,0.0,0.0,59,2954
466075,2026/27,3,29,ARS,DEF,CHE,1,2026-09-06T15:30:00Z,66,1,2,0,0,0,1,0,0,0,0.39,0.03,0.26,1,0,0,0,0,0,26.0,3.2,4.4,57,4639050
475168,2026/27,3,29,CHE,FWD,ARS,0,2026-09-06T15:30:00Z,90,1,1,0,0,0,2,0,0,0,0.02,0.05,2.05,1,8,0,0,1,0,9.0,28.8,0.0,77,7177659
481655,2026/27,3,29,ARS,MID,CHE,1,2026-09-06T15:30:00Z,23,0,1,0,0,0,0,0,0,0,0.08,0.02,0.13,4,1,0,0,0,0,11.0,0.8,1.4,54,80922
482609,2026/27,3,29,CHE,DEF,ARS,0,2026-09-06T15:30:00Z,30,0,1,0,0,0,0,0,0,0,0.04,0.01,0.14,2,4,0,0,0,0,1.0,3.4,3.0,50,116347
486672,2026/27,3,29,CHE,MID,ARS,0,2026-09-06T15:30:00Z,0,0,0,0,0,0,0,0,0,0,0.0,0.0,0.0,0,0,0,0,0,0,0.0,0.0,0.0,54,192746
491007,2026/27,3,29,CHE,MID,ARS,0,2026-09-06T15:30:00Z,0,0,0,0,0,0,0,0,0,0,0.0,0.0,0.0,0,0,0,0,0,0,0.0,0.0,0.0,45,16417
498444,2026/27,3,29,CHE,DEF,ARS,0,2026-09-06T15:30:00Z,30,0,1,0,0,0,0,0,0,0,0.0,0.0,0.14,2,2,0,0,0,0,4.0,2.0,2.4,50,17402
499169,2026/27,3,29,ARS,MID,CHE,1,2026-09-06T15:30:00Z,66,1,2,0,0,0,1,0,0,0,0.03,0.1,0.26,2,5,0,0,0,0,4.0,12.7,0.0,55,71335
499175,2026/27,3,29,ARS,MID,CHE,1,2026-09-06T15:30:00Z,0,0,0,0,0,0,0,0,0,0,0.0,0.0,0.0,0,0,0,0,0,0,0.0,0.0,0.0,54,1107
499309,2026/27,3,29,CHE,FWD,ARS,0,2026-09-06T15:30:00Z,0,0,0,0,0,0,0,0,0,0,0.0,0.0,0.0,0,0,0,0,0,0,0.0,0.0,0.0,50,33721
500040,2026/27,3,29,ARS,DEF,CHE,1,2026-09-06T15:30:00Z,0,0,0,0,0,0,0,0,0,0,0.0,0.0,0.0,0,0,0,0,0,0,0.0,0.0,0.0,55,438589
503037,2026/27,3,29,CHE,FWD,ARS,0,2026-09-06T15:30:00Z,0,0,0,0,0,0,0,0,0,0,0.0,0.0,0.0,0,0,0,0,0,0,0.0,0.0,0.0,50,15735
508479,2026/27,3,29,CHE,GKP,ARS,0,2026-09-06T15:30:00Z,0,0,0,0,0,0,0,0,0,0,0.0,0.0,0.0,0,0,0,0,0,0,0.0,0.0,0.0,50,1022
514356,2026/27,3,29,CHE,MID,ARS,0,2026-09-06T15:30:00Z,59,1,1,0,0,0,2,0,0,0,0.0,0.01,1.91,6,7,0,0,0,0,0.0,1.5,5.8,50,20847
543158,2026/27,3,29,CHE,MID,ARS,0,2026-09-06T15:30:00Z,0,0,0,0,0,0,0,0,0,0,0.0,0.0,0.0,0,0,0,0,0,0,0.0,0.0,0.0,55,13655
549939,2026/27,3,29,CHE,GKP,ARS,0,2026-09-06T15:30:00Z,0,0,0,0,0,0,0,0,0,0,0.0,0.0,0.0,0,0,0,0,0,0,0.0,0.0,0.0,45,6809
551210,2026/27,3,29,CHE,DEF,ARS,0,2026-09-06T15:30:00Z,59,1,3,0,1,0,2,0,0,0,0.0,0.02,1.91,6,5,0,0,0,0,2.0,11.2,34.8,45,65104
567119,2026/27,3,29,CHE,FWD,ARS,0,2026-09-06T15:30:00Z,0,0,0,0,0,0,0,0,0,0,0.0,0.0,0.0,0,0,0,0,0,0,0.0,0.0,0.0,45,43546
574458,2026/27,3,29,CHE,DEF,ARS,0,2026-09-06T15:30:00Z,0,0,0,0,0,0,0,0,0,0,0.0,0.0,0.0,0,0,0,0,0,0,0.0,0.0,0.0,45,4381
577016,2026/27,3,29,CHE,DEF,ARS,0,2026-09-06T15:30:00Z,90,1,1,0,0,0,2,0,0,0,0.0,0.01,2.05,1,-3,0,0,0,0,4.0,1.8,2.2,45,38207
593117,2026/27,3,29,CHE,MID,ARS,0,2026-09-06T15:30:00Z,0,0,0,0,0,0,0,0,0,0,0.0,0.0,0.0,0,0,0,0,0,0,0.0,0.0,0.0,54,3704
616077,2026/27,3,29,ARS,MID,CHE,1,2026-09-06T15:30:00Z,0,0,0,0,0,0,0,0,0,0,0.0,0.0,0.0,0,0,0,0,0,0,0.0,0.0,0.0,54,7381
620109,2026/27,3,29,CHE,DEF,ARS,0,2026-09-06T15:30:00Z,0,0,0,0,0,0,0,0,0,0,0.0,0.0,0.0,0,0,0,0,0,0,0.0,0.0,0.0,54,121873
622758,2026/27,3,29,CHE,DEF,ARS,0,2026-09-06T15:30:00Z,0,0,0,0,0,0,0,0,0,0,0.0,0.0,0.0,0,0,0,0,0,0,0.0,0.0,0.0,45,1971
624773,2026/27,3,29,CHE,MID,ARS,0,2026-09-06T15:30:00Z,9,0,1,0,0,0,0,0,0,0,0.04,0.0,0.0,0,5,0,0,0,0,17.0,0.4,3.2,64,84845
17761,2026/27,3,30,EVE,DEF,MUN,1,2026-09-06T13:00:00Z,90,1,3,0,0,0,2,0,0,0,0.02,0.01,0.69,12,11,0,0,0,0,6.0,1.0,24.4,60,1115834
21205,2026/27,3,30,MUN,GKP,EVE,0,2026-09-06T13:00:00Z,0,0,0,0,0,0,0,0,0,0,0.0,0.0,0.0,0,0,0,0,0,0,0.0,0.0,0.0,40,8868
59735,2026/27,3,30,MUN,GKP,EVE,0,2026-09-06T13:00:00Z,0,0,0,0,0,0,0,0,0,0,0.0,0.0,0.0,0,0,0,0,0,0,0.0,0.0,0.0,45,4184
95658,2026/27,3,30,MUN,DEF,EVE,0,2026-09-06T13:00:00Z,90,1,2,0,0,0,2,0,0,0,0.0,0.01,1.01,12,1,0,0,1,0,2.0,1.3,26.8,50,1407635
106611,2026/27,3,30,EVE,DEF,MUN,1,2026-09-06T13:00:00Z,0,0,0,0,0,0,0,0,0,0,0.0,0.0,0.0,0,0,0,0,0,0,0.0,0.0,0.0,49,105416
106760,2026/27,3,30,MUN,DEF,EVE,0,2026-09-06T13:00:00Z,90,1,4,0,1,0,1,0,0,0,0.02,0.23,0.94,8,22,0,0,1,0,3.0,24.8,42.4,45,1575355
111234,2026/27,3,30,EVE,GKP,MUN,1,2026-09-06T13:00:00Z,90,1,1,0,0,0,2,0,0,0,0.0,0.0,0.69,0,6,0,1,0,0,0.0,0.0,9.2,55,890933
114283,2026/27,3,30,EVE,MID,MUN,1,2026-09-06T13:00:00Z,24,0,1,0,0,0,1,0,0,0,0.02,0.13,0.31,1,8,0,0,0,0,10.0,12.3,6.0,65,28839
128295,2026/27,3,30,EVE,MID,MUN,1,2026-09-06T13:00:00Z,0,0,0,0,0,0,0,0,0,0,0.0,0.0,0.0,0,0,0,0,0,0,0.0,0.0,0.0,49,6444
138001,2026/27,3,30,EVE,GKP,MUN,1,2026-09-06T13:00:00Z,0,0,0,0,0,0,0,0,0,0,0.0,0.0,0.0,0,0,0,0,0,0,0.0,0.0,0.0,45,4408
141746,2026/27,3,30,MUN,MID,EVE,0,2026-09-06T13:00:00Z,90,1,2,0,0,0,2,0,0,0,0.15,0.06,1.01,2,11,0,0,0,0,14.0,33.6,3.4,120,5025755
154043,2026/27,3,30,EVE,DEF,MUN,1,2026-09-06T13:00:00Z,13,0,7,1,0,0,1,0,0,0,0.03,0.0,0.29,0,13,0,0,0,0,7.0,0.8,33.4,45,569
166989,2026/27,3,30,MUN,MID,EVE,0,2026-09-06T13:00:00Z,90,1,2,0,0,0,2,0,0,0,0.05,0.06,1.01,7,17,0,0,0,0,9.0,18.9,18.6,59,201931
176297,2026/27,3,30,MUN,MID,EVE,0,2026-09-06T13:00:00Z,69,1,3,0,0,1,0,0,0,0,0.0,0.06,0.65,4,11,0,0,0,0,8.0,12.5,3.8,70,166436
184341,2026/27,3,30,MUN,MID,EVE,0,2026-09-06T13:00:00Z,0,0,0,0,0,0,0,0,0,0,0.0,0.0,0.0,0,0,0,0,0,0,0.0,0.0,0.0,54,2327
209365,2026/27,3,30,MUN,DEF,EVE,0,2026-09-06T13:00:00Z,0,0,0,0,0,0,0,0,0,0,0.0,0.0,0.0,0,0,0,0,0,0,0.0,0.0,0.0,50,2390
215413,2026/27,3,30,EVE,MID,MUN,1,2026-09-06T13:00:00Z,90,1,2,0,0,0,2,0,0,0,0.27,0.07,0.69,11,20,0,0,0,0,33.0,30.0,24.0,65,440536
216051,2026/27,3,30,MUN,DEF,EVE,0,2026-09-06T13:00:00Z,83,1,1,0,0,0,1,0,0,0,0.01,0.01,0.92,4,8,0,0,1,0,6.0,22.7,4.8,50,219064
221820,2026/27,3,30,MUN,DEF,EVE,0,2026-09-06T13:00:00Z,90,1,3,0,0,0,2,0,0,0,0.0,0.0,1.01,10,7,0,0,0,0,0.0,0.3,29.0,50,128156
224967,2026/27,3,30,EVE,DEF,MUN,1,2026-09-06T13:00:00Z,90,1,1,0,0,0,2,0,0,0,0.0,0.01,0.69,6,8,0,0,0,0,0.0,2.5,12.8,45,178705
229600,2026/27,3,30,EVE,GKP,MUN,1,2026-09-06T13:00:00Z,0,0,0,0,0,0,0,0,0,0,0.0,0.0,0.0,0,0,0,0,0,0,0.0,0.0,0.0,50,3563
230001,2026/27,3,30,MUN,DEF,EVE,0,2026-09-06T13:00:00Z,1,0,1,0,0,0,1,0,0,0,0.0,0.01,0.07,1,-1,0,0,0,0,2.0,0.5,2.2,45,64636
232112,2026/27,3,30,MUN,MID,EVE,0,2026-09-06T13:00:00Z,0,0,0,0,0,0,0,0,0,0,0.0,0.0,0.0,0,0,0,0,0,0,0.0,0.0,0.0,50,371
232928,2026/27,3,30,EVE,MID,MUN,1,2026-09-06T13:00:00Z,76,1,2,0,0,0,1,0,0,0,0.0,0.08,0.4,8,19,0,0,0,0,0.0,31.1,9.6,60,14095
242898,2026/27,3,30,EVE,MID,MUN,1,2026-09-06T13:00:00Z,65,1,1,0,0,0,1,0,0,0,0.05,0.04,0.37,8,3,0,0,1,0,9.0,22.9,6.6,59,13119
243571,2026/27,3,30,EVE,DEF,MUN,1,2026-09-06T13:00:00Z,0,0,0,0,0,0,0,0,0,0,0.0,0.0,0.0,0,0,0,0,0,0,0.0,0.0,0.0,45,2692
244860,2026/27,3,30,EVE,MID,MUN,1,2026-09-06T13:00:00Z,15,0,4,0,1,0,1,0,0,0,0.04,0.09,0.29,1,14,0,0,0,0,10.0,25.5,20.6,55,21598
430871,2026/27,3,30,MUN,MID,EVE,0,2026-09-06T13:00:00Z,69,1,3,0,0,1,0,0,0,0,0.12,0.05,0.65,3,10,0,0,0,0,10.0,6.2,2.8,80,802045
446008,2026/27,3,30,MUN,MID,EVE,0,2026-09-06T13:00:00Z,90,1,8,1,0,0,2,0,0,0,0.05,0.03,1.01,8,29,1,0,0,0,18.0,13.7,39.8,80,2705759
451302,2026/27,3,30,MUN,GKP,EVE,0,2026-09-06T13:00:00Z,0,0,0,0,0,0,0,0,0,0,0.0,0.0,0.0,0,0,0,0,0,0,0.0,0.0,0.0,45,1465
458249,2026/27,3,30,MUN,FWD,EVE,0,2026-09-06T13:00:00Z,0,0,0,0,0,0,0,0,0,0,0.0,0.0,0.0,0,0,0,0,0,0,0.0,0.0,0.0,54,47734
465247,2026/27,3,30,MUN,GKP,EVE,0,2026-09-06T13:00:00Z,90,1,2,0,0,0,2,0,0,0,0.0,0.0,1.01,0,13,0,4,0,0,0.0,0.0,31.8,50,1379189
480455,2026/27,3,30,EVE,DEF,MUN,1,2026-09-06T13:00:00Z,90,1,3,0,0,0,2,0,0,0,0.08,0.0,0.69,11,10,0,0,0,0,34.0,0.6,41.6,55,182675
485711,2026/27,3,30,MUN,FWD,EVE,0,2026-09-06T13:00:00Z,20,0,5,1,0,0,2,0,0,0,0.29,0.0,0.36,0,28,0,0,0,0,21.0,0.2,31.2,70,161952
486385,2026/27,3,30,EVE,FWD,MUN,1,2026-09-06T13:00:00Z,0,0,0,0,0,0,0,0,0,0,0.0,0.0,0.0,0,0,0,0,0,0,0.0,0.0,0.0,54,153951
490881,2026/27,3,30,MUN,MID,EVE,0,2026-09-06T13:00:00Z,0,0,0,0,0,0,0,0,0,0,0.0,0.0,0.0,0,0,0,0,0,0,0.0,0.0,0.0,50,1461
493250,2026/27,3,30,MUN,MID,EVE,0,2026-09-06T13:00:00Z,0,0,0,0,0,0,0,0,0,0,0.0,0.0,0.0,0,0,0,0,0,0,0.0,0.0,0.0,58,50069
496661,2026/27,3,30,EVE,MID,MUN,1,2026-09-06T13:00:00Z,0,0,0,0,0,0,0,0,0,0,0.0,0.0,0.0,0,0,0,0,0,0,0.0,0.0,0.0,54,3219
499300,2026/27,3,30,EVE,DEF,MUN,1,2026-09-06T13:00:00Z,0,0,0,0,0,0,0,0,0,0,0.0,0.0,0.0,0,0,0,0,0,0,0.0,0.0,0.0,40,14764
502697,2026/27,3,30,EVE,MID,MUN,1,2026-09-06T13:00:00Z,0,0,0,0,0,0,0,0,0,0,0.0,0.0,0.0,0,0,0,0,0,0,0.0,0.0,0.0,50,8638
512462,2026/27,3,30,EVE,DEF,MUN,1,2026-09-06T13:00:00Z,0,0,0,0,0,0,0,0,0,0,0.0,0.0,0.0,0,0,0,0,0,0,0.0,0.0,0.0,49,35192
513466,2026/27,3,30,EVE,MID,MUN,1,2026-09-06T13:00:00Z,74,1,1,0,0,0,1,0,0,0,0.0,0.13,0.4,6,10,0,0,1,0,0.0,16.8,4.4,50,5345
516895,2026/27,3,30,MUN,MID,EVE,0,2026-09-06T13:00:00Z,83,1,9,0,1,0,1,0,0,0,0.0,0.07,0.92,15,32,2,0,0,0,0.0,24.5,34.2,55,117218
519913,2026/27,3,30,MUN,MID,EVE,0,2026-09-06T13:00:00Z,0,0,0,0,0,0,0,0,0,0,0.0,0.0,0.0,0,0,0,0,0,0,0.0,0.0,0.0,45,32226
532605,2026/27,3,30,MUN,MID,EVE,0,2026-09-06T13:00:00Z,6,0,1,0,0,0,1,0,0,0,0.0,0.01,0.09,4,4,0,0,0,0,6.0,0.6,7.2,49,83163
535301,2026/27,3,30,MUN,MID,EVE,0,2026-09-06T13:00:00Z,0,0,0,0,0,0,0,0,0,0,0.0,0.0,0.0,0,0,0,0,0,0,0.0,0.0,0.0,50,14956
547037,2026/27,3,30,MUN,MID,EVE,0,2026-09-06T13:00:00Z,0,0,0,0,0,0,0,0,0,0,0.0,0.0,0.0,0,0,0,0,0,0,0.0,0.0,0.0,50,1121
547676,2026/27,3,30,MUN,DEF,EVE,0,2026-09-06T13:00:00Z,0,0,0,0,0,0,0,0,0,0,0.0,0.0,0.0,0,0,0,0,0,0,0.0,0.0,0.0,40,1561
550615,2026/27,3,30,EVE,MID,MUN,1,2026-09-06T13:00:00Z,90,1,10,1,0,0,2,0,0,0,0.04,0.07,0.69,4,35,3,0,0,0,25.0,34.4,44.2,55,25310
550864,2026/27,3,30,MUN,DEF,EVE,0,2026-09-06T13:00:00Z,6,0,1,0,0,0,1,0,0,0,0.0,0.01,0.09,3,1,0,0,0,0,2.0,0.6,6.0,49,56599
576620,2026/27,3,30,MUN,MID,EVE,0,2026-09-06T13:00:00Z,0,0,0,0,0,0,0,0,0,0,0.0,0.0,0.0,0,0,0,0,0,0,0.0,0.0,0.0,45,18885
576628,2026/27,3,30,MUN,MID,EVE,0,2026-09-06T13:00:00Z,0,0,0,0,0,0,0,0,0,0,0.0,0.0,0.0,0,0,0,0,0,0,0.0,0.0,0.0,50,5286
577974,2026/27,3,30,MUN,DEF,EVE,0,2026-09-06T13:00:00Z,0,0,0,0,0,0,0,0,0,0,0.0,0.0,0.0,0,0,0,0,0,0,0.0,0.0,0.0,40,21308
586309,2026/27,3,30,EVE,FWD,MUN,1,2026-09-06T13:00:00Z,90,1,2,0,0,0,2,0,0,0,0.38,0.02,0.69,4,7,0,0,0,0,24.0,15.0,0.2,55,501671
596047,2026/27,3,30,MUN,FWD,EVE,0,2026-09-06T13:00:00Z,0,0,0,0,0,0,0,0,0,0,0.0,0.0,0.0,0,0,0,0,0,0,0.0,0.0,0.0,45,125871
596777,2026/27,3,30,MUN,MID,EVE,0,2026-09-06T13:00:00Z,20,0,1,0,0,0,2,0,0,0,0.0,0.01,0.36,3,3,0,0,0,0,2.0,1.3,4.2,59,75573
606745,2026/27,3,30,MUN,DEF,EVE,0,2026-09-06T13:00:00Z,0,0,0,0,0,0,0,0,0,0,0.0,0.0,0.0,0,0,0,0,0,0,0.0,0.0,0.0,45,34853
609873,2026/27,3,30,EVE,MID,MUN,1,2026-09-06T13:00:00Z,90,1,1,0,0,0,2,0,0,0,0.09,0.03,0.69,5,5,0,0,1,0,9.0,6.7,5.2,50,41659
629068,2026/27,3,30,EVE,MID,MUN,1,2026-09-06T13:00:00Z,0,0,0,0,0,0,0,0,0,0,0.0,0.0,0.0,0,0,0,0,0,0,0.0,0.0,0.0,45,0
