id,name,full_name,team,team_id,pos,pos_id,price,proj_gw,proj_6gw,proj_by_gw,mins_proj,value,sel_pct,pts_last,mins_last,ppg_last,goals_last,assists_last,xgi90_last,defcon_last,cs_last,bonus_last,status,news,joined,is_new,pens,corners,fk,fdr6,cs_rate,note
411,Haaland,Erling Haaland,MCI,15,FWD,4,15.5,6.528,39.17,"[6.72, 6.068, 8.07, 5.949, 6.436, 5.928]",73,2.5271,74.8,239,2953,6.29,27,8,0.859,104,13,43,a,,2022-07-01,False,1,,,18,0.371,City's #1 pen taker; 37 goals in his first six games across seasons
426,B.Fernandes,Bruno Borges Fernandes,MUN,16,MID,3,12.0,6.318,37.91,"[6.709, 7.392, 5.727, 5.552, 5.819, 6.716]",81,3.1592,48.7,235,3065,6.18,9,24,0.677,287,7,41,a,,2020-01-30,False,1,4,1,17,0.301,"United's #1 pen taker, on corners and FKs; 24 assists last season"
12,Saka,Bukayo Saka,ARS,1,MID,3,9.5,5.962,35.77,"[7.243, 5.405, 6.034, 5.369, 5.424, 6.297]",65,3.7653,10.6,157,2218,4.13,7,10,0.598,184,12,18,a,,2018-11-28,False,1,6,2,18,0.477,Arsenal's #1 penalty taker
427,Mbeumo,Bryan Mbeumo,MUN,16,MID,3,8.0,5.812,34.87,"[6.228, 6.965, 5.163, 4.991, 5.271, 6.247]",72,4.3587,18.0,148,2611,3.89,11,3,0.585,139,8,16,a,,2025-07-21,False,2,5,2,17,0.301,Playing centrally under Carrick and second on pens behind Bruno
398,Foden,Phil Foden,MCI,15,MID,3,7.0,5.328,31.97,"[5.457, 5.015, 6.482, 4.852, 5.354, 4.807]",68,4.5671,7.6,131,2078,3.45,7,5,0.467,160,11,13,a,,2016-12-05,False,,4,3,18,0.371,"One of Maresca's ""three central pillars""; on corners and FKs"
4,Gabriel,Gabriel dos Santos Magalhães,ARS,1,DEF,2,8.0,5.247,31.48,"[6.143, 4.686, 5.206, 5.168, 4.783, 5.492]",73,3.935,26.1,209,2750,5.5,3,5,0.153,277,18,30,a,,2020-09-01,False,,,,18,0.477,
154,Palmer,Cole Palmer,CHE,6,MID,3,9.5,5.238,31.43,"[4.972, 5.459, 3.825, 6.618, 5.043, 5.515]",64,3.3084,12.2,114,1954,3.0,10,2,0.601,135,3,11,a,,2023-09-01,False,1,,3,18,0.26,Chelsea's #1 penalty taker under Alonso
8,Calafiori,Riccardo Calafiori,ARS,1,DEF,2,5.5,5.027,30.16,"[6.011, 4.424, 4.989, 4.911, 4.525, 5.295]",68,5.4836,16.1,109,1697,2.87,1,2,0.219,102,13,6,a,,2024-07-29,False,,,,18,0.477,
106,Thiago,Igor Thiago Nascimento Rodrigues,BRE,4,FWD,4,8.0,5.022,30.13,"[5.558, 4.897, 5.019, 4.762, 5.182, 4.717]",86,3.7662,16.0,181,3282,4.76,22,1,0.615,214,10,22,a,,2024-07-01,False,1,,,19,0.25,
13,Rice,Declan Rice,ARS,1,MID,3,7.5,4.923,29.54,"[5.563, 4.62, 4.944, 4.68, 4.642, 5.091]",80,3.9387,22.4,184,3093,4.84,4,9,0.305,376,18,23,a,,2023-07-15,False,,5,1,18,0.477,
399,Cherki,Rayan Cherki,MCI,15,MID,3,7.5,4.81,28.86,"[4.931, 4.517, 5.88, 4.372, 4.824, 4.333]",59,3.848,9.3,135,1772,3.55,4,13,0.668,135,8,16,a,,2025-06-10,False,,5,1,18,0.371,
1,Raya,David Raya Martín,ARS,1,GKP,1,6.0,4.77,28.62,"[5.374, 4.304, 4.696, 4.892, 4.414, 4.94]",86,4.77,30.9,162,3330,4.26,0,0,0.002,0,19,11,a,,2024-07-04,False,,,,18,0.477,
229,Tarkowski,James Tarkowski,EVE,9,DEF,2,6.0,4.767,28.6,"[5.014, 4.159, 4.436, 4.33, 5.539, 5.118]",85,4.7667,9.9,170,3330,4.47,2,3,0.125,376,11,12,a,,2022-07-01,False,,,,17,0.314,
397,Semenyo,Antoine Semenyo,MCI,15,MID,3,8.5,4.595,27.57,"[4.691, 4.363, 5.486, 4.217, 4.642, 4.175]",70,3.2435,22.5,202,3200,5.32,17,6,0.4,236,12,18,a,,2026-01-09,False,3,,,18,0.371,Wide role under Maresca may cost some of last season's central output
14,Eze,Eberechi Eze,ARS,1,MID,3,6.5,4.573,27.44,"[5.469, 4.177, 4.619, 4.175, 4.194, 4.807]",58,4.2215,3.3,113,1885,2.97,7,3,0.374,120,11,8,a,,2025-08-23,False,,,3,18,0.477,
388,Guéhi,Marc Guéhi,MCI,15,DEF,2,6.0,4.572,27.43,"[4.635, 4.476, 5.565, 3.952, 5.053, 3.753]",76,4.5717,23.8,179,3150,4.71,3,5,0.183,278,14,14,a,,2026-01-19,False,,,,18,0.371,
445,Thiaw,Malick Thiaw,NEW,17,DEF,2,5.0,4.528,27.17,"[4.011, 4.103, 4.432, 4.157, 5.529, 4.938]",78,5.434,2.0,126,2963,3.32,4,0,0.175,292,5,12,a,,2025-08-12,False,,,,17,0.274,
356,Virgil,Virgil van Dijk,LIV,14,DEF,2,6.5,4.525,27.15,"[4.035, 4.856, 5.161, 4.985, 4.167, 3.95]",86,4.1769,16.2,175,3420,4.61,6,1,0.137,352,10,10,a,,2018-01-01,False,,,,17,0.266,
480,Gibbs-White,Morgan Gibbs-White,NFO,18,MID,3,8.0,4.498,26.99,"[4.645, 4.053, 4.744, 4.118, 5.195, 4.235]",79,3.3737,11.6,188,3101,4.95,15,4,0.398,178,10,18,a,,2022-08-19,False,2,,1,18,0.277,
366,Wirtz,Florian Wirtz,LIV,14,MID,3,7.5,4.463,26.78,"[4.265, 4.621, 4.941, 4.662, 4.242, 4.051]",66,3.5707,12.4,125,2374,3.29,5,4,0.454,176,10,17,a,,2025-06-20,False,4,6,2,17,0.266,
387,O'Reilly,Nico O'Reilly,MCI,15,DEF,2,6.5,4.437,26.62,"[4.533, 4.248, 5.597, 3.803, 4.796, 3.64]",61,4.0954,22.7,160,2643,4.21,5,4,0.299,172,14,10,a,,2022-12-16,False,,,,18,0.371,
428,Cunha,Matheus Santos Carneiro da Cunha,MUN,16,MID,3,8.0,4.437,26.62,"[4.703, 5.164, 4.044, 3.913, 4.099, 4.702]",63,3.3275,14.1,143,2493,3.76,10,4,0.37,211,8,14,a,,2025-06-01,False,,,,17,0.301,
11,Mosquera,Cristhian Mosquera,ARS,1,DEF,2,5.5,4.41,26.46,"[5.106, 3.932, 4.355, 4.439, 4.03, 4.603]",76,4.8109,16.6,40,986,1.05,0,0,0.067,95,3,1,a,,2025-07-24,False,,,,18,0.477,Should start with Saliba out long-term
452,Bruno G.,Bruno Guimarães Rodriguez Moura,NEW,17,MID,3,7.0,4.37,26.22,"[4.195, 4.184, 4.304, 4.121, 4.891, 4.524]",76,3.7457,9.2,154,2456,4.05,9,7,0.387,251,6,22,a,,2022-01-30,False,3,6,2,17,0.274,
379,Isak,Alexander Isak,LIV,14,FWD,4,9.0,4.365,26.19,"[4.199, 4.508, 4.854, 4.536, 4.149, 3.943]",56,2.91,11.2,41,694,1.08,3,1,0.346,30,1,4,a,,2025-09-01,False,1,,,17,0.266,Liverpool's #1 penalty taker under Iraola
55,Watkins,Ollie Watkins,AVL,2,FWD,4,8.0,4.325,25.95,"[4.141, 3.64, 4.731, 4.463, 4.399, 4.577]",75,3.2437,12.5,167,2833,4.39,16,4,0.527,94,9,26,a,,2020-09-09,False,2,,,18,0.262,
367,Gakpo,Cody Gakpo,LIV,14,MID,3,7.0,4.325,25.95,"[4.121, 4.489, 4.827, 4.53, 4.093, 3.891]",60,3.7071,3.5,131,2736,3.45,7,5,0.428,152,10,5,a,,2023-01-01,False,3,5,,17,0.266,
70,Kluivert,Justin Kluivert,BOU,3,MID,3,6.0,4.28,25.68,"[3.651, 4.534, 4.202, 4.669, 4.469, 4.157]",68,4.28,1.1,41,945,1.08,2,0,0.368,65,4,3,a,,2023-07-01,False,2,,2,22,0.225,Bournemouth's pen taker with Kroupi injured; hat-trick incl. 2 pens v Genoa
368,Szoboszlai,Dominik Szoboszlai,LIV,14,MID,3,7.0,4.265,25.59,"[4.093, 4.399, 4.656, 4.436, 4.081, 3.926]",71,3.6557,47.1,160,3232,4.21,6,7,0.323,338,9,21,a,,2023-07-02,False,2,4,1,17,0.266,Iraola using him deeper; still on pens/corners/FKs but further from goal
200,Lacroix,Maxence Lacroix,CHE,6,DEF,2,6.0,4.223,25.34,"[4.161, 4.398, 3.187, 5.335, 3.867, 4.389]",77,4.2233,11.9,154,3085,4.05,1,2,0.096,370,11,11,a,,2026-07-30,True,,,,18,0.26,
208,Sarr,Ismaïla Sarr,CRY,8,MID,3,6.5,4.223,25.34,"[3.938, 3.804, 4.001, 5.139, 4.116, 4.344]",67,3.8985,9.3,117,2173,3.08,9,2,0.501,137,9,9,a,,2024-08-01,False,2,,,18,0.274,
15,Ødegaard,Martin Ødegaard,ARS,1,MID,3,6.5,4.215,25.29,"[4.986, 3.87, 4.251, 3.879, 3.885, 4.416]",58,3.8908,3.0,74,1363,1.95,1,7,0.324,102,6,5,a,,2021-08-20,False,3,8,,18,0.477,
226,Pickford,Jordan Pickford,EVE,9,GKP,1,5.5,4.192,25.15,"[4.45, 3.688, 3.895, 3.803, 4.81, 4.503]",87,4.5727,9.0,135,3420,3.55,0,0,0.005,0,11,11,a,,2017-07-01,False,,,,17,0.314,
25,Gyökeres,Viktor Gyökeres,ARS,1,FWD,4,7.5,4.175,25.05,"[5.006, 3.837, 4.235, 3.743, 3.838, 4.392]",62,3.34,13.0,128,2217,3.37,14,1,0.576,85,12,16,a,,2025-07-26,False,2,,,18,0.477,
471,Milenković,Nikola Milenković,NFO,18,DEF,2,5.5,4.175,25.05,"[4.49, 3.274, 4.391, 3.61, 5.18, 4.109]",88,4.5545,2.3,119,3375,3.13,0,1,0.04,311,9,2,a,,2024-07-18,False,,,,18,0.277,
155,Enzo,Enzo Fernández,CHE,6,MID,3,7.0,4.138,24.83,"[3.969, 4.284, 3.207, 5.061, 3.995, 4.317]",69,3.5471,5.5,157,3114,4.13,10,5,0.535,244,8,19,a,,2023-01-31,False,2,7,2,18,0.26,
18,Martinelli,Gabriel Martinelli Silva,ARS,1,MID,3,6.5,4.113,24.68,"[4.966, 3.739, 4.159, 3.73, 3.753, 4.337]",53,3.7969,0.3,57,1065,1.5,1,5,0.455,77,2,3,a,,2019-07-15,False,,,,18,0.477,
95,O.Dango,Dango Ouattara,BRE,4,MID,3,6.5,4.073,24.44,"[4.48, 3.971, 4.154, 3.844, 4.188, 3.801]",62,3.76,1.4,136,2271,3.58,7,8,0.478,185,6,16,a,,2025-08-16,False,,8,,19,0.25,
453,Barnes,Harvey Barnes,NEW,17,MID,3,6.0,4.003,24.02,"[3.812, 3.786, 3.92, 3.687, 4.636, 4.177]",57,4.0033,1.2,106,1951,2.79,7,1,0.441,100,5,9,a,,2023-07-23,False,,,,17,0.274,
160,Garnacho,Alejandro Garnacho Ferreyra,AVL,2,MID,3,6.0,3.992,23.95,"[3.778, 3.283, 4.453, 4.159, 4.037, 4.237]",66,3.9917,1.0,56,1261,1.47,1,4,0.508,71,4,3,a,,2026-07-23,True,,,,18,0.262,
138,Kostoulas,Charalampos Kostoulas,BHA,5,FWD,4,5.5,3.987,23.92,"[4.181, 3.862, 4.349, 4.454, 3.323, 3.755]",72,4.3491,0.3,35,351,0.92,2,1,0.682,41,1,3,a,,2025-07-01,False,,,,18,0.273,
237,Ndiaye,Iliman Ndiaye,EVE,9,MID,3,6.0,3.975,23.85,"[3.985, 3.674, 3.859, 3.814, 4.411, 4.109]",69,3.975,16.5,128,2781,3.37,6,3,0.359,283,8,7,a,,2024-07-03,False,1,,,17,0.314,
165,João Pedro,João Pedro Junqueira de Jesus,CHE,6,FWD,4,7.5,3.937,23.62,"[3.765, 4.072, 3.072, 4.762, 3.841, 4.111]",63,3.1493,54.3,177,2658,4.66,15,9,0.571,138,10,30,a,,2025-07-02,False,,,,18,0.26,4 goals across pre-season
542,E.Le Fée,Enzo Le Fée,SUN,20,MID,3,6.0,3.908,23.45,"[4.287, 4.134, 3.873, 3.538, 3.541, 4.082]",77,3.9083,12.6,147,2930,3.87,5,6,0.343,319,10,16,a,,2025-07-01,False,2,6,2,18,0.265,
391,Gvardiol,Joško Gvardiol,MCI,15,DEF,2,5.5,3.905,23.43,"[3.975, 3.778, 4.837, 3.367, 4.261, 3.213]",58,4.26,11.7,79,1370,2.08,2,2,0.194,103,6,5,a,,2023-08-05,False,,,,18,0.371,
250,Leno,Bernd Leno,FUL,10,GKP,1,4.5,3.865,23.19,"[3.841, 4.078, 4.259, 3.073, 3.698, 4.241]",87,5.1533,3.2,122,3420,3.21,0,0,0.001,0,9,8,a,,2022-08-02,False,,,,20,0.273,
400,Doku,Jérémy Doku,MCI,15,MID,3,7.5,3.86,23.16,"[3.938, 3.668, 4.589, 3.55, 3.894, 3.517]",58,3.088,6.4,120,1773,3.16,5,8,0.443,126,8,15,a,,2023-08-24,False,4,,,18,0.371,
84,Collins,Nathan Collins,BRE,4,DEF,2,5.5,3.855,23.13,"[4.131, 3.751, 4.43, 3.504, 3.904, 3.407]",76,4.2055,2.0,129,2971,3.39,1,2,0.12,319,9,7,a,,2023-07-04,False,,,,19,0.25,
384,Donnarumma,Gianluigi Donnarumma,MCI,15,GKP,1,5.5,3.827,22.96,"[3.851, 3.821, 4.526, 3.311, 4.336, 3.113]",81,4.1745,11.1,135,3060,3.55,0,0,0.004,0,15,5,a,,2025-09-01,False,,,,18,0.371,
61,Truffert,Adrien Truffert,BOU,3,DEF,2,5.5,3.8,22.8,"[3.004, 4.678, 3.556, 4.163, 3.761, 3.634]",86,4.1455,4.7,165,3378,4.34,1,6,0.118,301,11,19,a,,2025-06-16,False,,,,22,0.225,
328,Struijk,Pascal Struijk,BHA,5,DEF,2,5.0,3.795,22.77,"[3.803, 3.38, 4.156, 4.345, 3.163, 3.925]",74,4.554,0.5,108,2935,2.84,0,1,0.117,297,7,4,a,,2026-06-30,True,,,,18,0.273,
515,Maddison,James Maddison,TOT,19,MID,3,6.5,3.77,22.62,"[3.662, 3.983, 3.604, 3.906, 3.91, 3.557]",61,3.48,2.1,3,34,0.08,0,0,0.715,5,0,0,a,,2023-06-28,False,,,,18,0.205,
9,Hincapie,Piero Hincapié,ARS,1,DEF,2,5.5,3.75,22.5,"[4.33, 3.361, 3.709, 3.756, 3.438, 3.911]",58,4.0909,4.3,87,1787,2.29,1,2,0.102,171,5,7,a,,2026-07-01,True,,,,18,0.477,New signing; rotation risk with Calafiori and Mosquera
204,Mitchell,Tyrick Mitchell,CRY,8,DEF,2,4.5,3.737,22.42,"[3.747, 3.082, 3.542, 4.624, 3.535, 3.893]",82,4.9822,7.0,135,3253,3.55,1,3,0.114,245,12,8,a,,2019-12-15,False,,,,18,0.274,
94,Schade,Kevin Schade,BRE,4,MID,3,6.0,3.735,22.41,"[4.124, 3.637, 3.813, 3.515, 3.846, 3.473]",57,3.735,2.2,125,2744,3.29,8,5,0.463,190,11,5,a,,2023-07-01,False,2,,,19,0.25,
26,Havertz,Kai Havertz,ARS,1,FWD,4,7.5,3.733,22.4,"[4.485, 3.428, 3.788, 3.344, 3.429, 3.93]",57,2.9867,4.0,36,577,0.95,2,3,0.616,32,4,3,a,,2023-06-28,False,,,,18,0.477,
417,Dalot,Diogo Dalot Teixeira,MUN,16,DEF,2,5.0,3.728,22.37,"[4.073, 4.496, 3.569, 2.993, 3.409, 3.83]",73,4.474,3.0,111,2609,2.92,1,6,0.155,180,7,9,a,,2018-06-08,False,,,,17,0.301,
19,Zubimendi,Martín Zubimendi Ibáñez,ARS,1,MID,3,5.5,3.703,22.22,"[4.146, 3.485, 3.714, 3.554, 3.505, 3.82]",71,4.04,1.5,133,2991,3.5,5,1,0.154,307,16,9,a,,2025-07-06,False,,,,18,0.477,
529,Roefs,Robin Roefs,SUN,20,GKP,1,5.0,3.703,22.22,"[4.234, 4.167, 3.469, 3.417, 2.999, 3.932]",83,4.444,5.2,136,3150,3.58,0,0,0.003,0,10,12,a,,2025-08-01,False,,,,18,0.265,
465,Osula,William Osula,NEW,17,FWD,4,6.0,3.672,22.03,"[3.555, 3.52, 3.608, 3.422, 4.138, 3.785]",62,3.6717,1.6,76,805,2.0,7,1,0.548,31,2,13,a,,2024-08-08,False,2,,,17,0.274,
85,Van den Berg,Sepp van den Berg,BRE,4,DEF,2,5.0,3.648,21.89,"[3.948, 3.544, 4.188, 3.302, 3.707, 3.206]",71,4.378,0.7,113,2761,2.97,0,3,0.157,272,8,3,a,,2024-08-22,False,,,,19,0.25,
40,Rogers,Morgan Rogers,CHE,6,MID,3,7.5,3.628,21.77,"[3.503, 3.739, 2.921, 4.337, 3.509, 3.762]",68,2.9027,30.0,169,3280,4.45,10,8,0.306,230,9,17,a,,2026-07-21,True,,,,18,0.26,
464,Wissa,Yoane Wissa,NEW,17,FWD,4,6.0,3.628,21.77,"[3.501, 3.464, 3.559, 3.357, 4.135, 3.752]",58,3.6283,1.3,27,517,0.71,1,1,0.639,22,1,0,a,,2025-09-01,False,4,,,17,0.274,
429,Rashford,Marcus Rashford,MUN,16,MID,3,7.0,3.615,21.69,"[3.86, 4.291, 3.242, 3.132, 3.301, 3.866]",51,3.0986,1.4,0,0,0.0,0,0,0,0,0,0,a,,2015-07-01,False,,,,17,0.301,
448,Burn,Dan Burn,NEW,17,DEF,2,5.0,3.615,21.69,"[3.162, 3.26, 3.544, 3.346, 4.408, 3.966]",73,4.338,2.7,93,2195,2.45,1,3,0.059,225,6,5,a,,2022-01-31,False,,,,17,0.274,
166,N.Jackson,Nicolas Jackson,CHE,6,FWD,4,6.5,3.613,21.68,"[3.443, 3.747, 2.76, 4.426, 3.518, 3.785]",60,3.3354,0.4,0,0,0.0,0,0,0,0,0,0,a,,2023-07-01,False,,,,18,0.26,
338,Ampadu,Ethan Ampadu,LEE,13,MID,3,5.5,3.592,21.55,"[3.557, 3.722, 3.539, 3.703, 3.778, 3.253]",80,3.9182,1.5,134,3119,3.53,1,4,0.135,416,8,11,a,,2023-07-19,False,,,,19,0.219,
16,Madueke,Noni Madueke,ARS,1,MID,3,6.5,3.585,21.51,"[4.239, 3.292, 3.616, 3.303, 3.307, 3.757]",45,3.3092,0.4,72,1205,1.89,3,1,0.305,70,8,9,a,,2025-07-18,False,,7,,18,0.477,
261,Iwobi,Alex Iwobi,FUL,10,MID,3,5.5,3.567,21.4,"[3.604, 3.436, 3.687, 3.319, 3.565, 3.786]",71,3.8909,0.9,103,2420,2.71,4,3,0.246,188,5,13,a,,2023-09-01,False,2,4,1,20,0.273,
412,Lammens,Senne Lammens,MUN,16,GKP,1,5.0,3.553,21.32,"[3.82, 4.09, 3.544, 2.97, 3.347, 3.554]",77,4.264,20.4,109,2880,2.87,0,0,0.0,0,8,11,a,,2025-09-01,False,,,,17,0.301,
28,Martinez,Emiliano Martínez Romero,AVL,2,GKP,1,5.0,3.552,21.31,"[3.303, 3.17, 4.045, 3.803, 3.387, 3.601]",79,4.262,4.7,120,2835,3.16,0,1,0.003,0,7,11,a,,2020-09-16,False,,,,18,0.262,
201,Muñoz,Daniel Muñoz Mejía,CRY,8,DEF,2,5.5,3.538,21.23,"[3.486, 2.924, 3.335, 4.44, 3.353, 3.688]",67,3.86,11.7,136,2400,3.58,4,4,0.24,196,10,9,a,,2024-01-30,False,,,,18,0.274,
533,Mukiele,Nordi Mukiele,SUN,20,DEF,2,5.5,3.528,21.17,"[4.142, 4.024, 3.309, 3.132, 2.762, 3.799]",73,3.8491,7.6,151,2784,3.97,3,5,0.138,273,9,11,a,,2025-08-17,False,,,,18,0.265,
68,Tavernier,Marcus Tavernier,BOU,3,MID,3,6.0,3.527,21.16,"[3.078, 3.718, 3.47, 3.802, 3.658, 3.439]",59,3.5267,1.9,137,2732,3.61,7,4,0.45,251,11,14,a,,2022-08-01,False,3,6,1,22,0.225,
122,Minteh,Yankuba Minteh,BHA,5,MID,3,6.0,3.525,21.15,"[3.645, 3.387, 3.802, 3.896, 3.022, 3.399]",65,3.525,0.7,117,2389,3.08,3,8,0.334,185,11,9,a,,2024-07-01,False,,6,,18,0.273,
498,Senesi,Marcos Senesi Barón,TOT,19,DEF,2,6.0,3.508,21.05,"[3.234, 3.604, 3.398, 4.11, 3.62, 3.085]",71,3.5083,10.8,175,3288,4.61,0,6,0.171,419,11,14,a,,2026-07-01,True,,,,18,0.205,
535,Alderete,Omar Alderete,SUN,20,DEF,2,5.0,3.507,21.04,"[4.086, 3.983, 3.289, 3.147, 2.774, 3.761]",73,4.208,1.2,125,2797,3.29,1,1,0.081,312,10,5,a,,2025-08-12,False,,,,18,0.265,
130,Wieffer,Mats Wieffer,BHA,5,DEF,2,5.0,3.503,21.02,"[3.521, 3.163, 3.814, 3.972, 2.956, 3.59]",57,4.204,0.3,94,1901,2.47,2,4,0.179,269,6,6,a,,2024-07-06,False,,,,18,0.273,
389,Matheus N.,Matheus Nunes,MCI,15,DEF,2,6.0,3.488,20.93,"[3.536, 3.415, 4.273, 2.993, 3.877, 2.832]",61,3.4883,4.9,154,2861,4.05,1,8,0.081,195,12,16,a,,2023-09-01,False,5,,,18,0.371,
446,Schär,Fabian Schär,NEW,17,DEF,2,5.0,3.485,20.91,"[3.067, 3.148, 3.413, 3.206, 4.266, 3.815]",65,4.182,0.2,51,1089,1.34,0,0,0.13,115,4,0,a,,2018-07-26,False,,,3,17,0.274,
79,Evanilson,Francisco Evanilson de Lima Barbosa,BOU,3,FWD,4,6.0,3.468,20.81,"[3.077, 3.561, 3.438, 3.724, 3.618, 3.395]",68,3.4683,2.0,115,2741,3.03,6,7,0.398,135,11,6,a,,2024-08-16,False,,,,22,0.225,
269,Sessegnon,Ryan Sessegnon,FUL,10,DEF,2,4.5,3.465,20.79,"[3.483, 3.484, 3.781, 2.819, 3.371, 3.848]",57,4.62,0.4,95,1816,2.5,3,3,0.169,218,6,8,a,,2024-07-26,False,,,,20,0.273,
260,Wilson,Harry Wilson,LEE,13,MID,3,6.5,3.442,20.65,"[3.379, 3.679, 3.364, 3.655, 3.706, 2.868]",66,3.1769,8.5,168,2674,4.42,10,9,0.358,177,9,21,a,,2026-07-08,True,,,,19,0.219,
31,Konsa,Ezri Konsa Ngoyo,AVL,2,DEF,2,4.5,3.425,20.55,"[3.136, 2.908, 4.007, 3.709, 3.271, 3.523]",80,4.5667,17.0,100,3035,2.63,0,1,0.055,196,9,3,a,,2019-07-11,False,,,,18,0.262,
109,Verbruggen,Bart Verbruggen,BHA,5,GKP,1,4.5,3.425,20.55,"[3.374, 3.041, 3.682, 3.842, 2.986, 3.629]",80,4.5667,16.8,130,3420,3.42,0,0,0.002,0,10,6,a,,2023-07-03,False,,,,18,0.273,
469,N.Williams,Neco Williams,NFO,18,DEF,2,5.0,3.402,20.41,"[3.654, 2.67, 3.596, 2.929, 4.244, 3.314]",67,4.082,13.0,128,3203,3.37,2,3,0.168,247,9,15,a,,2022-07-11,False,,5,3,18,0.277,
209,Johnson,Brennan Johnson,CRY,8,MID,3,6.0,3.395,20.37,"[3.192, 3.08, 3.231, 4.068, 3.313, 3.483]",61,3.395,0.2,65,1710,1.71,2,1,0.198,121,6,2,a,,2026-01-02,False,,,2,18,0.274,
223,Mateta,Jean-Philippe Mateta,CRY,8,FWD,4,6.5,3.393,20.36,"[3.173, 3.138, 3.243, 4.001, 3.333, 3.47]",62,3.1323,6.9,114,2210,3.0,12,0,0.641,125,8,13,a,,2022-01-31,False,1,,,18,0.274,
490,Wood,Chris Wood,NFO,18,FWD,4,6.0,3.393,20.36,"[3.477, 3.134, 3.575, 3.148, 3.841, 3.181]",57,3.3933,1.8,41,896,1.08,3,0,0.463,29,2,4,a,,2023-07-01,False,1,,,18,0.277,
41,Buendía,Emiliano Buendía Stati,AVL,2,MID,3,6.0,3.39,20.34,"[3.247, 2.936, 3.699, 3.506, 3.41, 3.544]",59,3.39,0.9,102,1753,2.68,6,2,0.288,197,3,10,a,,2021-06-10,False,1,,1,18,0.262,2 goals + 3 assists in pre-season
544,Xhaka,Granit Xhaka,SUN,20,MID,3,5.5,3.39,20.34,"[3.624, 3.541, 3.351, 3.179, 3.15, 3.494]",76,3.6982,5.8,124,2901,3.26,1,6,0.147,362,9,8,a,,2025-07-30,False,,4,1,18,0.265,
233,Mykolenko,Vitalii Mykolenko,EVE,9,DEF,2,4.5,3.387,20.32,"[3.598, 2.915, 3.123, 3.038, 3.977, 3.668]",70,4.5156,1.3,95,2959,2.5,0,1,0.083,231,9,2,a,,2022-01-01,False,,,,17,0.314,
372,Mac Allister,Alexis Mac Allister,LIV,14,MID,3,5.5,3.367,20.2,"[3.233, 3.471, 3.664, 3.5, 3.225, 3.108]",59,3.6727,1.9,108,2654,2.84,2,5,0.189,229,7,9,a,,2023-06-14,False,5,,,17,0.266,
457,J.Murphy,Jacob Murphy,NEW,17,MID,3,6.0,3.367,20.2,"[3.217, 3.202, 3.307, 3.14, 3.834, 3.501]",53,3.3667,0.2,82,1606,2.16,3,2,0.321,90,8,5,a,,2017-07-19,False,,,,17,0.274,
105,Anthony,Jaidon Anthony,BRE,4,MID,3,6.0,3.338,20.03,"[3.584, 3.272, 3.43, 3.184, 3.405, 3.153]",65,3.3383,0.2,127,2717,3.34,8,4,0.264,232,4,6,a,,2026-07-07,True,,,,19,0.25,
392,Aït-Nouri,Rayan Aït-Nouri,MCI,15,DEF,2,5.5,3.33,19.98,"[3.386, 3.234, 4.129, 2.853, 3.666, 2.71]",50,3.6327,1.0,60,971,1.58,0,2,0.235,67,5,9,a,,2025-06-09,False,,,,18,0.371,
264,Bobb,Oscar Bobb,FUL,10,MID,3,5.5,3.328,19.97,"[3.38, 3.148, 3.457, 3.058, 3.338, 3.585]",66,3.6309,0.4,42,1030,1.11,0,2,0.312,76,4,0,a,,2026-01-30,False,,,,20,0.273,
198,Henderson,Dean Henderson,CRY,8,GKP,1,5.0,3.325,19.95,"[3.389, 2.823, 3.195, 3.934, 3.165, 3.439]",76,3.99,3.1,131,3330,3.45,0,0,0.003,0,11,7,a,,2023-08-31,False,,,,18,0.274,
447,Botman,Sven Botman,NEW,17,DEF,2,5.0,3.317,19.9,"[2.939, 3.017, 3.254, 3.078, 4.003, 3.613]",58,3.98,0.4,89,1834,2.34,1,1,0.127,216,5,6,a,,2022-06-28,False,,,,17,0.274,
534,Hume,Trai Hume,SUN,20,DEF,2,4.5,3.315,19.89,"[3.958, 3.83, 3.089, 2.894, 2.516, 3.598]",77,4.42,2.4,110,3032,2.89,2,1,0.128,203,9,6,a,,2022-01-04,False,,5,,18,0.265,
454,Elanga,Anthony Elanga,NEW,17,MID,3,6.0,3.308,19.85,"[3.161, 3.149, 3.25, 3.089, 3.76, 3.439]",56,3.3083,0.7,48,1302,1.26,0,1,0.234,55,2,0,a,,2025-07-11,False,,8,,17,0.274,
335,Stach,Anton Stach,LEE,13,MID,3,6.0,3.297,19.78,"[3.251, 3.472, 3.236, 3.452, 3.509, 2.864]",63,3.2967,1.3,137,2369,3.61,5,6,0.279,266,7,14,a,,2025-07-22,False,,4,1,19,0.219,
248,Beto,Norberto Bercique Gomes Betuncal,EVE,9,FWD,4,5.5,3.285,19.71,"[3.248, 3.008, 3.2, 3.162, 3.7, 3.39]",60,3.5836,3.2,104,1551,2.74,9,1,0.53,89,5,15,a,,2023-08-29,False,4,,,17,0.314,
159,Caicedo,Moisés Caicedo Corozo,CHE,6,MID,3,5.5,3.283,19.7,"[3.237, 3.332, 2.967, 3.619, 3.205, 3.337]",73,3.5818,3.7,110,2796,2.89,3,1,0.123,366,6,10,a,,2023-08-14,False,,,,18,0.26,
532,Ballard,Daniel Ballard,SUN,20,DEF,2,5.0,3.273,19.64,"[3.812, 3.699, 3.094, 2.912, 2.614, 3.511]",62,3.928,3.6,116,2144,3.05,2,2,0.13,264,6,9,a,,2022-07-01,False,,,,18,0.265,
36,Maatsen,Ian Maatsen,AVL,2,DEF,2,4.5,3.268,19.61,"[2.991, 2.666, 3.834, 3.526, 3.172, 3.418]",63,4.3578,0.6,54,1590,1.42,0,1,0.207,128,2,1,a,,2024-06-28,False,,,,18,0.262,
467,Sels,Matz Sels,NFO,18,GKP,1,5.0,3.265,19.59,"[3.496, 2.607, 3.39, 2.874, 3.957, 3.267]",72,3.918,1.4,105,2667,2.76,0,0,0.002,0,7,3,a,,2024-02-01,False,,,,18,0.277,
124,Groß,Pascal Groß,BHA,5,MID,3,5.5,3.258,19.55,"[3.358, 3.138, 3.494, 3.574, 2.83, 3.154]",58,3.5545,8.4,78,1636,2.05,1,6,0.294,145,6,10,a,,2026-01-02,False,1,5,,18,0.273,On penalties for Brighton in pre-season
202,Richards,Chris Richards,CRY,8,DEF,2,5.0,3.25,19.5,"[3.248, 2.758, 3.1, 3.924, 3.099, 3.366]",62,3.9,0.8,128,2825,3.37,1,0,0.127,311,11,5,a,,2022-07-27,False,,,,18,0.274,
10,White,Benjamin White,ARS,1,DEF,2,5.5,3.24,19.44,"[3.788, 2.886, 3.209, 3.219, 2.951, 3.391]",48,3.5345,0.3,45,699,1.18,0,1,0.147,53,5,3,a,,2021-07-30,False,,,,18,0.477,
254,Robinson,Antonee Robinson,FUL,10,DEF,2,4.5,3.24,19.44,"[3.238, 3.347, 3.583, 2.544, 3.115, 3.61]",68,4.32,2.7,65,1487,1.71,1,0,0.16,136,4,7,a,,2020-08-20,False,1,,,20,0.273,
463,Woltemade,Nick Woltemade,NEW,17,FWD,4,6.0,3.222,19.33,"[3.13, 3.103, 3.172, 3.027, 3.588, 3.311]",55,3.2217,1.7,108,1896,2.84,8,4,0.385,105,8,12,a,,2025-08-30,False,1,,,17,0.274,
496,Kinsky,Antonín Kinský,TOT,19,GKP,1,4.5,3.215,19.29,"[2.923, 3.249, 3.146, 3.897, 3.296, 2.783]",87,4.2867,19.0,20,630,0.53,0,0,0.0,0,2,0,a,,2025-01-05,False,,,,18,0.205,De Zerbi's confirmed No.1 after a new long-term contract
418,Maguire,Harry Maguire,MUN,16,DEF,2,5.0,3.202,19.21,"[3.482, 3.821, 3.081, 2.602, 2.945, 3.278]",60,3.842,8.3,90,1649,2.37,1,2,0.088,151,7,5,a,,2019-08-05,False,,,,17,0.301,
21,Nørgaard,Christian Nørgaard,ARS,1,MID,3,5.0,3.195,19.17,"[3.596, 3.003, 3.206, 3.051, 3.017, 3.301]",54,3.834,0.3,7,101,0.18,0,0,0.107,16,0,0,a,,2025-07-10,False,,,,18,0.477,
390,Rúben,Rúben dos Santos Gato Alves Dias,MCI,15,DEF,2,5.5,3.177,19.06,"[3.215, 3.125, 3.856, 2.733, 3.546, 2.583]",58,3.4655,1.4,113,2139,2.97,2,0,0.051,167,12,4,a,,2020-09-29,False,,,,18,0.371,
141,Jörgensen,Filip Jörgensen,CHE,6,GKP,1,5.0,3.173,19.04,"[3.167, 3.294, 2.478, 3.95, 2.874, 3.274]",75,3.808,0.1,9,378,0.24,0,0,0.0,0,0,0,a,,2024-07-30,False,,,,18,0.26,
329,Rodon,Joe Rodon,LEE,13,DEF,2,4.5,3.163,18.98,"[3.137, 3.372, 3.014, 3.293, 3.753, 2.409]",76,4.2178,1.8,109,2952,2.87,2,0,0.06,274,6,5,a,,2024-07-02,False,,,,19,0.219,
350,A.Becker,Alisson Becker,LIV,14,GKP,1,5.5,3.155,18.93,"[2.808, 3.382, 3.536, 3.477, 2.926, 2.806]",71,3.4418,4.1,91,2340,2.39,0,0,0.001,0,8,8,a,,2018-07-19,False,,,,17,0.266,
527,Richarlison,Richarlison de Andrade,TOT,19,FWD,4,6.0,3.15,18.9,"[3.087, 3.333, 3.014, 3.192, 3.265, 3.009]",58,3.15,1.9,119,1954,3.13,11,4,0.465,147,7,17,a,,2022-07-01,False,4,,,18,0.205,
211,Yeremy,Yéremy Pino Santos,CRY,8,MID,3,5.5,3.145,18.87,"[2.974, 2.866, 3.003, 3.733, 3.071, 3.223]",54,3.4309,0.2,77,2074,2.03,2,2,0.462,167,7,3,a,,2025-08-29,False,,6,1,18,0.274,
499,Pedro Porro,Pedro Porro Sauceda,TOT,19,DEF,2,5.5,3.143,18.86,"[2.87, 3.264, 3.018, 3.728, 3.268, 2.715]",69,3.4291,23.8,117,2793,3.08,1,3,0.175,218,9,8,a,,2023-07-01,False,,6,1,18,0.205,
57,Petrović,Đorđe Petrović,BOU,3,GKP,1,4.5,3.138,18.83,"[2.569, 3.87, 2.937, 3.374, 3.059, 3.017]",78,4.1844,3.7,124,3420,3.26,0,0,0.0,0,11,5,a,,2025-07-16,False,,,,22,0.225,
236,Dewsbury-Hall,Kiernan Dewsbury-Hall,EVE,9,MID,3,6.5,3.132,18.79,"[3.143, 2.902, 3.041, 3.006, 3.461, 3.235]",59,2.8908,3.9,151,2629,3.97,8,7,0.332,230,8,18,a,,2025-08-06,False,,5,,17,0.314,
231,Keane,Michael Keane,EVE,9,DEF,2,5.0,3.128,18.77,"[3.285, 2.737, 2.917, 2.849, 3.626, 3.353]",54,3.754,1.5,131,2588,3.45,3,1,0.097,302,7,8,a,,2017-07-03,False,,,,17,0.314,
318,Philogene,Jaden Philogene,IPS,12,MID,3,5.5,3.125,18.75,"[3.244, 2.984, 3.161, 3.074, 3.023, 3.262]",67,3.4091,0.2,0,0,0.0,0,0,0,0,0,0,a,,2025-01-15,False,3,5,,18,0.178,
140,Sánchez,Robert Lynch Sánchez,CHE,6,GKP,1,5.0,3.122,18.73,"[3.115, 3.238, 2.45, 3.871, 2.833, 3.219]",71,3.746,1.9,113,3040,2.97,0,1,0.001,0,9,7,a,,2023-08-05,False,,,,18,0.26,
346,Calvert-Lewin,Dominic Calvert-Lewin,LEE,13,FWD,4,6.0,3.117,18.7,"[3.047, 3.368, 3.051, 3.353, 3.33, 2.546]",61,3.1167,23.0,142,2721,3.74,14,2,0.55,105,8,20,a,,2025-08-15,False,1,,,19,0.219,Brace in pre-season; 14 PL goals last season at £6.0m
420,Yoro,Leny Yoro,MUN,16,DEF,2,5.0,3.117,18.7,"[3.389, 3.713, 3.011, 2.534, 2.873, 3.184]",62,3.74,0.7,56,1730,1.47,0,1,0.1,156,2,1,a,,2024-07-19,False,,,,17,0.301,
449,Hall,Lewis Hall,NEW,17,DEF,2,5.0,3.117,18.7,"[2.733, 2.811, 3.053, 2.869, 3.82, 3.417]",61,3.74,4.1,79,2176,2.08,1,2,0.157,173,4,4,a,,2024-07-01,False,,5,1,17,0.274,
439,Šeško,Benjamin Sesko,MUN,16,FWD,4,7.0,3.105,18.63,"[3.293, 3.642, 2.776, 2.739, 2.849, 3.328]",45,2.6614,2.7,111,1630,2.92,11,2,0.524,64,2,19,d,Shin injury - 75% chance of playing,2025-08-09,False,,,,17,0.301,
203,Canvot,Jaydee Canvot,CRY,8,DEF,2,5.0,3.103,18.62,"[3.084, 2.626, 2.952, 3.782, 2.958, 3.219]",59,3.724,0.6,72,1331,1.89,0,0,0.122,169,5,9,a,,2025-09-01,False,,,,18,0.274,
358,Kerkez,Milos Kerkez,LIV,14,DEF,2,5.5,3.093,18.56,"[2.705, 3.352, 3.573, 3.454, 2.818, 2.656]",68,3.3745,5.7,85,2251,2.24,2,1,0.088,134,6,4,a,,2025-06-26,False,,,,17,0.266,
232,O'Brien,Jake O'Brien,EVE,9,DEF,2,5.0,3.092,18.55,"[3.284, 2.648, 2.846, 2.769, 3.651, 3.353]",65,3.71,0.5,116,3118,3.05,1,3,0.077,231,10,2,a,,2024-07-30,False,,,,17,0.314,
230,Branthwaite,Jarrad Branthwaite,EVE,9,DEF,2,5.5,3.09,18.54,"[3.266, 2.687, 2.867, 2.796, 3.6, 3.328]",59,3.3709,1.9,32,678,0.84,1,1,0.06,67,1,0,a,,2020-06-20,False,,,,17,0.314,
526,Solanke,Dominic Solanke-Mitchell,TOT,19,FWD,4,6.0,3.083,18.5,"[3.025, 3.249, 2.96, 3.121, 3.188, 2.954]",61,3.0833,2.7,40,997,1.05,3,0,0.299,71,0,4,a,,2024-08-10,False,1,,,18,0.205,
371,Gravenberch,Ryan Gravenberch,LIV,14,MID,3,6.0,3.077,18.46,"[2.978, 3.15, 3.267, 3.173, 2.982, 2.912]",62,3.0767,1.9,144,2991,3.79,5,5,0.125,298,9,17,a,,2023-09-01,False,,,,17,0.266,
262,Smith Rowe,Emile Smith Rowe,FUL,10,MID,3,5.5,3.068,18.41,"[3.11, 2.924, 3.18, 2.835, 3.072, 3.285]",57,3.3473,0.4,80,1909,2.11,3,1,0.275,148,6,1,a,,2024-08-02,False,,,,20,0.273,
123,Hinshelwood,Jack Hinshelwood,BHA,5,MID,3,6.0,3.062,18.37,"[3.155, 2.944, 3.287, 3.365, 2.652, 2.967]",58,3.0617,0.3,91,1736,2.39,4,5,0.377,114,7,2,a,,2022-12-30,False,,,,18,0.273,
442,Pope,Nick Pope,NEW,17,GKP,1,5.0,3.057,18.34,"[2.685, 2.782, 3.011, 2.885, 3.64, 3.34]",68,3.668,1.1,96,2416,2.53,0,1,0.006,0,7,3,a,,2022-06-23,False,,,,17,0.274,
336,Okafor,Noah Okafor,LEE,13,MID,3,6.0,3.05,18.3,"[2.991, 3.272, 2.979, 3.25, 3.293, 2.517]",52,3.05,0.7,109,1553,2.87,8,3,0.381,113,6,11,a,,2025-08-21,False,,,,19,0.219,
257,Bassey,Calvin Bassey,FUL,10,DEF,2,4.5,3.038,18.23,"[3.031, 3.172, 3.383, 2.345, 2.908, 3.396]",71,4.0511,0.5,103,2532,2.71,1,1,0.073,205,7,9,a,,2023-07-28,False,,,,20,0.273,
315,Fatawu,Abdul Fatawu,IPS,12,MID,3,5.5,3.018,18.11,"[3.129, 2.895, 3.035, 2.978, 2.944, 3.132]",68,3.2927,0.3,0,0,0.0,0,0,0,0,0,0,a,,2026-07-21,True,,,,18,0.178,Created the winner v Le Havre
143,Chalobah,Trevoh Chalobah,CHE,6,DEF,2,5.5,3.017,18.1,"[2.976, 3.147, 2.248, 3.846, 2.743, 3.138]",60,3.2909,2.0,136,2780,3.58,3,1,0.08,265,9,7,a,,2018-02-16,False,,,,18,0.26,
304,O'Shea,Dara O'Shea,IPS,12,DEF,2,4.0,3.017,18.1,"[3.6, 2.436, 2.652, 2.988, 3.103, 3.32]",79,4.525,1.6,0,0,0.0,0,0,0,0,0,0,a,,2024-08-25,False,,,,18,0.178,
486,McAtee,James McAtee,NFO,18,MID,3,5.5,3.01,18.06,"[3.114, 2.695, 3.186, 2.739, 3.507, 2.818]",54,3.2836,0.1,17,288,0.45,0,1,0.172,32,0,0,a,,2025-08-16,False,,,,18,0.277,
32,Cash,Matty Cash,AVL,2,DEF,2,4.5,3.005,18.03,"[2.739, 2.489, 3.541, 3.26, 2.883, 3.116]",67,4.0067,7.8,117,3016,3.08,3,3,0.122,186,8,7,a,,2020-09-03,False,,5,,18,0.262,
491,Igor Jesus,Igor Jesus Maciel da Cruz,NFO,18,FWD,4,6.0,2.997,17.98,"[3.059, 2.806, 3.132, 2.817, 3.328, 2.841]",62,2.9967,5.0,114,2293,3.0,6,6,0.304,123,9,13,a,,2025-07-05,False,3,,,18,0.277,4 goals in 4 pre-season games
337,Aaronson,Brenden Aaronson,LEE,13,MID,3,5.5,2.977,17.86,"[2.927, 3.158, 2.913, 3.137, 3.192, 2.529]",60,3.2473,0.8,126,2449,3.32,4,8,0.299,216,9,5,a,,2022-07-01,False,,,3,19,0.219,
30,Digne,Lucas Digne,AVL,2,DEF,2,4.5,2.973,17.84,"[2.719, 2.471, 3.489, 3.217, 2.861, 3.085]",61,3.9644,1.4,97,1842,2.55,0,7,0.193,113,7,5,a,,2022-01-13,False,,4,,18,0.262,
67,Rayan,Rayan Vitor Simplício Rocha,BOU,3,MID,3,6.5,2.973,17.84,"[2.611, 3.138, 2.922, 3.192, 3.072, 2.901]",54,2.7446,3.5,67,1110,1.76,5,2,0.366,82,6,3,a,,2026-01-27,False,,,,22,0.225,
249,Barry,Thierno Barry,EVE,9,FWD,4,5.5,2.967,17.8,"[2.936, 2.739, 2.896, 2.865, 3.308, 3.052]",61,3.2364,0.9,95,1898,2.5,8,0,0.408,74,7,9,a,,2025-07-09,False,2,,,17,0.314,
567,Horníček,Lukás Hornícek,NEW,17,GKP,1,5.0,2.953,17.72,"[2.549, 2.655, 2.904, 2.767, 3.586, 3.261]",68,3.544,0.2,0,0,0.0,0,0,0,0,0,0,a,,2026-08-03,True,,,,17,0.274,
263,Kevin,Kevin Santos Lopes de Macedo,FUL,10,MID,3,5.5,2.952,17.71,"[2.986, 2.834, 3.057, 2.735, 2.951, 3.147]",65,3.22,0.1,49,1030,1.29,1,3,0.234,86,4,0,a,,2025-09-01,False,,6,,20,0.273,
330,Bogle,Jayden Bogle,LEE,13,DEF,2,4.5,2.948,17.69,"[2.91, 3.202, 2.792, 3.122, 3.563, 2.105]",72,3.9311,0.4,96,2795,2.53,1,5,0.167,178,6,1,a,,2024-07-20,False,,,,19,0.219,
258,Castagne,Timothy Castagne,FUL,10,DEF,2,4.5,2.943,17.66,"[2.943, 3.033, 3.253, 2.316, 2.833, 3.28]",62,3.9244,0.2,61,1838,1.61,0,2,0.145,146,3,3,a,,2023-08-29,False,,,,20,0.273,
96,Damsgaard,Mikkel Damsgaard,BRE,4,MID,3,5.5,2.937,17.62,"[3.141, 2.883, 3.005, 2.812, 2.993, 2.787]",49,3.2036,0.7,113,2046,2.97,4,4,0.354,241,5,9,a,,2022-08-10,False,,6,3,19,0.25,
112,Van Hecke,Jan Paul van Hecke,TOT,19,DEF,2,5.0,2.937,17.62,"[2.684, 3.022, 2.837, 3.489, 3.037, 2.548]",67,3.524,8.3,148,3210,3.89,3,3,0.137,317,10,8,a,,2026-06-18,True,,,,18,0.205,
481,Anderson,Elliot Anderson,MCI,15,MID,3,6.5,2.937,17.62,"[2.973, 2.848, 3.303, 2.772, 2.975, 2.748]",43,2.7108,11.9,180,3332,4.74,4,5,0.209,515,10,16,a,,2026-07-02,True,,,,18,0.371,
53,Manzambi,Johan Manzambi,AVL,2,MID,3,6.0,2.918,17.51,"[2.809, 2.596, 3.154, 3.01, 2.922, 3.023]",63,2.9183,2.3,0,0,0.0,0,0,0,0,0,0,a,,2026-07-17,True,,,,18,0.262,
45,McGinn,John McGinn,AVL,2,MID,3,5.5,2.915,17.49,"[2.794, 2.543, 3.177, 3.015, 2.925, 3.039]",59,3.18,2.7,103,2136,2.71,5,4,0.3,150,8,6,a,,2018-08-08,False,,6,,18,0.262,
116,Dunk,Lewis Dunk,BHA,5,DEF,2,4.5,2.915,17.49,"[2.911, 2.571, 3.2, 3.354, 2.415, 3.035]",64,3.8867,0.7,100,2837,2.63,1,1,0.076,231,7,5,a,,2009-07-01,False,,,2,18,0.273,
60,Hill,James Hill,BOU,3,DEF,2,5.5,2.91,17.46,"[2.362, 3.516, 2.741, 3.16, 2.882, 2.796]",60,3.1745,1.3,110,2102,2.89,0,3,0.088,260,8,4,a,,2022-01-05,False,,,,22,0.225,
156,Neto,Pedro Lomba Neto,CHE,6,MID,3,6.5,2.905,17.43,"[2.8, 2.997, 2.314, 3.495, 2.807, 3.017]",53,2.6815,1.3,125,2629,3.29,5,7,0.391,122,11,9,a,,2024-08-11,False,,6,4,18,0.26,
81,Rodríguez,Álvaro Rodríguez,BOU,3,FWD,4,6.0,2.902,17.41,"[2.615, 2.97, 2.879, 3.089, 3.011, 2.848]",61,2.9017,0.3,0,0,0.0,0,0,0,0,0,0,a,,2026-07-14,True,,,,22,0.225,
295,McBurnie,Oli McBurnie,HUL,11,FWD,4,5.5,2.888,17.33,"[2.92, 3.079, 2.928, 2.751, 2.782, 2.872]",56,3.1509,1.8,0,0,0.0,0,0,0,0,0,0,a,,2025-08-06,False,2,,,19,0.173,
331,Gudmundsson,Gabriel Gudmundsson,LEE,13,DEF,2,4.5,2.883,17.3,"[2.851, 3.11, 2.737, 3.033, 3.464, 2.109]",68,3.8444,0.5,68,2637,1.79,0,0,0.136,184,5,8,a,,2025-07-08,False,,,,19,0.219,
82,Kelleher,Caoimhín Kelleher,BRE,4,GKP,1,5.0,2.872,17.23,"[3.011, 2.806, 3.354, 2.622, 2.885, 2.548]",65,3.446,5.6,143,3330,3.76,0,0,0.006,0,10,11,a,,2025-06-03,False,,,,19,0.25,
403,Savinho,Sávio Moreira de Oliveira,MCI,15,MID,3,6.5,2.865,17.19,"[2.938, 2.692, 3.502, 2.605, 2.874, 2.583]",33,2.6446,0.1,43,817,1.13,1,2,0.451,59,3,1,a,,2024-07-18,False,,,,18,0.371,
431,Amad,Amad Diallo,MUN,16,MID,3,6.0,2.865,17.19,"[3.038, 3.339, 2.608, 2.525, 2.645, 3.039]",40,2.865,1.5,91,2339,2.39,2,5,0.392,198,6,7,a,,2021-01-07,False,,6,,17,0.301,
557,Tzolis,Christos Tzolis,ARS,1,MID,3,6.5,2.86,17.16,"[3.274, 2.662, 2.872, 2.705, 2.677, 2.968]",50,2.64,2.1,0,0,0.0,0,0,0,0,0,0,a,,2026-07-23,True,,,,18,0.477,Goal + assist on his Arsenal debut
569,García,Gonzalo García,FUL,10,FWD,4,6.0,2.857,17.14,"[2.904, 2.681, 2.921, 2.713, 2.885, 3.032]",61,2.8567,0.8,0,0,0.0,0,0,0,0,0,0,a,,2026-08-03,True,,,,20,0.273,
472,Murillo,Murillo Costa dos Santos,NFO,18,DEF,2,5.5,2.85,17.1,"[3.044, 2.293, 2.981, 2.503, 3.469, 2.813]",53,3.1091,0.2,83,2130,2.18,1,0,0.051,223,6,3,d,Muscular injury - 75% chance of playing,2023-08-31,False,,,2,18,0.277,
33,Mings,Tyrone Mings,AVL,2,DEF,2,4.5,2.847,17.08,"[2.616, 2.409, 3.311, 3.069, 2.737, 2.938]",60,3.7956,0.2,50,1322,1.32,0,1,0.117,107,3,4,a,,2019-07-08,False,,,,18,0.262,
108,Wilson,Callum Wilson,BRE,4,FWD,4,5.5,2.845,17.07,"[3.171, 2.768, 2.843, 2.686, 2.942, 2.659]",41,3.1036,0.4,80,1234,2.11,7,2,0.594,41,1,7,a,,2026-07-09,True,,,,19,0.25,
461,Touré,Bazoumana Touré,NEW,17,MID,3,6.0,2.845,17.07,"[2.729, 2.728, 2.806, 2.698, 3.167, 2.946]",58,2.845,0.2,0,0,0.0,0,0,0,0,0,0,a,,2026-07-05,True,,,,17,0.274,
142,James,Reece James,CHE,6,DEF,2,5.5,2.838,17.03,"[2.776, 2.98, 1.993, 3.737, 2.567, 2.977]",58,3.0964,8.0,115,1957,3.03,2,6,0.195,128,8,11,a,,2019-05-15,False,,5,1,18,0.26,
525,Fernandes,Mateus Fernandes,TOT,19,MID,3,6.0,2.838,17.03,"[2.778, 2.916, 2.772, 2.937, 2.894, 2.731]",57,2.8383,3.5,135,3017,3.55,3,4,0.148,369,8,7,a,,2026-07-02,True,,,,18,0.205,
69,Scott,Alex Scott,BOU,3,MID,3,6.0,2.812,16.87,"[2.573, 2.944, 2.772, 2.952, 2.866, 2.763]",52,2.8117,1.6,136,2848,3.58,3,2,0.213,386,11,9,a,,2023-08-10,False,,7,4,22,0.225,2 goals in the 10-1 win over Genoa
120,Svoboda,Michael Svoboda,BHA,5,DEF,2,5.0,2.812,16.87,"[2.795, 2.451, 3.097, 3.255, 2.318, 2.957]",63,3.374,0.1,0,0,0.0,0,0,0,0,0,0,a,,2026-07-02,True,,,,18,0.273,
126,O'Riley,Matt O'Riley,BHA,5,MID,3,5.5,2.807,16.84,"[2.922, 2.688, 3.062, 3.144, 2.341, 2.679]",43,3.0618,0.1,16,202,0.42,1,0,0.619,10,1,2,a,,2024-08-26,False,2,,,18,0.273,
504,Vuskovic,Luka Vušković,BHA,5,DEF,2,5.0,2.8,16.8,"[2.782, 2.439, 3.082, 3.24, 2.31, 2.948]",63,3.36,2.9,0,0,0.0,0,0,0,0,0,0,a,,2026-07-14,True,,,,18,0.273,
570,Palacios,César Palacios,FUL,10,MID,3,5.5,2.8,16.8,"[2.823, 2.722, 2.895, 2.607, 2.79, 2.96]",63,3.0545,0.0,0,0,0.0,0,0,0,0,0,0,a,,2026-08-03,True,,,,20,0.273,
256,Tete,Kenny Tete,FUL,10,DEF,2,4.5,2.792,16.75,"[2.79, 2.881, 3.088, 2.19, 2.684, 3.113]",56,3.7222,0.2,81,1791,2.13,1,0,0.12,165,6,5,a,,2020-09-10,False,,,,20,0.273,
401,Marmoush,Omar Marmoush,MCI,15,FWD,4,7.0,2.792,16.75,"[2.86, 2.625, 3.347, 2.582, 2.758, 2.575]",38,2.3929,0.7,56,691,1.47,3,3,0.462,39,4,5,a,,2025-01-23,False,2,,2,18,0.371,
470,Morato,Felipe Rodrigues da Silva,NFO,18,DEF,2,5.0,2.782,16.69,"[2.982, 2.207, 2.926, 2.417, 3.432, 2.73]",56,3.338,0.1,53,1340,1.39,1,0,0.099,144,2,1,a,,2024-08-30,False,,,,18,0.277,
327,Bijol,Jaka Bijol,LEE,13,DEF,2,5.0,2.78,16.68,"[2.756, 2.962, 2.657, 2.898, 3.267, 2.143]",62,3.336,0.3,99,1888,2.61,1,3,0.079,219,5,6,a,,2025-06-23,False,,,,19,0.219,
91,Pinnock,Ethan Pinnock,BRE,4,DEF,2,4.5,2.768,16.61,"[2.967, 2.694, 3.184, 2.516, 2.803, 2.446]",54,3.6911,0.1,14,318,0.37,0,0,0.02,42,1,2,a,,2019-07-02,False,,,,19,0.25,
268,King,Josh King,FUL,10,MID,3,5.5,2.763,16.58,"[2.794, 2.656, 2.861, 2.561, 2.761, 2.943]",58,3.0145,0.1,63,1290,1.66,1,3,0.218,107,5,3,a,,2024-02-02,False,,,,20,0.273,
393,Khusanov,Abdukodir Khusanov,MCI,15,DEF,2,5.5,2.758,16.55,"[2.793, 2.712, 3.337, 2.387, 3.062, 2.263]",48,3.0091,2.0,67,1427,1.76,0,0,0.117,123,6,3,a,,2025-01-20,False,,,,18,0.371,
357,Frimpong,Jeremie Frimpong,LIV,14,DEF,2,5.5,2.748,16.49,"[2.412, 2.976, 3.191, 3.063, 2.501, 2.349]",56,2.9982,3.0,63,1032,1.66,0,5,0.179,30,5,1,a,,2025-06-01,False,,,,17,0.266,
347,Nmecha,Lukas Nmecha,LEE,13,FWD,4,5.5,2.727,16.36,"[2.654, 2.99, 2.659, 2.974, 2.949, 2.132]",42,2.9745,0.6,73,1065,1.92,6,1,0.746,57,3,8,a,,2025-07-01,False,2,,,19,0.219,
484,Hutchinson,Omari Hutchinson,NFO,18,MID,3,5.5,2.722,16.33,"[2.801, 2.482, 2.843, 2.523, 3.086, 2.595]",56,2.9691,0.2,82,1676,2.16,1,7,0.316,129,6,3,a,,2025-08-16,False,,4,,18,0.277,
34,Pau,Pau Torres,AVL,2,DEF,2,4.5,2.72,16.32,"[2.494, 2.309, 3.174, 2.941, 2.602, 2.799]",62,3.6267,0.2,64,1673,1.68,0,2,0.093,112,5,2,a,,2023-07-12,False,,,,18,0.262,
485,Bakwa,Dilane Bakwa,NFO,18,MID,3,5.5,2.705,16.23,"[2.785, 2.458, 2.834, 2.497, 3.083, 2.568]",55,2.9509,0.0,26,549,0.68,0,2,0.254,35,2,1,a,,2025-09-01,False,,6,,18,0.277,
255,J.Cuenca,Jorge Cuenca Barreno,FUL,10,DEF,2,4.5,2.69,16.14,"[2.681, 2.813, 2.985, 2.093, 2.575, 2.991]",58,3.5867,0.0,39,935,1.03,0,0,0.056,117,2,1,a,,2024-08-03,False,,,,20,0.273,
129,Ayari,Yasin Ayari,BHA,5,MID,3,5.5,2.682,16.09,"[2.741, 2.596, 2.835, 2.89, 2.404, 2.623]",50,2.9255,0.5,98,1921,2.58,3,4,0.18,225,6,7,a,,2023-01-30,False,,8,1,18,0.273,
54,Gomes,Joao Gomes,AVL,2,MID,3,5.5,2.678,16.07,"[2.603, 2.466, 2.841, 2.743, 2.675, 2.745]",54,2.9218,0.3,107,2829,2.82,1,2,0.108,387,4,6,a,,2026-07-20,True,,,,18,0.262,
242,George,Tyrique George,EVE,9,MID,3,5.5,2.678,16.07,"[2.68, 2.437, 2.587, 2.553, 3.027, 2.782]",50,2.9218,0.1,16,351,0.42,0,0,0.469,23,1,0,a,,2026-07-06,True,,,,17,0.314,
332,Justin,James Justin,LEE,13,DEF,2,4.5,2.678,16.07,"[2.65, 2.869, 2.553, 2.805, 3.169, 2.02]",60,3.5711,0.5,94,1893,2.47,2,1,0.142,183,6,9,a,,2025-08-25,False,,,,19,0.219,
44,Bailey,Leon Bailey,AVL,2,MID,3,5.5,2.667,16.0,"[2.53, 2.215, 2.961, 2.773, 2.694, 2.823]",41,2.9091,0.1,21,450,0.55,0,2,0.392,48,0,0,a,,2021-08-04,False,,,,18,0.262,
305,Davis,Leif Davis,IPS,12,DEF,2,4.0,2.647,15.88,"[3.213, 2.074, 2.32, 2.608, 2.701, 2.961]",72,3.97,3.4,0,0,0.0,0,0,0,0,0,0,a,,2022-07-25,False,,6,2,18,0.178,
300,Walton,Christian Walton,IPS,12,GKP,1,4.5,2.642,15.85,"[3.132, 2.159, 2.313, 2.627, 2.736, 2.881]",71,3.5222,0.6,0,0,0.0,0,0,0,0,0,0,a,,2022-01-19,False,,,,18,0.178,
152,Palestra,Marco Palestra,CHE,6,DEF,2,5.5,2.638,15.83,"[2.604, 2.771, 1.864, 3.48, 2.354, 2.761]",59,2.8782,1.5,0,0,0.0,0,0,0,0,0,0,a,,2026-07-01,True,,,,18,0.26,
88,Kayode,Michael Kayode,BRE,4,DEF,2,4.5,2.635,15.81,"[2.852, 2.553, 3.093, 2.358, 2.672, 2.28]",58,3.5133,4.0,113,3258,2.97,1,2,0.115,219,10,9,a,,2025-07-01,False,,,,19,0.25,
37,Lindelöf,Victor Lindelöf,AVL,2,DEF,2,4.5,2.615,15.69,"[2.398, 2.24, 3.05, 2.83, 2.494, 2.682]",62,3.4867,0.2,29,942,0.76,0,1,0.036,54,1,0,a,,2025-09-01,False,,,,18,0.262,
500,Romero,Cristian Romero,TOT,19,DEF,2,5.0,2.615,15.69,"[2.387, 2.699, 2.521, 3.109, 2.709, 2.263]",56,3.138,1.1,91,1869,2.39,4,1,0.127,197,5,10,a,,2022-08-30,False,,,,18,0.205,
313,Clarke,Jack Clarke,IPS,12,MID,3,5.5,2.595,15.57,"[2.689, 2.491, 2.598, 2.563, 2.542, 2.685]",63,2.8309,0.3,0,0,0.0,0,0,0,0,0,0,a,,2024-08-24,False,2,8,3,18,0.178,
86,Lewis-Potter,Keane Lewis-Potter,BRE,4,MID,3,5.5,2.59,15.54,"[2.803, 2.535, 2.661, 2.461, 2.649, 2.435]",51,2.8255,0.5,115,1960,3.03,3,4,0.253,74,9,5,a,,2022-07-12,False,,,1,19,0.25,
545,Sadiki,Noah Sadiki,SUN,20,MID,3,5.0,2.58,15.48,"[2.759, 2.701, 2.543, 2.429, 2.393, 2.658]",71,3.096,0.4,80,2891,2.11,0,2,0.09,248,9,0,a,,2025-07-04,False,,,,18,0.265,
364,Tsimikas,Kostas Tsimikas,LIV,14,DEF,2,5.0,2.577,15.46,"[2.285, 2.775, 2.976, 2.849, 2.355, 2.215]",48,3.092,0.1,0,0,0.0,0,0,0,0,0,0,a,,2020-08-10,False,,,,17,0.266,
241,McNeil,Dwight McNeil,EVE,9,MID,3,5.5,2.568,15.41,"[2.575, 2.372, 2.493, 2.464, 2.85, 2.655]",47,2.8018,0.1,53,1161,1.39,0,3,0.254,111,6,1,a,,2022-07-28,False,,6,2,17,0.314,
543,Diarra,Habib Diarra,SUN,20,MID,3,5.5,2.562,15.37,"[2.847, 2.73, 2.536, 2.28, 2.284, 2.692]",58,2.7945,0.1,65,1403,1.71,2,6,0.264,79,5,3,a,,2025-07-01,False,1,,,18,0.265,
562,Maeda,Daizen Maeda,IPS,12,MID,3,5.5,2.548,15.29,"[2.647, 2.445, 2.539, 2.521, 2.507, 2.633]",63,2.78,0.4,0,0,0.0,0,0,0,0,0,0,a,,2026-07-25,True,,,,18,0.178,Impressed with pressing and directness
87,Ajer,Kristoffer Ajer,BRE,4,DEF,2,4.5,2.54,15.24,"[2.737, 2.466, 2.96, 2.287, 2.573, 2.216]",53,3.3867,1.5,76,1805,2.0,0,2,0.071,192,5,1,a,,2021-07-21,False,,,,19,0.25,
316,Emersonn,Emersonn Correia da Silva,IPS,12,FWD,4,5.5,2.537,15.22,"[2.571, 2.479, 2.598, 2.501, 2.453, 2.615]",61,2.7673,0.3,0,0,0.0,0,0,0,0,0,0,a,,2026-07-08,True,,,,18,0.178,
286,Belloumi,Mohamed Belloumi,HUL,11,MID,3,5.0,2.532,15.19,"[2.525, 2.667, 2.541, 2.43, 2.434, 2.597]",63,3.038,0.6,0,0,0.0,0,0,0,0,0,0,a,,2024-08-30,False,,5,2,19,0.173,
287,Millar,Liam Millar,HUL,11,MID,3,5.0,2.528,15.17,"[2.52, 2.662, 2.536, 2.426, 2.43, 2.593]",63,3.034,0.1,0,0,0.0,0,0,0,0,0,0,a,,2024-08-09,False,,,,19,0.173,
292,Ömür,Abdülkadir Ömür,HUL,11,MID,3,5.0,2.528,15.17,"[2.52, 2.662, 2.536, 2.426, 2.43, 2.593]",63,3.034,0.0,0,0,0.0,0,0,0,0,0,0,a,,2024-02-01,False,,,,19,0.173,
293,Kamara,Abu Kamara,HUL,11,MID,3,5.0,2.528,15.17,"[2.52, 2.662, 2.536, 2.426, 2.43, 2.593]",63,3.034,0.1,0,0,0.0,0,0,0,0,0,0,a,,2024-08-30,False,,,,19,0.173,
552,Brobbey,Brian Brobbey,SUN,20,FWD,4,6.0,2.528,15.17,"[2.75, 2.64, 2.533, 2.281, 2.33, 2.634]",59,2.5283,19.9,92,1920,2.42,7,2,0.314,74,6,12,a,,2025-09-01,False,,,,18,0.265,"Excellent pre-season, assist v Wrexham"
186,Mason-Clark,Ephron Mason-Clark,COV,7,MID,3,5.5,2.527,15.16,"[2.255, 2.885, 2.328, 2.602, 2.488, 2.603]",63,2.7564,0.3,0,0,0.0,0,0,0,0,0,0,a,,2024-02-01,False,,,,19,0.156,
188,Torp,Victor Torp,COV,7,MID,3,5.5,2.527,15.16,"[2.255, 2.885, 2.328, 2.602, 2.488, 2.603]",63,2.7564,0.2,0,0,0.0,0,0,0,0,0,0,a,,2024-01-11,False,2,6,2,19,0.156,
97,Jensen,Mathias Jensen,BRE,4,MID,3,5.5,2.525,15.15,"[2.691, 2.479, 2.595, 2.418, 2.569, 2.396]",48,2.7545,0.1,98,2239,2.58,3,2,0.332,220,9,1,a,,2019-07-10,False,3,5,2,19,0.25,
512,Kudus,Mohammed Kudus,TOT,19,MID,3,6.5,2.523,15.14,"[2.459, 2.631, 2.436, 2.614, 2.596, 2.402]",46,2.3292,0.2,75,1535,1.97,2,6,0.254,133,7,7,d,Thigh injury - 75% chance of playing,2025-07-10,False,2,7,3,18,0.205,
549,Talbi,Chemsdine Talbi,SUN,20,MID,3,5.5,2.522,15.13,"[2.745, 2.658, 2.495, 2.31, 2.3, 2.623]",58,2.7509,0.2,83,1553,2.18,4,2,0.192,92,7,6,a,,2025-07-09,False,,,,18,0.265,
296,Akintola,David Akintola,HUL,11,MID,3,5.0,2.51,15.06,"[2.502, 2.641, 2.518, 2.411, 2.414, 2.575]",63,3.012,0.0,0,0,0.0,0,0,0,0,0,0,a,,2025-08-15,False,,,,19,0.173,
326,Perri,Lucas Estella Perri,LEE,13,GKP,1,4.5,2.5,15.0,"[2.49, 2.626, 2.391, 2.564, 2.939, 1.987]",64,3.3333,0.7,43,1440,1.13,0,0,0.0,0,3,3,a,,2025-07-26,False,,,,19,0.219,
193,Wright,Haji Wright,COV,7,FWD,4,5.5,2.498,14.99,"[2.204, 2.833, 2.317, 2.576, 2.455, 2.608]",61,2.7255,1.8,0,0,0.0,0,0,0,0,0,0,a,,2023-08-04,False,1,,,19,0.156,
514,Tel,Mathys Tel,TOT,19,MID,3,6.0,2.498,14.99,"[2.434, 2.62, 2.404, 2.585, 2.579, 2.372]",43,2.4983,0.4,78,1334,2.05,4,2,0.331,111,3,7,a,,2025-07-01,False,,9,,18,0.205,
563,Morita,Hidemasa Morita,HUL,11,MID,3,5.0,2.497,14.98,"[2.489, 2.626, 2.503, 2.4, 2.402, 2.563]",63,2.996,0.1,0,0,0.0,0,0,0,0,0,0,a,,2026-07-24,True,,,,19,0.173,
222,Strand Larsen,Jørgen Strand Larsen,CRY,8,FWD,4,6.0,2.495,14.97,"[2.368, 2.348, 2.409, 2.847, 2.461, 2.541]",59,2.495,0.6,75,2301,1.97,4,1,0.251,95,5,3,a,,2026-02-02,False,,,,18,0.274,
440,Zirkzee,Joshua Zirkzee,MUN,16,FWD,4,5.5,2.492,14.95,"[2.633, 2.896, 2.245, 2.216, 2.299, 2.66]",42,2.7182,0.7,42,607,1.11,2,1,0.457,44,2,6,a,,2024-07-17,False,,,,17,0.301,
157,Estêvão,Estêvão Almeida de Oliveira Gonçalves,CHE,6,MID,3,6.5,2.485,14.91,"[2.387, 2.569, 1.943, 3.022, 2.4, 2.589]",34,2.2938,1.8,58,839,1.53,2,5,0.542,56,4,4,a,,2025-07-14,False,3,8,,18,0.26,Scored v Spurs; first goal of pre-season
125,Georginio,Georginio Rutter,BHA,5,FWD,4,5.5,2.483,14.9,"[2.572, 2.426, 2.65, 2.697, 2.177, 2.377]",58,2.7091,0.7,87,1776,2.29,3,5,0.294,131,7,2,a,,2024-08-19,False,,,,18,0.273,
265,Berge,Sander Berge,FUL,10,MID,3,5.0,2.48,14.88,"[2.489, 2.453, 2.55, 2.339, 2.464, 2.581]",61,2.976,0.4,91,2904,2.39,0,3,0.094,280,8,3,a,,2024-08-22,False,,,,20,0.273,
334,Muharemović,Tarik Muharemović,LEE,13,DEF,2,5.0,2.48,14.88,"[2.455, 2.671, 2.346, 2.601, 3.013, 1.795]",63,2.976,1.3,0,0,0.0,0,0,0,0,0,0,a,,2026-07-17,True,,,,19,0.219,
369,Ngumoha,Rio Ngumoha,LIV,14,MID,3,6.0,2.463,14.78,"[2.352, 2.553, 2.737, 2.574, 2.336, 2.225]",34,2.4633,1.7,43,547,1.13,2,1,0.551,30,2,4,a,,2024-12-17,False,,,,17,0.266,
306,Greaves,Jacob Greaves,IPS,12,DEF,2,4.0,2.44,14.64,"[2.92, 1.96, 2.147, 2.414, 2.503, 2.694]",64,3.66,0.5,0,0,0.0,0,0,0,0,0,0,a,,2024-07-12,False,,,,18,0.178,
503,Van de Ven,Micky van de Ven,TOT,19,DEF,2,5.0,2.428,14.57,"[2.197, 2.499, 2.343, 2.942, 2.516, 2.074]",60,2.914,6.5,116,3041,3.05,4,1,0.095,212,9,10,a,,2023-08-08,False,,,,18,0.205,
483,Ndoye,Dan Ndoye,NFO,18,MID,3,5.5,2.402,14.41,"[2.466, 2.208, 2.495, 2.243, 2.691, 2.305]",47,2.62,0.5,50,1167,1.32,1,2,0.197,96,2,4,a,,2025-07-31,False,,,,18,0.277,
271,Muniz,Rodrigo Muniz Carvalho,FUL,10,FWD,4,5.5,2.397,14.38,"[2.446, 2.217, 2.463, 2.249, 2.426, 2.577]",41,2.6145,0.7,36,987,0.95,1,1,0.315,52,3,3,a,,2021-08-20,False,,,,20,0.273,Converted a penalty v Farense - Fulham's pen situation is open
501,Danso,Kevin Danso,TOT,19,DEF,2,5.0,2.395,14.37,"[2.198, 2.445, 2.328, 2.834, 2.464, 2.097]",53,2.874,0.2,63,1489,1.66,0,0,0.054,192,4,1,a,,2025-07-01,False,,,,18,0.205,
190,Tchaouna,Loum Tchaouna,COV,7,MID,3,5.5,2.39,14.34,"[2.114, 2.749, 2.191, 2.466, 2.351, 2.47]",63,2.6073,0.1,59,1259,1.55,2,2,0.156,69,2,0,a,,2026-07-11,True,,,,19,0.156,
213,Lerma,Jefferson Lerma Solís,CRY,8,MID,3,5.0,2.383,14.3,"[2.329, 2.255, 2.326, 2.629, 2.347, 2.418]",49,2.86,0.1,69,1722,1.82,0,5,0.174,220,7,3,a,,2023-07-01,False,,,,18,0.274,
144,Gusto,Malo Gusto,CHE,6,DEF,2,5.0,2.378,14.27,"[2.325, 2.498, 1.669, 3.132, 2.154, 2.496]",47,2.854,1.1,96,2255,2.53,2,3,0.181,126,7,7,a,,2023-01-28,False,,,,18,0.26,
42,Guessand,Evann Guessand,AVL,2,MID,3,5.5,2.37,14.22,"[2.267, 2.041, 2.592, 2.453, 2.386, 2.482]",44,2.5855,0.0,44,909,1.16,1,3,0.239,83,2,0,a,,2025-08-08,False,,,,18,0.262,
482,Hudson-Odoi,Callum Hudson-Odoi,NFO,18,MID,3,6.0,2.368,14.21,"[2.434, 2.17, 2.47, 2.202, 2.67, 2.26]",44,2.3683,0.0,88,1838,2.32,3,4,0.284,106,6,8,d,Thigh injury - 75% chance of playing,2023-09-01,False,,,4,18,0.277,
473,Aina,Ola Aina,NFO,18,DEF,2,4.5,2.355,14.13,"[2.536, 1.834, 2.474, 2.031, 2.929, 2.323]",49,3.14,4.6,67,1587,1.76,0,2,0.071,130,6,5,a,,2023-07-22,False,,,,18,0.277,
333,Bornauw,Sebastiaan Bornauw,LEE,13,DEF,2,4.5,2.348,14.09,"[2.325, 2.519, 2.232, 2.458, 2.809, 1.75]",56,3.1311,0.0,25,429,0.66,0,0,0.044,49,2,0,a,,2025-07-01,False,,,,19,0.219,
92,Ji-soo,Kim Ji-soo,BRE,4,DEF,2,4.5,2.343,14.06,"[2.528, 2.269, 2.796, 2.084, 2.371, 2.008]",54,3.1244,0.0,0,0,0.0,0,0,0,0,0,0,a,,2023-07-20,False,,,,19,0.25,
115,De Cuyper,Maxim De Cuyper,BHA,5,DEF,2,4.5,2.342,14.05,"[2.385, 2.092, 2.609, 2.732, 1.865, 2.364]",38,3.1222,1.4,84,1404,2.21,2,3,0.368,64,5,9,a,,2025-07-05,False,,,3,18,0.273,
93,Schuster,Jannik Schuster,BRE,4,DEF,2,4.5,2.338,14.03,"[2.521, 2.265, 2.79, 2.079, 2.366, 2.004]",54,3.1178,0.1,0,0,0.0,0,0,0,0,0,0,a,,2026-06-15,True,,,,19,0.25,
554,Van Oevelen,Kayne van Oevelen,IPS,12,GKP,1,4.5,2.32,13.92,"[2.839, 1.81, 1.973, 2.304, 2.42, 2.574]",68,3.0933,0.1,0,0,0.0,0,0,0,0,0,0,a,,2026-07-21,True,,,,18,0.178,
564,Scherpen,Kjell Scherpen,IPS,12,GKP,1,4.5,2.32,13.92,"[2.839, 1.81, 1.973, 2.304, 2.42, 2.574]",68,3.0933,0.3,0,0,0.0,0,0,0,0,0,0,a,,2026-07-28,True,,,,18,0.178,
113,F.Kadıoğlu,Ferdi Kadıoğlu,BHA,5,DEF,2,4.5,2.318,13.91,"[2.331, 2.055, 2.558, 2.681, 1.895, 2.386]",47,3.0911,2.9,118,3130,3.11,1,2,0.154,170,10,7,a,,2024-08-27,False,,7,,18,0.273,
195,Simms,Ellis Simms,COV,7,FWD,4,5.0,2.315,13.89,"[1.921, 2.761, 2.071, 2.418, 2.257, 2.461]",46,2.778,0.6,0,0,0.0,0,0,0,0,0,0,a,,2023-07-07,False,,,,19,0.156,
206,Chadi Riad,Chadi Riad Dnanou,CRY,8,DEF,2,4.5,2.307,13.84,"[2.306, 1.912, 2.187, 2.85, 2.186, 2.402]",51,3.0756,0.1,20,550,0.53,0,1,0.075,45,1,0,a,,,False,,,,18,0.274,
307,Johnson,Ben Johnson,IPS,12,DEF,2,4.0,2.307,13.84,"[2.774, 1.839, 2.032, 2.279, 2.359, 2.56]",64,3.46,0.1,0,0,0.0,0,0,0,0,0,0,a,,2024-07-01,False,,,,18,0.178,
89,Henry,Rico Henry,BRE,4,DEF,2,4.5,2.288,13.73,"[2.471, 2.218, 2.701, 2.045, 2.318, 1.976]",53,3.0511,0.2,52,1322,1.37,0,2,0.049,68,4,0,a,,2016-08-31,False,,,,19,0.25,
274,Butland,Jack Butland,HUL,11,GKP,1,4.5,2.285,13.71,"[2.168, 2.708, 2.256, 1.942, 1.865, 2.776]",68,3.0467,1.0,0,0,0.0,0,0,0,0,0,0,a,,2026-07-02,True,,,,19,0.173,
572,Tzolakis,Konstantinos Tzolakis,HUL,11,GKP,1,4.5,2.285,13.71,"[2.168, 2.708, 2.256, 1.942, 1.865, 2.776]",68,3.0467,0.0,0,0,0.0,0,0,0,0,0,0,a,,2026-08-05,True,,,,19,0.173,
419,Martinez,Lisandro Martínez,MUN,16,DEF,2,5.0,2.282,13.69,"[2.477, 2.706, 2.215, 1.859, 2.109, 2.322]",44,2.738,0.6,51,1229,1.34,0,0,0.055,105,5,3,d,Thigh injury - 75% chance of playing,2022-07-17,False,,,,17,0.301,
536,Reinildo,Reinildo Mandava,SUN,20,DEF,2,4.5,2.267,13.6,"[2.659, 2.6, 2.105, 2.038, 1.756, 2.438]",53,3.0222,0.5,74,1966,1.95,0,2,0.034,164,6,6,a,,2025-07-08,False,,,,18,0.265,
282,Giles,Ryan Giles,HUL,11,DEF,2,4.0,2.248,13.49,"[2.147, 2.702, 2.231, 1.886, 1.822, 2.707]",70,3.3725,0.6,0,0,0.0,0,0,0,0,0,0,a,,2024-06-27,False,,4,1,19,0.173,
377,Munoz,Victor Munoz,LIV,14,MID,3,6.5,2.242,13.45,"[2.153, 2.31, 2.431, 2.329, 2.15, 2.077]",41,2.0692,0.8,0,0,0.0,0,0,0,0,0,0,a,,2026-06-18,True,,,,17,0.266,
90,Hickey,Aaron Hickey,BRE,4,DEF,2,4.5,2.238,13.43,"[2.411, 2.169, 2.653, 1.998, 2.265, 1.929]",50,2.9844,0.1,37,679,0.97,0,0,0.081,51,2,0,a,,2022-07-09,False,,,,19,0.25,
566,Silva,António João Pereira de Albuquerque Tavares da Silva,BOU,3,DEF,2,5.0,2.23,13.38,"[1.713, 2.82, 2.067, 2.463, 2.196, 2.122]",54,2.676,0.1,0,0,0.0,0,0,0,0,0,0,a,,2026-08-01,True,,,,22,0.225,
210,Wharton,Adam Wharton,CRY,8,MID,3,5.5,2.218,13.31,"[2.149, 2.083, 2.154, 2.491, 2.182, 2.256]",40,2.42,0.2,112,2552,2.95,1,6,0.317,303,8,8,d,Ankle injury - 75% chance of playing,2024-02-01,False,,5,,18,0.274,
259,Diop,Issa Diop,IPS,12,DEF,2,4.0,2.218,13.31,"[2.681, 1.76, 1.931, 2.197, 2.286, 2.459]",63,3.3275,19.6,31,812,0.82,1,0,0.094,61,1,3,a,,2026-07-22,True,,,,18,0.178,£4.0m Ipswich defender under O'Neil's organised setup
137,Tzimas,Stefanos Tzimas,BHA,5,FWD,4,5.5,2.213,13.28,"[2.291, 2.162, 2.358, 2.401, 1.945, 2.118]",45,2.4145,0.0,16,132,0.42,1,1,0.375,15,0,0,d,Knee injury - 75% chance of playing,2025-02-03,False,,,,18,0.273,
362,Jacquet,Jeremy Jacquet,LIV,14,DEF,2,5.0,2.19,13.14,"[1.911, 2.376, 2.53, 2.449, 1.993, 1.88]",46,2.628,1.9,0,0,0.0,0,0,0,0,0,0,a,,2026-07-01,True,,,,17,0.266,
556,Targett,Matt Targett,HUL,11,DEF,2,4.0,2.165,12.99,"[2.063, 2.602, 2.145, 1.813, 1.749, 2.614]",68,3.2475,2.6,0,0,0.0,0,0,0,0,0,0,a,,2026-07-23,True,,,,19,0.173,
450,Livramento,Tino Livramento,NEW,17,DEF,2,5.0,2.162,12.97,"[1.887, 1.949, 2.12, 2.005, 2.635, 2.376]",46,2.594,0.1,59,1326,1.55,0,1,0.069,68,6,3,d,Calf injury - 75% chance of playing,2023-08-08,False,,,,17,0.274,
27,G.Jesus,Gabriel Fernando de Jesus,ARS,1,FWD,4,6.0,2.135,12.81,"[2.608, 1.942, 2.17, 1.889, 1.942, 2.259]",24,2.135,0.4,24,418,0.63,3,0,0.639,30,1,0,a,,2022-07-04,False,,,,18,0.477,
110,Rushworth,Carl Rushworth,COV,7,GKP,1,4.5,2.135,12.81,"[1.541, 3.051, 1.515, 2.361, 2.128, 2.215]",68,2.8467,0.8,0,0,0.0,0,0,0,0,0,0,a,,2026-08-04,True,,,,19,0.156,
172,Wilson,Ben Wilson,COV,7,GKP,1,4.5,2.135,12.81,"[1.541, 3.051, 1.515, 2.361, 2.128, 2.215]",68,2.8467,0.6,0,0,0.0,0,0,0,0,0,0,a,,2019-07-01,False,,,,19,0.156,
5,J.Timber,Jurriën Timber,ARS,1,DEF,2,6.5,2.123,12.74,"[2.527, 1.888, 2.114, 2.054, 1.924, 2.232]",26,1.96,0.5,149,2452,3.92,3,6,0.229,148,13,9,i,Groin injury - Expected back 21 Aug,2023-07-14,False,,,,18,0.477,
62,Diakité,Bafodé Diakité,BOU,3,DEF,2,5.0,2.123,12.74,"[1.689, 2.652, 1.977, 2.311, 2.078, 2.032]",51,2.548,0.2,46,1275,1.21,0,0,0.015,117,4,2,a,,2025-08-13,False,,,,22,0.225,
303,Kipré,Cédric Kipré,IPS,12,DEF,2,4.0,2.122,12.73,"[2.626, 1.621, 1.805, 2.098, 2.198, 2.381]",63,3.1825,0.4,0,0,0.0,0,0,0,0,0,0,a,,2026-07-01,True,,,,18,0.178,
207,Mingueza,Oscar Mingueza,CRY,8,DEF,2,4.5,2.117,12.7,"[2.134, 1.733, 2.006, 2.625, 1.998, 2.207]",46,2.8222,0.1,0,0,0.0,0,0,0,0,0,0,a,,2026-07-09,True,,,,18,0.274,
308,Furlong,Darnell Furlong,IPS,12,DEF,2,4.0,2.117,12.7,"[2.62, 1.616, 1.8, 2.093, 2.193, 2.376]",63,3.175,0.3,0,0,0.0,0,0,0,0,0,0,a,,2025-08-28,False,,,,18,0.178,
205,Sosa,Borna Sosa,CRY,8,DEF,2,4.5,2.115,12.69,"[2.131, 1.732, 2.005, 2.621, 1.995, 2.205]",46,2.82,0.0,6,99,0.16,0,0,0.1,9,0,0,a,,2025-07-11,False,,,,18,0.274,
220,Cardines,Rio Cardines,CRY,8,DEF,2,4.5,2.113,12.68,"[2.13, 1.729, 2.002, 2.619, 1.994, 2.203]",46,2.8178,0.0,2,90,0.05,0,0,0.18,7,0,0,a,,2025-07-24,False,,,,18,0.274,
281,Drameh,Cody Drameh,HUL,11,DEF,2,4.0,2.103,12.62,"[1.995, 2.536, 2.08, 1.753, 1.684, 2.569]",63,3.155,0.1,0,0,0.0,0,0,0,0,0,0,a,,2024-07-23,False,,,,19,0.173,
284,McCarthy,Cathal McCarthy,HUL,11,DEF,2,4.0,2.103,12.62,"[1.995, 2.536, 2.08, 1.753, 1.684, 2.569]",63,3.155,0.1,0,0,0.0,0,0,0,0,0,0,a,,,False,,,,19,0.173,
80,Enes Ünal,Enes Ünal,BOU,3,FWD,4,5.5,2.102,12.61,"[1.774, 2.178, 2.075, 2.314, 2.225, 2.04]",25,2.2927,0.2,27,214,0.71,1,0,0.871,23,0,1,a,,2024-07-01,False,,,5,22,0.225,
279,Ajayi,Semi Ajayi,HUL,11,DEF,2,4.0,2.093,12.56,"[1.986, 2.526, 2.07, 1.745, 1.676, 2.56]",63,3.14,0.6,0,0,0.0,0,0,0,0,0,0,a,,2025-07-01,False,,,,19,0.173,
280,Coyle,Lewie Coyle,HUL,11,DEF,2,4.0,2.088,12.53,"[1.981, 2.52, 2.066, 1.74, 1.671, 2.554]",63,3.1325,0.4,0,0,0.0,0,0,0,0,0,0,a,,2020-08-07,False,,,,19,0.173,
285,McNair,Paddy McNair,HUL,11,DEF,2,4.0,2.088,12.53,"[1.981, 2.52, 2.066, 1.74, 1.671, 2.554]",63,3.1325,0.1,0,0,0.0,0,0,0,0,0,0,a,,2026-01-28,False,,,,19,0.173,
277,Egan,John Egan,HUL,11,DEF,2,4.0,2.085,12.51,"[1.982, 2.513, 2.064, 1.739, 1.675, 2.535]",60,3.1275,0.9,0,0,0.0,0,0,0,0,0,0,a,,2025-02-03,False,,,,19,0.173,
136,Welbeck,Danny Welbeck,CHE,6,FWD,4,6.0,2.068,12.41,"[1.98, 2.138, 1.627, 2.489, 2.019, 2.157]",32,2.0683,2.7,126,2249,3.32,13,1,0.551,112,10,18,a,,2026-08-01,True,,,,18,0.26,Surprise Chelsea signing at 35; squad role behind Joao Pedro
553,Isidor,Wilson Isidor,SUN,20,FWD,4,5.5,2.065,12.39,"[2.278, 2.173, 2.069, 1.827, 1.875, 2.166]",42,2.2527,1.2,74,1148,1.95,6,1,0.398,51,4,7,a,,2025-02-01,False,,,,18,0.265,
404,Reijnders,Tijjani Reijnders,MCI,15,MID,3,6.0,2.06,12.36,"[2.107, 1.943, 2.49, 1.881, 2.069, 1.865]",24,2.06,0.4,92,1623,2.42,5,3,0.386,100,7,6,a,,2025-06-10,False,,6,4,18,0.371,
537,Seelt,Jenson Seelt,SUN,20,DEF,2,4.5,2.047,12.28,"[2.432, 2.366, 1.899, 1.813, 1.557, 2.215]",46,2.7289,0.0,2,133,0.05,0,0,0.007,12,0,0,a,,2023-07-01,False,,,,18,0.265,
245,Dibling,Tyler Dibling,EVE,9,MID,3,5.5,2.043,12.26,"[2.053, 1.899, 1.985, 1.963, 2.248, 2.108]",44,2.2291,0.1,18,349,0.47,0,0,0.088,40,2,0,a,,2025-08-25,False,,,,17,0.314,
541,Meunier,Thomas Meunier,SUN,20,DEF,2,4.5,2.042,12.25,"[2.424, 2.36, 1.894, 1.809, 1.553, 2.209]",46,2.7222,0.5,0,0,0.0,0,0,0,0,0,0,a,,2026-07-15,True,,,,18,0.265,
565,Sangaré,Mamadou Sangaré,BRE,4,MID,3,5.5,2.038,12.23,"[2.165, 2.004, 2.1, 1.955, 2.071, 1.937]",41,2.2236,1.0,0,0,0.0,0,0,0,0,0,0,a,,2026-08-01,True,,,,19,0.25,
317,Hirst,George Hirst,IPS,12,FWD,4,5.0,2.037,12.22,"[2.071, 1.979, 2.099, 2.001, 1.952, 2.115]",43,2.444,0.5,0,0,0.0,0,0,0,0,0,0,a,,2023-07-13,False,1,,,18,0.178,
422,Mazraoui,Noussair Mazraoui,MUN,16,DEF,2,4.5,2.02,12.12,"[2.184, 2.371, 1.973, 1.668, 1.878, 2.049]",37,2.6933,0.7,53,977,1.39,0,0,0.05,94,5,6,a,,2024-08-13,False,,,,17,0.301,
238,Grealish,Jack Grealish,MCI,15,MID,3,6.5,2.012,12.07,"[2.053, 1.91, 2.39, 1.853, 2.024, 1.837]",26,1.8569,0.2,79,1627,2.08,2,6,0.3,135,7,12,d,Foot injury - 75% chance of playing,2021-08-05,False,,,,18,0.371,
247,Hackney,Hayden Hackney,EVE,9,MID,3,5.5,2.007,12.04,"[2.019, 1.872, 1.95, 1.929, 2.196, 2.069]",41,2.1891,0.3,0,0,0.0,0,0,0,0,0,0,a,,2026-07-02,True,,,,17,0.314,
415,Dorgu,Patrick Dorgu,MUN,16,MID,3,6.0,1.993,11.96,"[2.098, 2.275, 1.848, 1.787, 1.863, 2.09]",34,1.9933,1.8,95,1440,2.5,4,4,0.264,98,4,11,a,,2025-02-02,False,,,,17,0.301,
180,Woolfenden,Luke Woolfenden,COV,7,DEF,2,4.0,1.98,11.88,"[1.433, 2.806, 1.426, 2.182, 1.967, 2.063]",63,2.97,0.3,0,0,0.0,0,0,0,0,0,0,a,,2025-09-01,False,,,,19,0.156,
149,Colwill,Levi Samuels Colwill,CHE,6,DEF,2,5.0,1.973,11.84,"[1.942, 2.064, 1.44, 2.546, 1.79, 2.06]",41,2.368,1.8,8,225,0.21,0,0,0.048,25,0,0,a,,2022-07-01,False,,,,18,0.26,
74,Brooks,David Brooks,BOU,3,MID,3,5.0,1.967,11.8,"[1.644, 2.074, 1.932, 2.17, 2.074, 1.904]",23,2.36,0.2,59,1188,1.55,1,3,0.698,94,5,4,a,,2018-07-01,False,,9,3,22,0.225,
423,Shaw,Luke Shaw,MUN,16,DEF,2,4.5,1.962,11.77,"[2.137, 2.34, 1.905, 1.582, 1.807, 1.995]",39,2.6156,24.7,113,3220,2.97,1,1,0.075,224,10,3,a,,2014-07-01,False,,,,17,0.301,
214,Kamada,Daichi Kamada,CRY,8,MID,3,5.0,1.96,11.76,"[1.898, 1.835, 1.901, 2.207, 1.925, 1.993]",40,2.352,0.3,67,1899,1.76,0,2,0.231,208,6,0,a,,2024-07-01,False,,8,,18,0.274,
458,Joelinton,Joelinton Cássio Apolinário de Lira,NEW,17,MID,3,5.5,1.958,11.75,"[1.883, 1.878, 1.929, 1.851, 2.183, 2.024]",31,2.1364,0.0,73,1950,1.92,2,1,0.171,238,5,2,d,Thigh injury - 75% chance of playing,2019-07-24,False,,,,17,0.274,
43,Tielemans,Youri Tielemans,MUN,16,MID,3,6.0,1.957,11.74,"[2.043, 2.189, 1.839, 1.784, 1.85, 2.034]",31,1.9567,0.8,68,1857,1.79,0,4,0.213,203,4,3,d,Hamstring injury - 75% chance of playing,2026-07-14,True,3,,,17,0.301,
173,Thomas,Bobby Thomas,COV,7,DEF,2,4.0,1.945,11.67,"[1.305, 2.904, 1.308, 2.181, 1.927, 2.049]",63,2.9175,8.9,0,0,0.0,0,0,0,0,0,0,a,,2023-07-22,False,,,,19,0.156,
177,Kesler-Hayden,Kaine Kesler-Hayden,COV,7,DEF,2,4.0,1.945,11.67,"[1.305, 2.904, 1.308, 2.181, 1.927, 2.049]",63,2.9175,0.1,0,0,0.0,0,0,0,0,0,0,a,,2025-07-01,False,,,,19,0.156,
181,Brau,Miguel Brau,COV,7,DEF,2,4.0,1.945,11.67,"[1.305, 2.904, 1.308, 2.181, 1.927, 2.049]",63,2.9175,0.1,0,0,0.0,0,0,0,0,0,0,a,,2025-07-01,False,,,,19,0.156,
174,Kitching,Liam Kitching,COV,7,DEF,2,4.0,1.943,11.66,"[1.304, 2.901, 1.306, 2.179, 1.926, 2.048]",63,2.915,0.4,0,0,0.0,0,0,0,0,0,0,a,,2023-09-01,False,,,,19,0.156,
182,Amenda,Aurèle Amenda,COV,7,DEF,2,4.0,1.943,11.66,"[1.304, 2.901, 1.306, 2.179, 1.926, 2.048]",63,2.915,0.5,0,0,0.0,0,0,0,0,0,0,a,,2026-07-16,True,,,,19,0.156,
176,Dasilva,Jay Dasilva,COV,7,DEF,2,4.0,1.942,11.65,"[1.303, 2.899, 1.305, 2.178, 1.925, 2.045]",63,2.9125,0.5,0,0,0.0,0,0,0,0,0,0,a,,2023-07-01,False,,,,19,0.156,
179,Latibeaudiere,Joel Latibeaudiere,COV,7,DEF,2,4.0,1.94,11.64,"[1.303, 2.896, 1.304, 2.175, 1.923, 2.044]",63,2.91,0.1,0,0,0.0,0,0,0,0,0,0,a,,2023-07-18,False,,,,19,0.156,
178,Bidwell,Jake Bidwell,COV,7,DEF,2,4.0,1.937,11.62,"[1.3, 2.892, 1.302, 2.172, 1.92, 2.039]",63,2.905,0.1,0,0,0.0,0,0,0,0,0,0,a,,2022-01-17,False,,,,19,0.156,
215,Devenny,Justin Devenny,CRY,8,MID,3,5.0,1.933,11.6,"[1.835, 1.776, 1.851, 2.269, 1.892, 1.977]",33,2.32,0.0,36,785,0.95,1,0,0.318,72,1,0,a,,2024-03-13,False,3,,3,18,0.274,
175,van Ewijk,Milan van Ewijk,COV,7,DEF,2,4.0,1.925,11.55,"[1.293, 2.873, 1.293, 2.157, 1.908, 2.025]",63,2.8875,16.4,0,0,0.0,0,0,0,0,0,0,a,,2023-07-27,False,,,,19,0.156,Promoted-side defender; cheap DefCon punt
478,Netz,Luca Netz,NFO,18,DEF,2,4.5,1.908,11.45,"[2.051, 1.497, 2.011, 1.647, 2.373, 1.869]",40,2.5444,0.0,11,353,0.29,0,0,0.105,27,0,0,a,,2026-02-02,False,,,,18,0.277,
131,Baleba,Carlos Baleba,BHA,5,MID,3,5.0,1.907,11.44,"[1.932, 1.853, 1.988, 2.021, 1.761, 1.889]",36,2.288,0.6,56,1646,1.47,0,0,0.082,209,7,0,a,,2023-08-29,False,,,,18,0.273,
234,Patterson,Nathan Patterson,EVE,9,DEF,2,4.5,1.905,11.43,"[2.014, 1.642, 1.762, 1.715, 2.238, 2.058]",37,2.54,0.0,22,238,0.58,0,0,0.026,31,2,0,a,,2022-01-04,False,,,,17,0.314,
217,M.França,Matheus França de Oliveira,CRY,8,MID,3,5.0,1.895,11.37,"[1.799, 1.737, 1.814, 2.23, 1.854, 1.94]",36,2.274,0.0,0,0,0.0,0,0,0,0,0,0,a,,2023-08-05,False,,,,18,0.274,
71,Cook,Lewis Cook,BOU,3,MID,3,5.0,1.882,11.29,"[1.767, 1.961, 1.859, 1.945, 1.899, 1.856]",38,2.258,0.1,40,872,1.05,0,1,0.061,143,1,0,a,,2016-07-08,False,,8,,22,0.225,
104,Onyeka,Frank Onyeka,COV,7,MID,3,5.0,1.845,11.07,"[1.568, 2.189, 1.654, 1.919, 1.805, 1.931]",44,2.214,0.2,12,88,0.32,0,2,0.368,10,0,0,a,,2026-07-01,True,,,,19,0.156,
98,Janelt,Vitaly Janelt,BRE,4,MID,3,5.0,1.843,11.06,"[1.939, 1.817, 1.896, 1.778, 1.868, 1.765]",36,2.212,0.1,74,1434,1.95,1,4,0.194,183,5,6,a,,2020-10-03,False,,7,,19,0.25,
547,Mundle,Romaine Mundle,SUN,20,MID,3,5.0,1.828,10.97,"[2.034, 1.947, 1.814, 1.623, 1.633, 1.923]",35,2.194,0.0,14,399,0.37,0,0,0.305,33,0,0,a,,2024-02-01,False,,,,18,0.265,
474,Jair Cunha,Jair Paula da Cunha Filho,NFO,18,DEF,2,4.5,1.823,10.94,"[1.958, 1.433, 1.918, 1.576, 2.261, 1.789]",35,2.4311,0.4,13,514,0.34,0,0,0.058,47,0,0,a,,2025-07-11,False,,,,18,0.277,
571,Florentino,Florentino Ibrain Morris Luís,IPS,12,MID,3,5.0,1.815,10.89,"[1.871, 1.76, 1.799, 1.803, 1.803, 1.854]",40,2.178,0.0,84,2100,2.21,0,2,0.05,313,2,0,a,,2026-08-04,True,,,,18,0.178,
373,C.Jones,Curtis Jones,LIV,14,MID,3,5.5,1.813,10.88,"[1.745, 1.867, 1.974, 1.88, 1.737, 1.672]",24,1.9782,0.1,81,1923,2.13,1,3,0.233,237,3,6,a,,2018-04-06,False,,,,17,0.266,
492,Awoniyi,Taiwo Awoniyi,NFO,18,FWD,4,5.5,1.798,10.79,"[1.853, 1.625, 1.919, 1.635, 2.097, 1.656]",23,1.9618,0.4,43,480,1.13,4,2,0.834,26,1,4,a,,2022-06-25,False,,,,18,0.277,
73,Adams,Tyler Adams,BOU,3,MID,3,5.0,1.79,10.74,"[1.683, 1.869, 1.767, 1.849, 1.806, 1.767]",38,2.148,0.7,77,1769,2.03,2,2,0.064,232,7,3,a,,2023-08-20,False,,,,22,0.225,
406,Kovačić,Mateo Kovačić,MCI,15,MID,3,5.5,1.787,10.72,"[1.814, 1.723, 2.049, 1.671, 1.812, 1.656]",29,1.9491,0.0,9,125,0.24,0,1,0.396,18,0,0,a,,2023-06-27,False,,,,18,0.371,
17,Merino,Mikel Merino Zazón,ARS,1,MID,3,6.0,1.783,10.7,"[2.136, 1.633, 1.805, 1.617, 1.636, 1.875]",15,1.7833,1.2,67,1024,1.76,4,3,0.423,113,4,5,a,,2024-08-27,False,,,,18,0.477,
546,Adingra,Simon Adingra,SUN,20,MID,3,5.0,1.777,10.66,"[1.963, 1.886, 1.761, 1.592, 1.597, 1.862]",33,2.132,0.3,34,649,0.89,1,1,0.135,45,4,3,a,,2025-07-10,False,,,,18,0.265,
167,Delap,Liam Delap,CHE,6,FWD,4,5.5,1.77,10.62,"[1.699, 1.826, 1.413, 2.111, 1.73, 1.842]",30,1.9309,0.5,45,1092,1.18,1,2,0.393,42,2,1,a,,2025-06-04,False,4,,,18,0.26,
114,Boscagli,Olivier Boscagli,BHA,5,DEF,2,4.5,1.767,10.6,"[1.759, 1.575, 1.919, 2.004, 1.503, 1.844]",36,2.3556,0.1,39,799,1.03,0,1,0.059,78,3,4,a,,2025-07-02,False,,,,18,0.273,
187,Eccles,Josh Eccles,COV,7,MID,3,5.0,1.747,10.48,"[1.567, 1.983, 1.616, 1.797, 1.722, 1.797]",41,2.096,0.0,0,0,0.0,0,0,0,0,0,0,a,,2018-07-01,False,,,,19,0.156,
185,Sakamoto,Tatsuhiro Sakamoto,COV,7,MID,3,5.0,1.742,10.45,"[1.564, 1.975, 1.611, 1.79, 1.716, 1.79]",41,2.09,0.1,0,0,0.0,0,0,0,0,0,0,a,,2023-07-10,False,,,,19,0.156,
56,Abraham,Tammy Abraham,AVL,2,FWD,4,5.5,1.733,10.4,"[1.638, 1.381, 1.942, 1.804, 1.771, 1.863]",18,1.8909,0.0,23,278,0.61,2,0,0.78,13,0,2,i,Shoulder injury - Expected back 23 Aug,2026-01-27,False,,,,18,0.262,
184,Grimes,Matt Grimes,COV,7,MID,3,5.0,1.732,10.39,"[1.56, 1.961, 1.605, 1.781, 1.707, 1.781]",41,2.078,0.2,0,0,0.0,0,0,0,0,0,0,a,,2025-01-31,False,3,4,,19,0.156,
322,Al-Hamadi,Ali Al-Hamadi,IPS,12,FWD,4,5.0,1.715,10.29,"[1.738, 1.677, 1.757, 1.692, 1.659, 1.768]",38,2.058,0.2,0,0,0.0,0,0,0,0,0,0,a,,2024-01-29,False,,,,18,0.178,
127,Gomez,Diego Gómez Amarilla,BHA,5,MID,3,5.0,1.712,10.27,"[1.773, 1.648, 1.848, 1.893, 1.464, 1.645]",22,2.054,1.8,97,2117,2.55,5,1,0.338,238,8,9,a,,2025-01-01,False,,,4,18,0.273,
314,Ogbene,Chiedozie Ogbene,IPS,12,MID,3,5.0,1.703,10.22,"[1.764, 1.63, 1.723, 1.676, 1.65, 1.773]",33,2.044,0.0,0,0,0.0,0,0,0,0,0,0,a,,2024-08-28,False,,,,18,0.178,
319,Szmodics,Sam Szmodics,IPS,12,MID,3,5.0,1.698,10.19,"[1.761, 1.623, 1.719, 1.67, 1.642, 1.772]",29,2.038,0.1,0,0,0.0,0,0,0,0,0,0,a,,2024-08-16,False,,,,18,0.178,
196,Markelo,Jahnoah Markelo,COV,7,FWD,4,5.0,1.69,10.14,"[1.493, 1.913, 1.568, 1.742, 1.66, 1.763]",38,2.028,0.1,0,0,0.0,0,0,0,0,0,0,a,,2026-01-27,False,,,,19,0.156,
194,Thomas-Asante,Brandon Thomas-Asante,COV,7,FWD,4,5.0,1.687,10.12,"[1.491, 1.907, 1.565, 1.737, 1.657, 1.758]",38,2.024,0.9,0,0,0.0,0,0,0,0,0,0,a,,2024-08-01,False,4,,,19,0.156,
320,Akpom,Chuba Akpom,IPS,12,FWD,4,5.0,1.678,10.07,"[1.699, 1.643, 1.716, 1.656, 1.626, 1.726]",38,2.014,0.5,0,0,0.0,0,0,0,0,0,0,a,,2026-07-01,True,,,,18,0.178,
519,Gallagher,Conor Gallagher,TOT,19,MID,3,5.5,1.677,10.06,"[1.64, 1.734, 1.63, 1.735, 1.717, 1.608]",31,1.8291,0.2,44,1183,1.16,1,1,0.147,124,2,3,a,,2026-01-14,False,,,,18,0.205,
77,Adli,Amine Adli,BOU,3,MID,3,5.0,1.67,10.02,"[1.465, 1.751, 1.645, 1.797, 1.733, 1.629]",23,2.004,0.2,67,1074,1.76,3,2,0.354,123,3,4,a,,2025-08-21,False,,,,22,0.225,
298,Destan,Enis Destan,HUL,11,FWD,4,4.5,1.668,10.01,"[1.681, 1.742, 1.684, 1.615, 1.628, 1.663]",38,2.2244,2.6,0,0,0.0,0,0,0,0,0,0,a,,2025-08-01,False,,,,19,0.173,
118,Igor,Igor Julio dos Santos de Paulo,BHA,5,DEF,2,4.5,1.663,9.98,"[1.651, 1.467, 1.812, 1.896, 1.405, 1.747]",39,2.2178,0.1,6,103,0.16,0,0,0.0,13,0,0,a,,2023-07-26,False,,,,18,0.273,
283,Jacob,Matty Jacob,HUL,11,DEF,2,4.0,1.648,9.89,"[1.569, 1.976, 1.632, 1.385, 1.334, 1.998]",47,2.4725,0.1,0,0,0.0,0,0,0,0,0,0,d,Hip injury - 75% chance of playing,2019-07-01,False,,,,19,0.173,
117,Coppola,Diego Coppola,BHA,5,DEF,2,4.5,1.647,9.88,"[1.639, 1.449, 1.803, 1.89, 1.373, 1.722]",34,2.1956,0.0,10,193,0.26,0,0,0.005,18,1,0,a,,,False,,,,18,0.273,
224,Nketiah,Eddie Nketiah,CRY,8,FWD,4,5.5,1.647,9.88,"[1.518, 1.498, 1.559, 1.998, 1.611, 1.691]",24,1.7964,0.5,23,414,0.61,2,0,0.485,38,0,3,a,,2024-08-30,False,,,,18,0.274,
119,Costinha,João Pedro Loureiro da Costa,BHA,5,DEF,2,4.5,1.64,9.84,"[1.633, 1.443, 1.796, 1.883, 1.37, 1.718]",34,2.1867,0.0,0,0,0.0,0,0,0,0,0,0,a,,2026-06-15,True,,,,18,0.273,
239,Garner,James Garner,EVE,9,MID,3,6.0,1.615,9.69,"[1.621, 1.524, 1.578, 1.564, 1.746, 1.657]",27,1.615,0.7,159,3413,4.18,2,7,0.218,458,11,13,i,Groin injury - Expected back 22 Aug,2022-09-01,False,3,4,1,17,0.314,
551,Angulo,Nilson Angulo,SUN,20,MID,3,5.0,1.603,9.62,"[1.76, 1.697, 1.587, 1.448, 1.448, 1.675]",29,1.924,0.1,13,401,0.34,0,0,0.2,35,1,0,a,,2026-02-02,False,,,,18,0.265,
348,Piroe,Joël Piroe,LEE,13,FWD,4,5.0,1.6,9.6,"[1.563, 1.737, 1.564, 1.728, 1.715, 1.292]",25,1.92,0.5,17,244,0.45,0,0,0.38,14,1,0,a,,2023-08-24,False,3,,,19,0.219,
339,Longstaff,Sean Longstaff,LEE,13,MID,3,5.0,1.597,9.58,"[1.57, 1.694, 1.564, 1.684, 1.706, 1.358]",29,1.916,0.2,56,1003,1.47,2,2,0.278,110,1,5,a,,2025-07-18,False,,5,2,19,0.219,
487,Dominguez,Nicolás Domínguez,NFO,18,MID,3,5.0,1.562,9.37,"[1.598, 1.454, 1.614, 1.474, 1.723, 1.509]",26,1.874,0.1,48,1168,1.26,1,1,0.173,143,3,3,a,,2023-09-01,False,,,,18,0.277,
516,Bentancur,Rodrigo Bentancur,TOT,19,MID,3,5.5,1.54,9.24,"[1.512, 1.575, 1.51, 1.59, 1.566, 1.49]",27,1.68,0.1,86,1880,2.26,1,1,0.075,278,8,4,a,,2022-01-31,False,,,,18,0.205,
505,Spence,Djed Spence,TOT,19,DEF,2,4.5,1.538,9.23,"[1.408, 1.583, 1.486, 1.824, 1.59, 1.337]",35,2.0511,9.3,78,2049,2.05,0,0,0.117,116,9,3,a,,2022-07-19,False,,,,18,0.205,
345,Tanaka,Tanaka Ao,LEE,13,MID,3,5.0,1.53,9.18,"[1.508, 1.612, 1.502, 1.604, 1.626, 1.328]",27,1.836,0.3,67,1307,1.76,2,1,0.195,147,3,4,a,,2024-08-30,False,,6,,19,0.219,
383,Elliott,Harvey Elliott,LIV,14,MID,3,5.5,1.505,9.03,"[1.438, 1.562, 1.683, 1.574, 1.425, 1.352]",14,1.6418,0.1,5,110,0.13,0,0,0.303,6,0,0,a,,2019-07-28,False,,,,17,0.266,
102,Yarmoliuk,Yehor Yarmoliuk,BRE,4,MID,3,5.0,1.493,8.96,"[1.556, 1.474, 1.53, 1.448, 1.509, 1.438]",27,1.792,1.5,104,2652,2.74,1,3,0.089,338,8,1,a,,2022-10-28,False,,,,19,0.25,
253,Andersen,Joachim Andersen,FUL,10,DEF,2,5.0,1.492,8.95,"[1.493, 1.523, 1.611, 1.249, 1.451, 1.625]",23,1.79,0.1,123,2882,3.24,0,1,0.102,329,8,8,s,Suspended until 30 Aug,2024-08-23,False,,,,20,0.273,
455,Tonali,Sandro Tonali,TOT,19,MID,3,5.5,1.49,8.94,"[1.459, 1.539, 1.45, 1.537, 1.524, 1.432]",25,1.6255,4.0,81,2534,2.13,0,2,0.164,257,7,2,a,,2026-07-06,True,,10,4,18,0.205,Scored v Chelsea
218,Doucouré,Cheick Doucouré,CRY,8,MID,3,5.0,1.483,8.9,"[1.449, 1.399, 1.446, 1.641, 1.459, 1.506]",31,1.78,0.1,0,0,0.0,0,0,0,0,0,0,a,,2022-07-11,False,,,,18,0.274,
548,Rigg,Chris Rigg,SUN,20,MID,3,5.0,1.482,8.89,"[1.606, 1.558, 1.466, 1.364, 1.357, 1.538]",25,1.778,0.1,36,758,0.95,1,1,0.213,57,3,1,a,,2022-12-31,False,,,,18,0.265,
219,J.Rak-Sakyi,Jesurun Rak-Sakyi,CRY,8,MID,3,5.0,1.477,8.86,"[1.432, 1.382, 1.432, 1.663, 1.45, 1.502]",30,1.772,0.0,0,0,0.0,0,0,0,0,0,0,a,,2021-04-09,False,,,,18,0.274,
158,Gittens,Jamie Bynoe-Gittens,CHE,6,MID,3,6.0,1.472,8.83,"[1.416, 1.521, 1.161, 1.779, 1.425, 1.533]",22,1.4717,0.1,25,486,0.66,0,2,0.324,29,1,0,a,,2025-07-05,False,,,,18,0.26,3 goals + 2 assists across pre-season
216,Esse,Romain Esse,CRY,8,MID,3,5.0,1.465,8.79,"[1.422, 1.371, 1.422, 1.645, 1.438, 1.489]",30,1.758,0.1,4,40,0.11,0,0,0.09,5,0,0,a,,2025-01-18,False,,,,18,0.274,
270,Reed,Harrison Reed,FUL,10,MID,3,4.5,1.463,8.78,"[1.474, 1.428, 1.509, 1.37, 1.459, 1.539]",32,1.9511,1.1,15,89,0.39,1,0,0.587,6,0,2,a,,2020-08-30,False,,,,20,0.273,
421,Heaven,Ayden Heaven,MUN,16,DEF,2,4.5,1.45,8.7,"[1.564, 1.699, 1.409, 1.203, 1.347, 1.474]",24,1.9333,0.4,42,920,1.11,0,1,0.051,93,2,3,a,,2025-02-01,False,,,,17,0.301,
64,Smith,Adam Smith,BOU,3,DEF,2,4.5,1.442,8.65,"[1.128, 1.812, 1.34, 1.582, 1.416, 1.377]",34,1.9222,0.1,58,1073,1.53,0,2,0.019,70,6,4,a,,2014-01-28,False,,,,22,0.225,
311,Burns,Wes Burns,IPS,12,MID,3,5.0,1.442,8.65,"[1.492, 1.387, 1.441, 1.425, 1.416, 1.488]",29,1.73,0.1,0,0,0.0,0,0,0,0,0,0,a,,2021-06-09,False,,,,18,0.178,
340,Gelhardt,Joe Gelhardt,LEE,13,MID,3,5.0,1.44,8.64,"[1.408, 1.558, 1.404, 1.548, 1.561, 1.16]",22,1.728,0.0,0,0,0.0,0,0,0,0,0,0,a,,2021-02-07,False,,,,19,0.219,
456,J.Ramsey,Jacob Ramsey,NEW,17,MID,3,5.0,1.428,8.57,"[1.374, 1.369, 1.407, 1.346, 1.6, 1.478]",21,1.714,0.5,62,1441,1.63,2,3,0.166,149,1,3,a,,2025-08-17,False,,,,17,0.274,
370,Chiesa,Federico Chiesa,LIV,14,MID,3,5.5,1.423,8.54,"[1.356, 1.479, 1.603, 1.491, 1.341, 1.268]",13,1.5527,0.2,37,317,0.97,2,1,0.585,30,0,0,a,,2024-08-29,False,,,,17,0.266,
550,Jocelin.T,Djiamgone Jocelin Ta Bi,SUN,20,MID,3,5.0,1.413,8.48,"[1.526, 1.484, 1.398, 1.309, 1.299, 1.464]",30,1.696,0.0,1,38,0.03,0,0,0.095,3,0,0,a,,2026-01-16,False,,,,18,0.265,
183,Rudoni,Jack Rudoni,COV,7,MID,3,5.0,1.405,8.43,"[1.256, 1.598, 1.298, 1.446, 1.383, 1.448]",31,1.686,0.3,0,0,0.0,0,0,0,0,0,0,d,Shoulder injury - 75% chance of playing,2024-06-20,False,,5,1,19,0.156,
506,Udogie,Destiny Udogie,TOT,19,DEF,2,4.5,1.405,8.43,"[1.281, 1.445, 1.356, 1.675, 1.453, 1.216]",31,1.8733,0.4,29,1335,0.76,0,1,0.061,68,1,1,a,,2022-08-16,False,,,,18,0.205,
267,Lukić,Saša Lukić,FUL,10,MID,3,5.0,1.393,8.36,"[1.405, 1.352, 1.436, 1.305, 1.39, 1.468]",28,1.672,0.1,67,1730,1.76,1,4,0.215,183,6,4,a,,2023-01-31,False,,5,2,20,0.273,
128,Buonanotte,Facundo Buonanotte,BHA,5,MID,3,5.0,1.385,8.31,"[1.438, 1.332, 1.502, 1.539, 1.172, 1.326]",19,1.662,0.1,3,81,0.08,0,0,0.378,6,0,0,a,,2023-01-01,False,,,,18,0.273,
324,Mehmeti,Anis Mehmeti,IPS,12,MID,3,5.0,1.375,8.25,"[1.424, 1.323, 1.375, 1.36, 1.35, 1.42]",30,1.65,0.1,0,0,0.0,0,0,0,0,0,0,a,,2026-01-23,False,,,,18,0.178,
309,Núñez,Marcelino Núñez,IPS,12,MID,3,5.0,1.368,8.21,"[1.417, 1.316, 1.366, 1.353, 1.344, 1.412]",30,1.642,0.2,0,0,0.0,0,0,0,0,0,0,a,,2025-08-29,False,,7,1,18,0.178,
518,P.M.Sarr,Pape Matar Sarr,TOT,19,MID,3,5.0,1.367,8.2,"[1.338, 1.417, 1.327, 1.408, 1.401, 1.312]",21,1.64,0.4,71,1388,1.87,2,4,0.178,183,3,2,a,,2021-08-27,False,,,,18,0.205,
432,Mainoo,Kobbie Mainoo,MUN,16,MID,3,5.5,1.355,8.13,"[1.402, 1.479, 1.298, 1.258, 1.298, 1.392]",24,1.4782,1.3,73,1653,1.92,1,2,0.095,187,6,2,a,,2022-10-15,False,,,,17,0.301,
343,James,Daniel James,LEE,13,MID,3,5.0,1.33,7.98,"[1.304, 1.425, 1.3, 1.416, 1.43, 1.103]",22,1.596,0.1,23,547,0.61,0,0,0.267,35,1,0,a,,2021-08-31,False,,,,19,0.219,
502,Robertson,Andrew Robertson,TOT,19,DEF,2,4.5,1.33,7.98,"[1.231, 1.387, 1.275, 1.536, 1.384, 1.17]",24,1.7733,1.8,55,1165,1.45,1,0,0.193,55,4,4,a,,2026-07-01,True,,,,18,0.205,
493,Kalimuendo,Arnaud Kalimuendo,NFO,18,FWD,4,5.5,1.325,7.95,"[1.357, 1.226, 1.395, 1.233, 1.494, 1.245]",21,1.4455,0.1,9,89,0.24,0,0,0.465,6,0,0,a,,2025-08-18,False,,,,18,0.277,
3,Meslier,Illan Meslier,ARS,1,GKP,1,5.0,1.302,7.81,"[1.437, 1.197, 1.285, 1.326, 1.221, 1.34]",19,1.562,0.1,0,0,0.0,0,0,0,0,0,0,a,,2026-07-09,True,,,,18,0.477,
344,Gruev,Ilia Gruev,LEE,13,MID,3,5.0,1.293,7.76,"[1.279, 1.345, 1.273, 1.338, 1.363, 1.159]",27,1.552,0.0,56,1318,1.47,0,4,0.092,114,5,3,a,,2023-08-31,False,,,,19,0.219,
212,Hughes,Will Hughes,CRY,8,MID,3,4.5,1.277,7.66,"[1.245, 1.203, 1.244, 1.419, 1.256, 1.297]",26,1.7022,11.1,45,1560,1.18,0,1,0.176,148,5,0,a,,2021-08-28,False,,7,,18,0.274,
47,Kamara,Boubacar Kamara,AVL,2,MID,3,5.0,1.263,7.58,"[1.231, 1.175, 1.332, 1.291, 1.261, 1.289]",24,1.516,0.1,61,1410,1.61,1,3,0.087,149,5,7,a,,2022-06-11,False,,,,18,0.262,Scored on his return after 7 months out
488,Sangaré,Ibrahim Sangaré,NFO,18,MID,3,5.0,1.262,7.57,"[1.287, 1.184, 1.295, 1.199, 1.375, 1.227]",22,1.514,0.5,89,2073,2.34,2,2,0.129,267,8,2,a,,2023-09-01,False,,,,18,0.277,
2,Arrizabalaga,Kepa Arrizabalaga Revuelta,ARS,1,GKP,1,5.0,1.258,7.55,"[1.384, 1.161, 1.243, 1.282, 1.184, 1.294]",18,1.51,0.1,2,90,0.05,0,0,0.0,0,0,0,a,,2025-07-01,False,,,,18,0.477,
341,Gnonto,Wilfried Gnonto,LEE,13,MID,3,5.0,1.253,7.52,"[1.232, 1.334, 1.227, 1.327, 1.342, 1.06]",22,1.504,0.1,32,521,0.84,0,3,0.202,59,1,0,a,,2022-09-01,False,,,,19,0.219,
441,Obi,Chido Obi,MUN,16,FWD,4,4.5,1.25,7.5,"[1.306, 1.41, 1.152, 1.141, 1.174, 1.316]",21,1.6667,1.2,0,0,0.0,0,0,0,0,0,0,a,,2025-02-15,False,,,,17,0.301,
107,Furo,Kaye Furo,BRE,4,FWD,4,4.5,1.198,7.19,"[1.285, 1.177, 1.197, 1.156, 1.224, 1.148]",21,1.5978,0.9,1,1,0.03,0,0,0.0,0,0,0,a,,2026-01-11,False,,,,19,0.25,
522,Gray,Archie Gray,TOT,19,MID,3,5.0,1.195,7.17,"[1.173, 1.223, 1.172, 1.234, 1.215, 1.155]",23,1.434,0.2,61,1471,1.61,2,2,0.171,132,5,6,a,,2024-07-02,False,,,,18,0.205,
528,Scarlett,Dane Scarlett,TOT,19,FWD,4,4.5,1.175,7.05,"[1.159, 1.226, 1.138, 1.188, 1.208, 1.136]",21,1.5667,1.7,2,7,0.05,0,0,0.129,1,0,0,a,,2020-08-21,False,,,,18,0.205,
162,Andrey Santos,Andrey Nascimento dos Santos,MUN,16,MID,3,5.0,1.16,6.96,"[1.222, 1.332, 1.065, 1.036, 1.079, 1.223]",14,1.392,1.4,47,1247,1.24,1,0,0.208,129,1,3,a,,2026-07-13,True,,,,17,0.301,
460,Willock,Joe Willock,NEW,17,MID,3,5.0,1.158,6.95,"[1.111, 1.103, 1.137, 1.077, 1.322, 1.203]",13,1.39,0.1,38,972,1.0,0,2,0.216,89,3,0,a,,2021-08-13,False,,,,17,0.274,
153,Disasi,Axel Disasi,CHE,6,DEF,2,4.5,1.157,6.94,"[1.134, 1.206, 0.861, 1.47, 1.064, 1.206]",19,1.5422,0.1,49,1254,1.29,0,0,0.081,88,6,1,a,,2023-08-04,False,,,,18,0.26,
103,Dasilva,Josh Dasilva,BRE,4,MID,3,5.0,1.153,6.92,"[1.251, 1.129, 1.175, 1.097, 1.181, 1.087]",17,1.384,0.0,2,2,0.05,0,0,3.6,1,0,0,a,,2025-10-23,False,,,,19,0.25,
272,Kusi-Asare,Jonah Kusi-Asare,FUL,10,FWD,4,4.5,1.145,6.87,"[1.163, 1.083, 1.168, 1.093, 1.156, 1.209]",21,1.5267,8.1,6,49,0.16,0,0,0.129,5,0,0,a,,2026-06-27,True,,,,20,0.273,
22,Nwaneri,Ethan Nwaneri,ARS,1,MID,3,5.5,1.128,6.77,"[1.322, 1.043, 1.138, 1.041, 1.047, 1.179]",11,1.2309,0.0,8,165,0.21,0,0,0.169,13,1,0,a,,2022-09-17,False,,,,18,0.477,
430,Mount,Mason Mount,MUN,16,MID,3,5.5,1.112,6.67,"[1.181, 1.305, 1.004, 0.976, 1.022, 1.186]",10,1.2127,0.1,58,1010,1.53,3,0,0.283,102,5,3,a,,2023-07-05,False,,,3,17,0.301,
24,Nelson,Reiss Nelson,ARS,1,MID,3,5.5,1.1,6.6,"[1.329, 1.004, 1.115, 0.988, 1.006, 1.16]",7,1.2,0.0,13,118,0.34,0,1,0.625,23,0,0,a,,2017-07-12,False,,,,18,0.477,
508,Davies,Ben Davies,TOT,19,DEF,2,4.0,1.095,6.57,"[1.018, 1.131, 1.06, 1.26, 1.131, 0.974]",20,1.6425,0.8,10,136,0.26,1,0,0.371,14,0,1,a,,2014-07-23,False,,,,18,0.205,
23,Fábio Vieira,Fábio Ferreira Vieira,ARS,1,MID,3,5.5,1.092,6.55,"[1.334, 0.989, 1.107, 0.971, 0.991, 1.155]",6,1.1909,0.0,0,0,0.0,0,0,0,0,0,0,a,,2022-06-21,False,,,,18,0.477,
46,Barkley,Ross Barkley,AVL,2,MID,3,5.0,1.082,6.49,"[1.035, 0.921, 1.185, 1.119, 1.094, 1.138]",12,1.298,0.2,56,844,1.47,3,2,0.303,74,1,5,a,,2024-07-01,False,,,,18,0.262,
405,N.Gonzalez,Nico González Iglesias,MCI,15,MID,3,5.5,1.08,6.48,"[1.093, 1.047, 1.213, 1.019, 1.093, 1.011]",16,1.1782,0.1,63,1561,1.66,1,0,0.104,206,7,1,a,,2025-02-03,False,,,,18,0.371,
380,Ekitiké,Hugo Ekitiké,LIV,14,FWD,4,7.5,1.072,6.43,"[1.027, 1.111, 1.205, 1.118, 1.013, 0.957]",3,0.8573,0.2,125,1797,3.29,11,4,0.629,85,7,22,i,Achilles injury - Unknown return date,2025-07-23,False,,,,17,0.266,
72,Gannon-Doak,Ben Gannon-Doak,BOU,3,MID,3,5.0,1.068,6.41,"[0.973, 1.12, 1.054, 1.126, 1.091, 1.049]",18,1.282,0.1,11,105,0.29,0,1,0.334,13,0,0,a,,2025-08-18,False,,,,22,0.225,
76,Tóth.A,Alex Tóth,BOU,3,MID,3,5.0,1.068,6.41,"[0.973, 1.12, 1.054, 1.126, 1.091, 1.049]",18,1.282,0.0,8,135,0.21,0,0,0.293,17,0,0,a,,2026-01-20,False,,,,22,0.225,
395,Lewis,Rico Lewis,MCI,15,DEF,2,4.5,1.063,6.38,"[1.083, 1.026, 1.294, 0.938, 1.136, 0.906]",12,1.4178,0.2,19,401,0.5,0,1,0.355,19,1,2,a,,2022-07-16,False,,,,18,0.371,
65,J.Araujo,Julián Araujo Zúñiga,BOU,3,DEF,2,4.5,1.062,6.37,"[0.851, 1.305, 0.995, 1.157, 1.048, 1.018]",19,1.4156,0.1,0,0,0.0,0,0,0,0,0,0,a,,2024-08-13,False,,,,22,0.225,
147,Tosin,Tosin Adarabioyo,CHE,6,DEF,2,4.5,1.062,6.37,"[1.048, 1.098, 0.842, 1.296, 0.986, 1.095]",17,1.4156,0.1,34,788,0.89,0,0,0.058,97,2,2,a,,2024-07-01,False,,,,18,0.26,
168,Marc Guiu,Marc Guiu Paz,CHE,6,FWD,4,5.0,1.055,6.33,"[0.997, 1.1, 0.766, 1.329, 1.023, 1.113]",6,1.266,0.4,13,265,0.34,0,1,0.622,8,0,0,a,,2024-07-01,False,,,,18,0.26,
520,Bergvall,Lucas Bergvall,TOT,19,MID,3,5.5,1.022,6.13,"[1.001, 1.057, 0.995, 1.052, 1.046, 0.983]",16,1.1145,0.2,49,955,1.29,1,3,0.156,79,3,0,a,,2024-07-01,False,,,,18,0.205,
568,Barco,Valentín Barco,CHE,6,MID,3,5.5,0.993,5.96,"[0.955, 1.024, 0.789, 1.193, 0.963, 1.033]",12,1.0836,0.0,0,0,0.0,0,0,0,0,0,0,a,,2026-08-02,True,,,,18,0.26,
489,Yates,Ryan Yates,NFO,18,MID,3,4.5,0.985,5.91,"[1.009, 0.915, 1.024, 0.926, 1.095, 0.945]",14,1.3133,7.3,30,602,0.79,0,2,0.129,69,0,0,a,,2018-08-01,False,,,,18,0.277,
266,Cairney,Tom Cairney,FUL,10,MID,3,5.0,0.978,5.87,"[0.994, 0.926, 1.011, 0.911, 0.983, 1.048]",13,1.174,0.0,41,756,1.08,2,0,0.24,61,2,1,a,,2015-07-07,False,,,,20,0.273,
75,Christie,Ryan Christie,BOU,3,MID,3,5.0,0.975,5.85,"[0.886, 1.011, 0.963, 1.029, 1.0, 0.957]",10,1.17,0.0,47,978,1.24,2,1,0.239,123,3,2,s,Suspended until 29 Aug,2021-08-31,False,,10,,22,0.225,
459,L.Miley,Lewis Miley,NEW,17,MID,3,5.5,0.957,5.74,"[0.923, 0.92, 0.941, 0.903, 1.063, 0.985]",9,1.0436,0.0,72,1493,1.89,1,4,0.209,155,2,5,i,Leg injury - Expected back 30 Aug,2023-02-01,False,,7,,17,0.274,
78,Kroupi.Jr,Junior Kroupi,BOU,3,MID,3,7.5,0.917,5.5,"[0.77, 0.956, 0.903, 1.011, 0.969, 0.888]",3,0.7333,5.1,113,1663,2.97,13,0,0.531,112,10,13,i,Foot injury - Unknown return date,2025-02-02,False,1,,,22,0.225,
466,Neave,Sean Neave,NEW,17,FWD,4,4.5,0.878,5.27,"[0.853, 0.846, 0.864, 0.825, 0.976, 0.902]",10,1.1711,0.7,1,13,0.03,0,0,0.208,0,0,0,a,,2025-02-07,False,,,,17,0.274,
145,Fofana,Wesley Fofana,CHE,6,DEF,2,5.0,0.877,5.26,"[0.865, 0.906, 0.706, 1.058, 0.82, 0.905]",12,1.052,0.0,65,1718,1.71,0,2,0.069,206,4,3,s,Suspended until 6 Sep,2022-08-31,False,,,,18,0.26,
139,Ferguson,Evan Ferguson,BHA,5,FWD,4,5.0,0.873,5.24,"[0.918, 0.845, 0.956, 0.98, 0.721, 0.82]",6,1.048,0.0,0,0,0.0,0,0,0,0,0,0,i,Ankle injury - Expected back 10 Oct,2021-08-23,False,,,,18,0.273,
148,Hato,Jorrel Hato,CHE,6,DEF,2,4.5,0.868,5.21,"[0.856, 0.902, 0.673, 1.078, 0.805, 0.901]",14,1.1578,1.1,19,1139,0.5,0,0,0.072,99,0,0,a,,2025-08-03,False,,,,18,0.26,
100,Carvalho,Fábio Freitas Gouveia Carvalho,BRE,4,MID,3,5.0,0.867,5.2,"[0.98, 0.84, 0.868, 0.81, 0.9, 0.801]",2,1.04,0.0,13,100,0.34,1,0,0.657,8,0,1,d,Lack of match fitness - 25% chance of playing,2024-08-12,False,,,,19,0.25,
240,Iroegbunam,Tim Iroegbunam,EVE,9,MID,3,5.0,0.867,5.2,"[0.869, 0.825, 0.849, 0.843, 0.924, 0.885]",13,1.04,0.1,68,1477,1.79,0,3,0.076,189,8,1,a,,2024-06-22,False,,,,17,0.314,
243,Alcaraz,Carlos Alcaraz Durán,EVE,9,MID,3,5.0,0.852,5.11,"[0.849, 0.78, 0.827, 0.818, 0.958, 0.881]",8,1.022,0.1,29,679,0.76,0,1,0.227,70,3,0,a,,2025-07-01,False,,,,17,0.314,
121,Mitoma,Mitoma Kaoru,BHA,5,MID,3,6.0,0.848,5.09,"[0.894, 0.816, 0.938, 0.964, 0.686, 0.795]",4,0.8483,0.2,62,1714,1.63,3,1,0.356,107,5,2,i,Hamstring injury - Unknown return date,2021-08-09,False,,,,18,0.273,
385,Trafford,James Trafford,MCI,15,GKP,1,5.0,0.81,4.86,"[0.812, 0.809, 0.906, 0.738, 0.879, 0.711]",11,0.972,1.4,13,360,0.34,0,0,0.0,0,1,0,a,,2025-07-29,False,,,,18,0.371,
164,Quenda,Geovany Quenda,CHE,6,MID,3,5.5,0.808,4.85,"[0.785, 0.828, 0.678, 0.938, 0.788, 0.833]",10,0.8818,0.0,0,0,0.0,0,0,0,0,0,0,a,,2026-06-15,True,,,,18,0.26,
111,Steele,Jason Steele,BHA,5,GKP,1,4.0,0.795,4.77,"[0.787, 0.734, 0.836, 0.862, 0.725, 0.827]",13,1.1925,4.6,0,0,0.0,0,0,0,0,0,0,a,,2018-07-01,False,,,,18,0.273,
235,Aznou,Adam Aznou,EVE,9,DEF,2,4.0,0.792,4.75,"[0.828, 0.698, 0.74, 0.725, 0.909, 0.845]",12,1.1875,0.2,0,0,0.0,0,0,0,0,0,0,a,,2025-07-29,False,,,,17,0.314,
402,Rodrigo,Rodrigo 'Rodri' Hernandez Cascante,MCI,15,MID,3,6.5,0.79,4.74,"[0.807, 0.753, 0.923, 0.738, 0.786, 0.736]",3,0.7292,0.1,69,1510,1.82,1,1,0.215,206,5,6,i,Back injury - Unknown return date,2019-07-04,False,,,,18,0.371,
558,Schlager,Xaver Schlager,NFO,18,MID,3,5.0,0.788,4.73,"[0.808, 0.73, 0.82, 0.738, 0.879, 0.754]",10,0.946,0.1,0,0,0.0,0,0,0,0,0,0,a,,2026-07-23,True,,,,18,0.277,
451,A.Murphy,Alex Murphy,NEW,17,DEF,2,4.0,0.783,4.7,"[0.703, 0.72, 0.77, 0.733, 0.929, 0.846]",12,1.175,0.8,2,7,0.05,0,0,0.0,4,0,0,a,,2023-07-19,False,,,,17,0.274,
408,Phillips,Kalvin Phillips,MCI,15,MID,3,5.0,0.778,4.67,"[0.789, 0.755, 0.874, 0.737, 0.785, 0.732]",9,0.934,0.0,0,0,0.0,0,0,0,0,0,0,a,,2022-07-04,False,,,,18,0.371,
246,Röhl,Merlin Röhl,EVE,9,MID,3,5.0,0.777,4.66,"[0.774, 0.723, 0.758, 0.749, 0.854, 0.798]",8,0.932,0.1,36,675,0.95,1,1,0.136,68,2,2,a,,2026-06-15,True,,,,17,0.314,Scored from the right; carrying end-of-season form into pre-season
135,Yohanna,Zadok Yohanna,BHA,5,MID,3,5.0,0.773,4.64,"[0.792, 0.75, 0.819, 0.834, 0.69, 0.754]",10,0.928,0.1,0,0,0.0,0,0,0,0,0,0,a,,2026-06-15,True,,,,18,0.273,
323,McAteer,Kasey McAteer,IPS,12,MID,3,4.5,0.772,4.63,"[0.794, 0.744, 0.785, 0.76, 0.747, 0.802]",10,1.0289,1.7,0,0,0.0,0,0,0,0,0,0,a,,2025-08-22,False,,,,18,0.178,
151,Acheampong,Josh Acheampong,CHE,6,DEF,2,4.5,0.76,4.56,"[0.744, 0.789, 0.588, 0.94, 0.712, 0.789]",9,1.0133,0.2,39,657,1.03,1,0,0.103,44,2,5,a,,2024-03-10,False,,,,18,0.26,
244,Armstrong,Harrison Armstrong,EVE,9,MID,3,5.0,0.758,4.55,"[0.756, 0.702, 0.738, 0.731, 0.842, 0.782]",7,0.91,0.1,21,524,0.55,0,0,0.173,50,1,0,a,,2024-08-09,False,,,,17,0.314,
521,Kulusevski,Dejan Kulusevski,TOT,19,MID,3,6.5,0.743,4.46,"[0.726, 0.785, 0.711, 0.758, 0.77, 0.707]",4,0.6862,0.0,0,0,0.0,0,0,0,0,0,0,i,Knee injury - Unknown return date,2023-07-01,False,,,,18,0.205,
325,Darlow,Karl Darlow,MUN,16,GKP,1,4.5,0.725,4.35,"[0.764, 0.803, 0.723, 0.642, 0.696, 0.726]",11,0.9667,0.1,71,1980,1.87,0,0,0.002,0,5,3,d,Unspecified injury - 75% chance of playing,2026-06-14,True,,,,17,0.301,
523,Moore,Mikey Moore,TOT,19,MID,3,5.0,0.723,4.34,"[0.707, 0.758, 0.696, 0.74, 0.746, 0.692]",7,0.868,0.1,0,0,0.0,0,0,0,0,0,0,a,,2024-05-01,False,,,,18,0.205,
513,Xavi,Xavi Simons,TOT,19,MID,3,6.0,0.722,4.33,"[0.705, 0.766, 0.688, 0.736, 0.75, 0.684]",3,0.7217,0.0,80,1747,2.11,2,5,0.356,149,4,7,i,Knee injury - Unknown return date,2025-08-29,False,3,8,2,18,0.205,
20,Dowman,Max Dowman,ARS,1,MID,3,5.5,0.702,4.21,"[0.812, 0.653, 0.707, 0.651, 0.656, 0.73]",5,0.7655,0.2,16,152,0.42,1,1,0.882,16,1,0,a,,,False,,,,18,0.477,Goal + assist in pre-season
146,B.Badiashile,Benoît Badiashile Mukinayi,CHE,6,DEF,2,4.5,0.702,4.21,"[0.693, 0.725, 0.566, 0.847, 0.659, 0.725]",9,0.9356,0.0,7,470,0.18,0,0,0.011,48,0,0,a,,2023-01-05,False,,,,18,0.26,
161,Lavia,Roméo Lavia,CHE,6,MID,3,5.0,0.7,4.2,"[0.686, 0.714, 0.612, 0.79, 0.684, 0.717]",10,0.84,0.0,13,374,0.34,0,0,0.183,37,0,0,a,,2023-08-18,False,,,,18,0.26,
6,Saliba,William Saliba,ARS,1,DEF,2,6.0,0.698,4.19,"[0.783, 0.652, 0.698, 0.678, 0.658, 0.721]",4,0.6983,0.5,137,2614,3.61,1,0,0.072,193,15,12,i,Back injury - Unknown return date,2019-07-25,False,,,,18,0.477,
507,Phillips,Ashley Phillips,TOT,19,DEF,2,4.5,0.698,4.19,"[0.648, 0.715, 0.678, 0.806, 0.718, 0.622]",12,0.9311,0.1,0,0,0.0,0,0,0,0,0,0,a,,2023-08-05,False,,,,18,0.205,
290,Slater,Regan Slater,HUL,11,MID,3,4.5,0.697,4.18,"[0.698, 0.731, 0.7, 0.671, 0.674, 0.706]",10,0.9289,1.9,0,0,0.0,0,0,0,0,0,0,a,,2022-01-27,False,,6,,19,0.173,
351,Mamardashvili,Giorgi Mamardashvili,LIV,14,GKP,1,5.0,0.695,4.17,"[0.644, 0.729, 0.751, 0.743, 0.662, 0.644]",10,0.834,0.2,34,867,0.89,0,0,0.0,0,2,2,a,,2024-08-27,False,,,,17,0.266,
288,Dowell,Kieran Dowell,HUL,11,MID,3,4.5,0.692,4.15,"[0.692, 0.724, 0.694, 0.666, 0.669, 0.701]",10,0.9222,0.5,0,0,0.0,0,0,0,0,0,0,a,,2026-01-23,False,,,,19,0.173,
376,Bajcetic,Stefan Bajčetić Maquieira,LIV,14,MID,3,5.0,0.692,4.15,"[0.664, 0.716, 0.768, 0.72, 0.658, 0.627]",3,0.83,0.0,0,0,0.0,0,0,0,0,0,0,i,Hamstring injury - Expected back 23 Aug,2022-07-11,False,,,,17,0.266,
289,Crooks,Matt Crooks,HUL,11,MID,3,4.5,0.69,4.14,"[0.69, 0.723, 0.693, 0.665, 0.668, 0.699]",10,0.92,0.7,0,0,0.0,0,0,0,0,0,0,a,,2025-01-10,False,1,,,19,0.173,
416,De Ligt,Matthijs de Ligt,MUN,16,DEF,2,5.0,0.688,4.13,"[0.727, 0.789, 0.641, 0.608, 0.642, 0.719]",4,0.826,0.0,43,1170,1.13,1,0,0.17,107,1,5,i,Back injury - Unknown return date,2024-08-13,False,,,,17,0.301,
7,Lewis-Skelly,Myles Lewis-Skelly,ARS,1,MID,3,5.5,0.675,4.05,"[0.746, 0.641, 0.677, 0.65, 0.644, 0.694]",10,0.7364,0.3,29,697,0.76,0,0,0.039,25,2,0,a,,2022-12-04,False,,,,18,0.477,
227,Travers,Mark Travers,EVE,9,GKP,1,5.0,0.673,4.04,"[0.7, 0.622, 0.644, 0.635, 0.737, 0.706]",9,0.808,0.1,0,0,0.0,0,0,0,0,0,0,a,,2025-07-15,False,,,,17,0.314,
424,Amass,Harry Amass,MUN,16,DEF,2,4.0,0.662,3.97,"[0.703, 0.758, 0.635, 0.575, 0.621, 0.679]",7,0.9925,0.2,0,0,0.0,0,0,0,0,0,0,a,,2024-04-06,False,,,,17,0.301,
407,Echeverri,Claudio Echeverri,MCI,15,MID,3,5.0,0.658,3.95,"[0.671, 0.63, 0.762, 0.617, 0.66, 0.614]",5,0.79,0.0,0,0,0.0,0,0,0,0,0,0,a,,2024-01-25,False,,,,18,0.371,
169,Mheuka,Shumaira Mheuka,CHE,6,FWD,4,4.5,0.657,3.94,"[0.63, 0.675, 0.53, 0.776, 0.642, 0.682]",5,0.8756,0.4,1,1,0.03,0,0,0.0,1,0,0,a,,,False,,,,18,0.26,
410,Monga,Jeremy Monga,MCI,15,MID,3,5.0,0.652,3.91,"[0.663, 0.624, 0.753, 0.61, 0.653, 0.606]",5,0.782,0.0,0,0,0.0,0,0,0,0,0,0,a,,2026-07-11,True,,,,18,0.371,
374,Endo,Endo Wataru,LIV,14,MID,3,5.0,0.642,3.85,"[0.622, 0.657, 0.688, 0.662, 0.621, 0.602]",7,0.77,0.0,12,170,0.32,0,1,0.048,23,1,0,d,Ankle injury - 75% chance of playing,2023-08-18,False,,,,17,0.266,
170,Emegha,Emmanuel Emegha,CHE,6,FWD,4,5.0,0.64,3.84,"[0.614, 0.661, 0.509, 0.765, 0.626, 0.667]",4,0.768,0.2,0,0,0.0,0,0,0,0,0,0,d,Hamstring injury - 75% chance of playing,2026-06-15,True,,,,18,0.26,
409,Mukasa,Divine Mukasa,MCI,15,MID,3,4.5,0.64,3.84,"[0.651, 0.614, 0.737, 0.6, 0.642, 0.597]",5,0.8533,0.1,2,25,0.05,0,0,0.756,1,0,0,a,,,False,,,,18,0.371,
381,Koumas,Lewis Koumas,LIV,14,MID,3,5.0,0.637,3.82,"[0.616, 0.653, 0.689, 0.657, 0.612, 0.591]",5,0.764,0.0,0,0,0.0,0,0,0,0,0,0,a,,2023-07-18,False,,,,17,0.266,
58,Forster,Fraser Forster,BOU,3,GKP,1,4.0,0.632,3.79,"[0.559, 0.726, 0.606, 0.662, 0.622, 0.616]",10,0.9475,3.1,0,0,0.0,0,0,0,0,0,0,a,,2026-01-02,False,,,,22,0.225,
436,Collyer,Toby Collyer,MUN,16,MID,3,5.0,0.632,3.79,"[0.662, 0.714, 0.585, 0.573, 0.593, 0.663]",5,0.758,0.0,0,0,0.0,0,0,0,0,0,0,a,,2023-07-01,False,,,,17,0.301,
394,Alleyne,Max Alleyne,MCI,15,DEF,2,5.0,0.63,3.78,"[0.639, 0.616, 0.737, 0.57, 0.67, 0.552]",6,0.756,0.0,5,135,0.13,0,0,0.213,11,0,0,a,,2022-12-16,False,,,,18,0.371,
559,Bamba,Aladji Bamba,NEW,17,MID,3,5.0,0.63,3.78,"[0.61, 0.606, 0.622, 0.596, 0.7, 0.65]",5,0.756,0.1,0,0,0.0,0,0,0,0,0,0,a,,2026-07-24,True,,,,17,0.274,
539,O'Nien,Luke O'Nien,SUN,20,DEF,2,4.0,0.625,3.75,"[0.698, 0.682, 0.603, 0.575, 0.539, 0.658]",8,0.9375,2.3,26,565,0.68,0,1,0.045,43,2,1,a,,2018-07-30,False,,,,18,0.265,
375,Nyoni,Trey Nyoni,LIV,14,MID,3,5.0,0.623,3.74,"[0.603, 0.639, 0.672, 0.642, 0.6, 0.58]",5,0.748,0.1,6,21,0.16,0,0,1.671,5,0,0,a,,2023-11-11,False,,,,17,0.266,
462,Steur,Sean Steur,NEW,17,MID,3,5.0,0.623,3.74,"[0.604, 0.6, 0.615, 0.59, 0.692, 0.642]",5,0.748,0.1,0,0,0.0,0,0,0,0,0,0,a,,2026-07-09,True,,,,17,0.274,
531,Ellborg,Melker Ellborg,SUN,20,GKP,1,4.5,0.622,3.73,"[0.673, 0.666, 0.598, 0.592, 0.552, 0.644]",8,0.8289,0.1,16,270,0.42,0,0,0.007,0,1,3,a,,2026-02-01,False,,,,18,0.265,
434,J.Fletcher,Jack Fletcher,MUN,16,MID,3,5.0,0.62,3.72,"[0.648, 0.7, 0.576, 0.564, 0.584, 0.65]",5,0.744,0.0,3,107,0.08,0,0,0.042,11,0,0,a,,2024-07-12,False,,,,17,0.301,
435,Lacey,Shea Lacey,MUN,16,MID,3,5.0,0.62,3.72,"[0.648, 0.7, 0.576, 0.564, 0.584, 0.65]",5,0.744,0.1,3,40,0.08,0,0,0.248,3,0,0,a,,2025-05-26,False,,,,17,0.301,
35,Bogarde,Lamare Bogarde,AVL,2,MID,3,5.0,0.617,3.7,"[0.602, 0.57, 0.651, 0.63, 0.618, 0.633]",10,0.74,0.1,40,1042,1.05,0,0,0.017,60,2,4,a,,2021-01-07,False,,,,18,0.262,
38,A.García,Andrés García,AVL,2,DEF,2,4.0,0.617,3.7,"[0.58, 0.538, 0.69, 0.65, 0.604, 0.636]",5,0.925,1.6,5,83,0.13,0,0,0.011,10,0,0,a,,,False,,,,18,0.262,
396,Vitor Reis,Vitor de Oliveira Nunes dos Reis,MCI,15,DEF,2,4.5,0.617,3.7,"[0.623, 0.602, 0.718, 0.557, 0.656, 0.54]",6,0.8222,0.0,0,0,0.0,0,0,0,0,0,0,a,,2025-01-21,False,,,,18,0.371,
413,Bayindir,Altay Bayındır,MUN,16,GKP,1,4.5,0.612,3.67,"[0.643, 0.674, 0.611, 0.545, 0.588, 0.613]",9,0.8156,0.2,11,540,0.29,0,0,0.008,0,0,0,a,,2023-09-01,False,,,,17,0.301,
378,McConnell,James McConnell,LIV,14,MID,3,4.5,0.61,3.66,"[0.591, 0.626, 0.657, 0.629, 0.588, 0.569]",5,0.8133,0.2,0,0,0.0,0,0,0,0,0,0,a,,2023-07-18,False,,,,17,0.266,
437,Bendito Mantato,Bendito Mantato,MUN,16,MID,3,4.5,0.61,3.66,"[0.638, 0.686, 0.568, 0.556, 0.574, 0.638]",5,0.8133,0.2,1,15,0.03,0,0,0.06,0,0,0,a,,,False,,,,17,0.301,
49,Iling Jr,Samuel Iling-Junior,AVL,2,MID,3,5.0,0.603,3.62,"[0.58, 0.527, 0.651, 0.62, 0.608, 0.629]",5,0.724,0.0,0,0,0.0,0,0,0,0,0,0,a,,2024-07-01,False,,,,18,0.262,
29,M.Bizot,Marco Bizot,AVL,2,GKP,1,4.5,0.602,3.61,"[0.574, 0.559, 0.656, 0.629, 0.583, 0.607]",9,0.8022,0.1,16,585,0.42,0,0,0.0,0,1,0,a,,2025-07-15,False,,,,18,0.262,
52,Alysson,Alysson Edward Franco da Rocha dos Santos,AVL,2,MID,3,5.0,0.598,3.59,"[0.576, 0.525, 0.646, 0.616, 0.604, 0.624]",5,0.718,0.0,3,47,0.08,0,0,0.191,4,0,0,a,,2026-01-01,False,,,,18,0.262,
438,Fletcher,Tyler Fletcher,MUN,16,MID,3,4.5,0.598,3.59,"[0.624, 0.67, 0.558, 0.546, 0.564, 0.624]",5,0.7978,0.3,2,17,0.05,0,0,0.053,2,0,0,a,,2025-05-26,False,,,,17,0.301,
517,Odobert,Wilson Odobert,TOT,19,MID,3,5.5,0.59,3.54,"[0.578, 0.624, 0.566, 0.599, 0.611, 0.563]",1,0.6436,0.0,46,972,1.21,0,2,0.29,77,2,6,i,Knee injury - Unknown return date,2024-08-16,False,,,,18,0.205,
50,Burrowes,Bradley Burrowes,AVL,2,MID,3,4.5,0.583,3.5,"[0.563, 0.514, 0.628, 0.599, 0.588, 0.608]",5,0.7778,0.9,1,16,0.03,0,0,0.0,1,0,0,a,,,False,,,,18,0.262,
51,George Hemmings,George Hemmings,AVL,2,MID,3,4.5,0.583,3.5,"[0.563, 0.514, 0.628, 0.599, 0.588, 0.608]",5,0.7778,0.3,2,25,0.05,0,0,0.18,1,0,0,a,,,False,,,,18,0.262,
468,John,John Victor Maciel Furtado,NFO,18,GKP,1,4.5,0.578,3.47,"[0.605, 0.5, 0.592, 0.532, 0.659, 0.578]",8,0.7711,0.1,11,437,0.29,0,0,0.0,0,1,0,a,,2025-08-31,False,,,,18,0.277,
163,D.Essugo,Dário Luís Essugo,CHE,6,MID,3,4.5,0.573,3.44,"[0.557, 0.587, 0.486, 0.659, 0.561, 0.59]",5,0.7644,0.2,1,26,0.03,0,0,0.035,8,0,0,a,,2025-06-02,False,,,,18,0.26,
132,Howell,Harry Howell,BHA,5,MID,3,4.5,0.57,3.42,"[0.587, 0.556, 0.605, 0.616, 0.508, 0.553]",5,0.76,0.3,4,92,0.11,0,0,0.029,7,0,0,a,,,False,,,,18,0.273,
134,Oriola,Nehemiah Oriola,BHA,5,MID,3,4.5,0.57,3.42,"[0.587, 0.556, 0.605, 0.616, 0.508, 0.553]",5,0.76,0.2,1,1,0.03,0,0,0.0,0,0,0,a,,,False,,,,18,0.273,
48,Onana,Amadou Onana,AVL,2,MID,3,5.0,0.568,3.41,"[0.551, 0.504, 0.609, 0.582, 0.575, 0.592]",2,0.682,0.0,76,1755,2.0,2,0,0.122,219,6,4,i,Knee injury - Unknown return date,2024-07-22,False,,,,18,0.262,
321,Walle Egeli,Sindre Walle Egeli,IPS,12,FWD,4,4.5,0.565,3.39,"[0.574, 0.551, 0.581, 0.556, 0.543, 0.585]",5,0.7533,2.1,0,0,0.0,0,0,0,0,0,0,a,,2025-08-29,False,,,,18,0.178,
524,Olusesi,Callum Olusesi,TOT,19,MID,3,4.5,0.562,3.37,"[0.552, 0.584, 0.546, 0.575, 0.576, 0.541]",5,0.7489,0.9,1,14,0.03,0,0,0.064,2,0,0,a,,,False,,,,18,0.205,
425,Fredricson,Tyler Fredricson,MUN,16,DEF,2,4.0,0.557,3.34,"[0.591, 0.634, 0.538, 0.485, 0.524, 0.57]",6,0.835,0.1,1,2,0.03,0,0,0.0,2,0,0,a,,2022-09-07,False,,,,17,0.301,
382,Danns,Jayden Danns,LIV,14,FWD,4,4.5,0.555,3.33,"[0.537, 0.571, 0.611, 0.575, 0.531, 0.508]",1,0.74,0.1,0,0,0.0,0,0,0,0,0,0,i,Unspecified injury - Unknown return date,,False,,,,17,0.266,
99,Milambo,Antoni Milambo,BRE,4,MID,3,5.0,0.548,3.29,"[0.587, 0.539, 0.553, 0.527, 0.559, 0.523]",4,0.658,0.0,1,45,0.03,0,0,0.02,4,0,0,d,Knee injury - 75% chance of playing,2025-07-03,False,,,,19,0.25,
361,Lucky,Wellity Lucky,LIV,14,DEF,2,4.0,0.547,3.28,"[0.507, 0.573, 0.602, 0.584, 0.516, 0.497]",6,0.82,0.1,0,0,0.0,0,0,0,0,0,0,a,,,False,,,,17,0.266,
221,Drakes-Thomas,Joél Drakes-Thomas,CRY,8,MID,3,4.5,0.545,3.27,"[0.525, 0.514, 0.528, 0.614, 0.537, 0.553]",5,0.7267,0.1,2,7,0.05,0,0,0.0,3,0,0,a,,2025-12-10,False,,,,18,0.274,
365,Ramsay,Calvin Ramsay,LIV,14,DEF,2,4.0,0.545,3.27,"[0.505, 0.572, 0.601, 0.583, 0.515, 0.496]",6,0.8175,0.2,0,0,0.0,0,0,0,0,0,0,a,,2022-06-19,False,,,,17,0.266,
475,Savona,Nicolò Savona,NFO,18,DEF,2,4.5,0.545,3.27,"[0.565, 0.486, 0.576, 0.497, 0.632, 0.514]",2,0.7267,0.0,39,1025,1.03,2,0,0.157,57,3,0,i,Knee injury - Unknown return date,2025-08-30,False,,,,18,0.277,
150,M.Sarr,Mamadou Sarr,CHE,6,DEF,2,4.5,0.537,3.22,"[0.528, 0.554, 0.433, 0.645, 0.505, 0.554]",6,0.7156,0.1,3,100,0.08,0,0,0.315,8,0,0,a,,2025-06-09,False,,,,18,0.26,
561,Anselmino,Aaron Anselmino,CHE,6,DEF,2,4.5,0.537,3.22,"[0.528, 0.554, 0.433, 0.645, 0.505, 0.554]",6,0.7156,0.0,0,0,0.0,0,0,0,0,0,0,a,,2024-08-08,False,,,,18,0.26,
476,O.Richards,Omar Richards,NFO,18,DEF,2,4.0,0.535,3.21,"[0.56, 0.459, 0.557, 0.485, 0.623, 0.523]",6,0.8025,0.2,0,0,0.0,0,0,0,0,0,0,a,,2022-07-10,False,,,,18,0.277,
360,Bradley,Conor Bradley,LIV,14,DEF,2,5.0,0.533,3.2,"[0.505, 0.554, 0.589, 0.56, 0.507, 0.485]",3,0.64,0.0,42,928,1.11,0,2,0.099,65,4,2,i,Knee injury - Unknown return date,2023-09-25,False,,,,17,0.266,
477,Abbott,Zach Abbott,NFO,18,DEF,2,4.0,0.533,3.2,"[0.559, 0.459, 0.555, 0.484, 0.622, 0.522]",6,0.8,0.2,3,165,0.08,0,0,0.005,13,0,0,a,,2022-08-22,False,,,,18,0.277,
479,Bindon,Tyler Bindon,NFO,18,DEF,2,4.0,0.533,3.2,"[0.559, 0.458, 0.554, 0.484, 0.621, 0.521]",6,0.8,0.2,0,0,0.0,0,0,0,0,0,0,a,,2025-02-03,False,,,,18,0.277,
39,Nedeljkovic,Kosta Nedeljkovic,AVL,2,DEF,2,4.0,0.528,3.17,"[0.499, 0.468, 0.585, 0.554, 0.517, 0.542]",6,0.7925,0.5,0,0,0.0,0,0,0,0,0,0,a,,2024-01-22,False,,,,18,0.262,
63,Milosavljević,Veljko Milosavljevic,BOU,3,DEF,2,5.0,0.525,3.15,"[0.468, 0.567, 0.514, 0.557, 0.533, 0.515]",4,0.63,0.1,19,367,0.5,0,0,0.083,39,1,0,i,Unspecified injury - Unknown return date,2025-09-01,False,,,,22,0.225,
189,Shepherd,George Shepherd,COV,7,MID,3,4.5,0.512,3.07,"[0.455, 0.58, 0.474, 0.527, 0.504, 0.531]",5,0.6822,0.3,0,0,0.0,0,0,0,0,0,0,a,,,False,,,,19,0.156,
191,Borges Rodrigues,Raphael Borges Rodrigues,COV,7,MID,3,4.5,0.512,3.07,"[0.455, 0.579, 0.474, 0.526, 0.503, 0.529]",5,0.6822,0.2,0,0,0.0,0,0,0,0,0,0,a,,2024-07-01,False,,,,19,0.156,
192,Andrews,Kaine Andrews,COV,7,MID,3,4.5,0.508,3.05,"[0.454, 0.575, 0.472, 0.523, 0.501, 0.527]",5,0.6778,0.7,0,0,0.0,0,0,0,0,0,0,a,,2023-08-11,False,,,,19,0.156,
199,Benitez,Walter Benítez,CRY,8,GKP,1,4.5,0.508,3.05,"[0.515, 0.461, 0.497, 0.568, 0.493, 0.52]",7,0.6778,0.1,7,90,0.18,0,0,0.0,0,1,0,a,,2025-07-01,False,,,,18,0.274,
538,Hjelde,Leo Fuhr Hjelde,SUN,20,DEF,2,4.0,0.507,3.04,"[0.566, 0.553, 0.489, 0.465, 0.435, 0.533]",6,0.76,0.3,0,0,0.0,0,0,0,0,0,0,a,,2024-01-30,False,,,,18,0.265,
359,Gomez,Joe Gomez,LIV,14,DEF,2,5.0,0.505,3.03,"[0.482, 0.523, 0.548, 0.528, 0.484, 0.467]",3,0.606,0.1,33,594,0.87,0,2,0.139,46,2,2,i,Muscular injury - Unknown return date,2015-06-20,False,,,,17,0.266,
540,Masuaku,Arthur Masuaku,SUN,20,DEF,2,4.0,0.505,3.03,"[0.564, 0.549, 0.486, 0.464, 0.434, 0.53]",6,0.7575,1.4,1,125,0.03,0,0,0.108,10,0,0,a,,2025-08-10,False,,,,18,0.265,
433,Ugarte,Manuel Ugarte Ribeiro,MUN,16,MID,3,5.0,0.503,3.02,"[0.52, 0.551, 0.474, 0.469, 0.48, 0.522]",1,0.604,0.0,38,876,1.0,0,0,0.09,142,1,0,i,Knee injury - Unknown return date,2024-08-30,False,,,,17,0.301,
66,Soler,Julio Soler Barreto,BOU,3,DEF,2,4.0,0.502,3.01,"[0.434, 0.57, 0.483, 0.535, 0.503, 0.488]",6,0.7525,0.6,3,34,0.08,0,0,0.0,1,0,0,a,,2025-01-07,False,,,,22,0.225,
251,Lecomte,Benjamin Lecomte,FUL,10,GKP,1,4.0,0.5,3.0,"[0.499, 0.518, 0.533, 0.434, 0.486, 0.532]",7,0.75,1.4,0,0,0.0,0,0,0,0,0,0,a,,2025-07-26,False,,,,20,0.273,
252,McNally,Alfie McNally,FUL,10,GKP,1,4.0,0.5,3.0,"[0.499, 0.518, 0.533, 0.434, 0.486, 0.532]",7,0.75,0.2,0,0,0.0,0,0,0,0,0,0,a,,,False,,,,20,0.273,
83,Valdimarsson,Hákon Rafn Valdimarsson,BRE,4,GKP,1,4.5,0.497,2.98,"[0.512, 0.488, 0.551, 0.468, 0.498, 0.46]",7,0.6622,0.1,1,90,0.03,0,0,0.0,0,0,0,a,,2024-01-26,False,,,,19,0.25,
509,Byfield,Jun'ai Byfield,TOT,19,DEF,2,4.0,0.493,2.96,"[0.468, 0.507, 0.482, 0.548, 0.507, 0.453]",6,0.74,0.1,1,1,0.03,0,0,0.0,0,0,0,a,,,False,,,,18,0.205,
510,Rowswell,James Rowswell,TOT,19,DEF,2,4.0,0.493,2.96,"[0.468, 0.507, 0.482, 0.548, 0.507, 0.453]",6,0.74,0.1,1,1,0.03,0,0,0.0,0,0,0,a,,,False,,,,18,0.205,
511,Souza,João Victor de Souza Menezes,TOT,19,DEF,2,4.0,0.492,2.95,"[0.466, 0.503, 0.479, 0.546, 0.504, 0.452]",6,0.7375,0.3,3,142,0.08,0,0,0.032,6,0,0,a,,2026-01-22,False,,,,18,0.205,
59,Dennis,Will Dennis,BOU,3,GKP,1,4.0,0.473,2.84,"[0.42, 0.541, 0.455, 0.495, 0.467, 0.462]",7,0.71,0.2,0,0,0.0,0,0,0,0,0,0,a,,2019-08-01,False,,,,22,0.225,
349,Mateo Joseph,Mateo Joseph Fernández-Regatillo,LEE,13,FWD,4,4.5,0.453,2.72,"[0.444, 0.488, 0.444, 0.487, 0.482, 0.373]",1,0.6044,0.3,0,0,0.0,0,0,0,0,0,0,i,Knee injury - Unknown return date,2022-11-04,False,,,,19,0.219,
301,Palmer,Alex Palmer,IPS,12,GKP,1,4.0,0.45,2.7,"[0.493, 0.409, 0.423, 0.449, 0.459, 0.471]",6,0.675,5.9,0,0,0.0,0,0,0,0,0,0,a,,2025-02-03,False,,,,18,0.178,
312,Taylor,Jack Taylor,IPS,12,MID,3,4.5,0.447,2.68,"[0.454, 0.435, 0.46, 0.439, 0.43, 0.463]",0,0.5956,0.3,0,0,0.0,0,0,0,0,0,0,i,Knee injury - Unknown return date,2023-06-26,False,,,,18,0.178,
310,Matusiwa,Azor Matusiwa,IPS,12,MID,3,5.0,0.413,2.48,"[0.421, 0.403, 0.423, 0.408, 0.401, 0.427]",2,0.496,0.0,0,0,0.0,0,0,0,0,0,0,i,Muscular injury - Unknown return date,2025-07-13,False,,,,18,0.178,
497,Dubravka,Martin Dubravka,TOT,19,GKP,1,4.0,0.413,2.48,"[0.401, 0.416, 0.41, 0.445, 0.417, 0.394]",4,0.62,24.0,96,3150,2.53,0,0,0.001,0,4,7,a,,2026-07-01,True,,,,18,0.205,Signed as Kinsky's BACKUP - a £4.0m non-playing bench enabler only
494,Vicario,Guglielmo Vicario,TOT,19,GKP,1,4.5,0.398,2.39,"[0.385, 0.4, 0.394, 0.429, 0.401, 0.378]",4,0.5311,1.5,90,2790,2.37,0,0,0.001,0,7,6,a,,2023-07-01,False,,,,18,0.205,Being moved on; Spurs are working to sell him
278,Hughes,Charlie Hughes,HUL,11,DEF,2,4.0,0.395,2.37,"[0.39, 0.428, 0.395, 0.368, 0.366, 0.422]",4,0.5925,1.2,0,0,0.0,0,0,0,0,0,0,i,Groin injury - Unknown return date,2024-08-16,False,,,,19,0.173,
352,Woodman,Freddie Woodman,LIV,14,GKP,1,4.0,0.378,2.27,"[0.364, 0.387, 0.394, 0.391, 0.369, 0.364]",3,0.5675,1.2,6,212,0.16,0,0,0.0,0,0,0,a,,2025-07-01,False,,,,17,0.266,
291,Matazo,Eliot Matazo,HUL,11,MID,3,4.5,0.367,2.2,"[0.37, 0.385, 0.371, 0.354, 0.358, 0.366]",1,0.4889,0.0,0,0,0.0,0,0,0,0,0,0,i,Knee injury - Unknown return date,2025-01-23,False,,,,19,0.173,
294,Zambrano,Óscar Zambrano,HUL,11,MID,3,4.5,0.367,2.2,"[0.369, 0.384, 0.37, 0.354, 0.357, 0.366]",1,0.4889,0.5,0,0,0.0,0,0,0,0,0,0,i,Thigh injury - Unknown return date,2026-07-21,True,,,,19,0.173,
297,Gyabi,Darko Gyabi,HUL,11,MID,3,4.5,0.367,2.2,"[0.369, 0.384, 0.37, 0.354, 0.357, 0.366]",1,0.4889,0.2,0,0,0.0,0,0,0,0,0,0,i,Thigh injury - Unknown return date,2025-09-01,False,,,,19,0.173,
386,Bettinelli,Marcus Bettinelli,MCI,15,GKP,1,4.5,0.353,2.12,"[0.354, 0.353, 0.374, 0.338, 0.369, 0.331]",2,0.4711,0.0,0,0,0.0,0,0,0,0,0,0,a,,2025-06-10,False,,,,18,0.371,
228,King,Tom King,EVE,9,GKP,1,4.5,0.343,2.06,"[0.35, 0.329, 0.335, 0.332, 0.361, 0.351]",2,0.4578,0.1,0,0,0.0,0,0,0,0,0,0,a,,2025-08-15,False,,,,17,0.314,
443,Gillespie,Mark Gillespie,NEW,17,GKP,1,4.5,0.337,2.02,"[0.324, 0.327, 0.335, 0.331, 0.357, 0.347]",2,0.4489,0.0,0,0,0.0,0,0,0,0,0,0,a,,2020-07-27,False,,,,17,0.274,
444,Jaouen,Ewen Jaouen,NEW,17,GKP,1,4.5,0.337,2.02,"[0.324, 0.327, 0.335, 0.331, 0.357, 0.347]",2,0.4489,0.1,0,0,0.0,0,0,0,0,0,0,a,,2026-06-15,True,,,,17,0.274,
560,Penders,Mike Penders,CHE,6,GKP,1,4.5,0.333,2.0,"[0.333, 0.338, 0.31, 0.359, 0.324, 0.336]",2,0.4444,0.1,0,0,0.0,0,0,0,0,0,0,a,,2024-08-27,False,,,,18,0.26,
353,Pecsi,Armin Pecsi,LIV,14,GKP,1,4.0,0.332,1.99,"[0.319, 0.339, 0.344, 0.342, 0.324, 0.319]",2,0.4975,0.1,0,0,0.0,0,0,0,0,0,0,a,,,False,,,,17,0.266,
355,Davies,Harvey Davies,LIV,14,GKP,1,4.0,0.332,1.99,"[0.319, 0.339, 0.344, 0.342, 0.324, 0.319]",2,0.4975,0.1,0,0,0.0,0,0,0,0,0,0,a,,2021-03-09,False,,,,17,0.266,
555,Matthews,Remi Matthews,CRY,8,GKP,1,4.0,0.332,1.99,"[0.334, 0.316, 0.328, 0.353, 0.327, 0.336]",2,0.4975,1.7,0,0,0.0,0,0,0,0,0,0,a,,2021-07-13,False,,,,18,0.274,
530,Patterson,Anthony Patterson,SUN,20,GKP,1,4.0,0.33,1.98,"[0.346, 0.344, 0.324, 0.321, 0.31, 0.338]",2,0.495,1.0,0,0,0.0,0,0,0,0,0,0,a,,2018-10-09,False,,,,18,0.265,
363,Leoni,Giovanni Leoni,LIV,14,DEF,2,4.0,0.328,1.97,"[0.321, 0.334, 0.346, 0.335, 0.319, 0.312]",0,0.4925,0.1,0,0,0.0,0,0,0,0,0,0,i,Knee injury - Unknown return date,2025-08-15,False,,,,17,0.266,
495,Austin,Brandon Austin,TOT,19,GKP,1,4.0,0.32,1.92,"[0.311, 0.32, 0.318, 0.339, 0.321, 0.308]",2,0.48,0.6,0,0,0.0,0,0,0,0,0,0,a,,2017-07-22,False,,,,18,0.205,
273,Phillips,Dillon Phillips,HUL,11,GKP,1,4.0,0.312,1.87,"[0.309, 0.326, 0.311, 0.301, 0.298, 0.328]",2,0.4675,2.1,0,0,0.0,0,0,0,0,0,0,a,,2025-07-01,False,,,,19,0.173,
276,Lo-Tutala,Thimothée Lo-Tutala,HUL,11,GKP,1,4.0,0.312,1.87,"[0.309, 0.326, 0.311, 0.301, 0.298, 0.328]",2,0.4675,0.2,0,0,0.0,0,0,0,0,0,0,a,,2023-07-01,False,,,,19,0.173,
171,Dovin,Oliver Dovin,COV,7,GKP,1,4.0,0.308,1.85,"[0.288, 0.338, 0.287, 0.315, 0.308, 0.31]",2,0.4625,2.8,0,0,0.0,0,0,0,0,0,0,a,,2024-07-19,False,,,,19,0.156,
414,Heaton,Tom Heaton,MUN,16,GKP,1,4.0,0.308,1.85,"[0.313, 0.319, 0.308, 0.295, 0.303, 0.308]",1,0.4625,0.3,0,0,0.0,0,0,0,0,0,0,a,,2021-07-02,False,,,,17,0.301,
302,Button,David Button,IPS,12,GKP,1,4.0,0.292,1.75,"[0.303, 0.28, 0.285, 0.291, 0.294, 0.297]",1,0.4375,0.5,0,0,0.0,0,0,0,0,0,0,a,,2025-07-04,False,,,,18,0.178,
354,Jaros,Vitezslav Jaros,LIV,14,GKP,1,4.0,0.253,1.52,"[0.252, 0.253, 0.255, 0.253, 0.252, 0.252]",0,0.38,0.0,0,0,0.0,0,0,0,0,0,0,i,Knee injury - Unknown return date,2019-07-10,False,,,,17,0.266,
101,Henderson,Jordan Henderson,CHE,6,MID,3,5.0,0.0,0.0,"[0.0, 0.0, 0.0, 0.0, 0.0, 0.0]",0,0.0,0.0,76,1911,2.0,1,3,0.124,183,6,5,u,has departed the club as a free agent.,2026-08-03,True,,,,18,0.26,
133,Watson,Tom Watson,BHA,5,MID,3,5.0,0.0,0.0,"[0.0, 0.0, 0.0, 0.0, 0.0, 0.0]",0,0.0,0.0,5,57,0.13,0,0,0.111,5,0,0,u,Has joined Leicester City on loan for the rest of the season,2025-06-01,False,,,,18,0.273,
197,Bassette,Norman Bassette,COV,7,FWD,4,4.5,0.0,0.0,"[0.0, 0.0, 0.0, 0.0, 0.0, 0.0]",0,0.0,0.5,0,0,0.0,0,0,0,0,0,0,u,Has joined KVC Westerlo on loan for the rest of the season,,False,,,,19,0.156,
225,Uche,Christantus Uche,CRY,8,FWD,4,5.0,0.0,0.0,"[0.0, 0.0, 0.0, 0.0, 0.0, 0.0]",0,0.0,0.0,17,159,0.45,0,1,0.283,13,0,0,u,has returned to Getafe CF,,False,,,,18,0.274,
275,Cartwright,Harvey Cartwright,HUL,11,GKP,1,4.0,0.0,0.0,"[0.0, 0.0, 0.0, 0.0, 0.0, 0.0]",0,0.0,0.1,0,0,0.0,0,0,0,0,0,0,u,Has joined Grimsby Town on loan for the rest of the season,2020-07-01,False,,,,19,0.173,
299,Burstow,Mason Burstow,HUL,11,FWD,4,4.5,0.0,0.0,"[0.0, 0.0, 0.0, 0.0, 0.0, 0.0]",0,0.0,0.7,0,0,0.0,0,0,0,0,0,0,u,Has joined Sheffield Wednesday on loan for the rest of the season,2024-08-16,False,,,,19,0.173,
342,Harrison,Jack Harrison,LEE,13,MID,3,5.0,0.0,0.0,"[0.0, 0.0, 0.0, 0.0, 0.0, 0.0]",0,0.0,0.0,12,262,0.32,0,0,0.175,24,0,0,u,Has joined New England Revolution permanently,2021-07-02,False,,,,19,0.219,
