id,name,full_name,team,team_id,pos,pos_id,price,proj_gw,proj_6gw,proj_by_gw,mins_proj,value,sel_pct,pts_last,mins_last,ppg_last,goals_last,assists_last,xgi90_last,defcon_last,cs_last,bonus_last,status,news,joined,is_new,pens,corners,fk,fdr6,cs_rate,note
426,B.Fernandes,Bruno Borges Fernandes,MUN,16,MID,3,12.0,6.496,38.98,"[6.674, 7.209, 6.165, 6.107, 6.165, 6.658]",80,0.5414,48.7,235,3065,6.7,9,24,0.68,287,7,41,a,,2020-01-30,False,1,4,1,17,0.283,"United's #1 pen taker, on corners and FKs; 24 assists last season"
411,Haaland,Erling Haaland,MCI,15,FWD,4,15.5,6.334,38.0,"[6.572, 6.066, 7.138, 5.544, 7.138, 5.544]",77,0.4086,74.8,239,2953,6.8,27,8,0.86,104,13,43,a,,2022-07-01,False,1,,,18,0.312,City's #1 pen taker; 37 goals in his first six games across seasons
4,Gabriel,Gabriel dos Santos Magalhães,ARS,1,DEF,2,8.0,5.878,35.27,"[6.747, 5.054, 5.567, 5.577, 5.577, 6.747]",74,0.7348,26.1,209,2750,6.5,3,5,0.16,277,18,30,a,,2020-09-01,False,,,,18,0.491,
40,Rogers,Morgan Rogers,CHE,6,MID,3,7.5,5.675,34.05,"[5.437, 6.389, 4.509, 6.389, 5.437, 5.887]",86,0.7566,30.0,169,3280,4.6,10,8,0.31,230,9,17,a,,2026-07-21,True,,,,18,0.254,
481,Anderson,Elliot Anderson,MCI,15,MID,3,6.5,5.556,33.34,"[5.725, 5.367, 6.127, 4.996, 6.127, 4.996]",86,0.8548,11.9,180,3332,4.7,4,5,0.21,515,10,16,a,,2026-07-02,True,,,,18,0.312,
397,Semenyo,Antoine Semenyo,MCI,15,MID,3,8.5,5.11,30.66,"[5.3, 4.898, 5.751, 4.481, 5.751, 4.481]",84,0.6012,22.4,202,3200,5.5,17,6,0.4,236,12,18,a,,2026-01-09,False,3,,,18,0.312,Wide role under Maresca may cost some of last season's central output
480,Gibbs-White,Morgan Gibbs-White,NFO,18,MID,3,8.0,4.995,29.97,"[5.628, 4.374, 5.183, 4.374, 5.628, 4.785]",81,0.6244,11.6,188,3101,5.1,15,4,0.39,178,10,18,a,,2022-08-19,False,2,,1,18,0.232,
13,Rice,Declan Rice,ARS,1,MID,3,7.5,4.97,29.82,"[5.513, 4.447, 4.756, 4.797, 4.797, 5.513]",80,0.6627,22.4,184,3093,5.1,4,9,0.3,376,18,23,a,,2023-07-15,False,,5,1,18,0.491,
106,Thiago,Igor Thiago Nascimento Rodrigues,BRE,4,FWD,4,8.0,4.888,29.33,"[5.152, 4.758, 5.593, 4.758, 4.711, 4.351]",86,0.6109,16.0,181,3282,4.8,22,1,0.61,214,10,22,a,,2024-07-01,False,1,,,19,0.232,
260,Wilson,Harry Wilson,LEE,13,MID,3,6.5,4.862,29.17,"[4.728, 5.119, 4.728, 5.557, 5.119, 3.92]",70,0.748,8.5,168,2674,4.7,10,9,0.36,177,9,21,a,,2026-07-08,True,,,,19,0.232,
388,Guéhi,Marc Guéhi,MCI,15,DEF,2,6.0,4.763,28.58,"[4.977, 4.515, 5.451, 4.093, 5.451, 4.093]",82,0.7939,23.8,179,3150,5.1,3,5,0.19,278,14,14,a,,2026-01-19,False,,,,18,0.312,
12,Saka,Bukayo Saka,ARS,1,MID,3,9.5,4.745,28.47,"[5.339, 4.172, 4.51, 4.554, 4.554, 5.339]",64,0.4995,10.6,157,2218,5.1,7,10,0.6,184,12,18,a,,2018-11-28,False,1,6,2,18,0.491,Arsenal's #1 penalty taker
165,João Pedro,João Pedro Junqueira de Jesus,CHE,6,FWD,4,7.5,4.737,28.42,"[4.537, 5.337, 3.756, 5.337, 4.537, 4.915]",70,0.6315,54.3,177,2658,5.1,15,9,0.57,138,10,30,a,,2025-07-02,False,,,,18,0.254,4 goals across pre-season
356,Virgil,Virgil van Dijk,LIV,14,DEF,2,6.5,4.72,28.32,"[4.464, 4.855, 4.828, 5.262, 4.464, 4.449]",90,0.7262,16.2,175,3420,4.6,6,1,0.14,352,10,10,a,,2018-01-01,False,,,,17,0.307,
229,Tarkowski,James Tarkowski,EVE,9,DEF,2,6.0,4.703,28.22,"[4.837, 4.453, 4.443, 4.453, 5.231, 4.804]",87,0.7839,9.9,170,3330,4.6,2,3,0.13,376,11,12,a,,2022-07-01,False,,,,17,0.224,
498,Senesi,Marcos Senesi Barón,TOT,19,DEF,2,6.0,4.663,27.98,"[4.478, 5.202, 4.478, 4.835, 4.835, 4.151]",86,0.7772,10.8,175,3288,4.7,0,6,0.17,419,11,14,a,,2026-07-01,True,,,,18,0.239,
398,Foden,Phil Foden,MCI,15,MID,3,7.0,4.616,27.7,"[4.787, 4.425, 5.193, 4.051, 5.193, 4.051]",68,0.6595,7.6,131,2078,4.0,7,5,0.47,160,11,13,a,,2016-12-05,False,,4,3,18,0.312,"One of Maresca's ""three central pillars""; on corners and FKs"
55,Watkins,Ollie Watkins,AVL,2,FWD,4,8.0,4.554,27.32,"[4.376, 4.333, 4.753, 4.741, 4.376, 4.741]",74,0.5692,12.5,167,2833,4.5,16,4,0.53,94,9,26,a,,2020-09-09,False,2,,,18,0.245,
200,Lacroix,Maxence Lacroix,CHE,6,DEF,2,6.0,4.522,27.13,"[4.323, 5.074, 3.646, 5.074, 4.323, 4.693]",81,0.7537,12.0,154,3085,4.4,1,2,0.09,370,11,11,a,,2026-07-30,True,,,,18,0.254,
1,Raya,David Raya Martín,ARS,1,GKP,1,6.0,4.519,27.11,"[5.31, 3.771, 4.24, 4.242, 4.242, 5.31]",88,0.7532,30.9,162,3330,4.4,0,0,0.0,0,19,11,a,,2024-07-04,False,,,,18,0.491,
427,Mbeumo,Bryan Mbeumo,MUN,16,MID,3,8.0,4.502,27.01,"[4.63, 5.015, 4.263, 4.221, 4.263, 4.618]",68,0.5627,18.0,148,2611,4.5,11,3,0.58,139,8,16,a,,2025-07-21,False,2,5,2,17,0.283,Playing centrally under Carrick and second on pens behind Bruno
387,O'Reilly,Nico O'Reilly,MCI,15,DEF,2,6.5,4.44,26.64,"[4.657, 4.186, 5.14, 3.758, 5.14, 3.758]",71,0.6831,22.7,160,2643,4.7,5,4,0.3,172,14,10,a,,2022-12-16,False,,,,18,0.312,
452,Bruno G.,Bruno Guimarães Rodriguez Moura,NEW,17,MID,3,7.0,4.382,26.29,"[4.128, 4.167, 4.487, 4.167, 4.846, 4.498]",68,0.626,9.1,154,2456,5.3,9,7,0.38,251,6,22,a,,2022-01-30,False,3,6,2,17,0.259,
8,Calafiori,Riccardo Calafiori,ARS,1,DEF,2,5.5,4.307,25.84,"[5.055, 3.6, 4.043, 4.044, 4.044, 5.055]",68,0.7831,16.0,109,1697,4.2,1,2,0.22,102,13,6,a,,2024-07-29,False,,,,18,0.491,
236,Dewsbury-Hall,Kiernan Dewsbury-Hall,EVE,9,MID,3,6.5,4.268,25.61,"[4.374, 4.05, 4.011, 4.05, 4.737, 4.385]",70,0.6566,3.9,151,2629,4.9,8,7,0.33,230,8,18,a,,2025-08-06,False,,5,,17,0.224,
399,Cherki,Rayan Cherki,MCI,15,MID,3,7.5,4.266,25.6,"[4.424, 4.088, 4.801, 3.741, 4.801, 3.741]",59,0.5688,9.3,135,1772,4.1,4,13,0.67,135,8,16,a,,2025-06-10,False,,5,1,18,0.312,
533,Mukiele,Nordi Mukiele,SUN,20,DEF,2,5.5,4.165,24.99,"[4.315, 4.718, 3.977, 3.962, 3.301, 4.718]",73,0.7573,7.7,151,2784,4.7,3,5,0.14,273,9,11,a,,2025-08-17,False,,,,18,0.247,
61,Truffert,Adrien Truffert,BOU,3,DEF,2,5.5,4.153,24.92,"[3.459, 4.613, 4.208, 4.613, 4.193, 3.833]",89,0.7551,4.7,165,3378,4.3,1,6,0.12,301,11,19,a,,2025-06-16,False,,,,22,0.227,
389,Matheus N.,Matheus Nunes,MCI,15,DEF,2,6.0,4.121,24.73,"[4.316, 3.895, 4.75, 3.508, 4.75, 3.508]",75,0.6868,4.9,154,2861,4.5,1,8,0.08,195,12,16,a,,2023-09-01,False,5,,,18,0.312,
155,Enzo,Enzo Fernández,CHE,6,MID,3,7.0,4.106,24.64,"[3.937, 4.616, 3.276, 4.616, 3.937, 4.257]",80,0.5866,5.5,157,3114,4.4,10,5,0.54,244,8,19,a,,2023-01-31,False,2,7,2,18,0.254,
95,O.Dango,Dango Ouattara,BRE,4,MID,3,6.5,4.024,24.14,"[4.238, 3.919, 4.594, 3.919, 3.881, 3.591]",66,0.619,1.4,136,2271,4.2,7,8,0.47,185,6,16,a,,2025-08-16,False,,8,,19,0.232,
542,E.Le Fée,Enzo Le Fée,SUN,20,MID,3,6.0,4.014,24.08,"[4.16, 4.467, 3.868, 3.835, 3.285, 4.467]",77,0.6689,12.6,147,2930,4.1,5,6,0.34,319,10,16,a,,2025-07-01,False,2,6,2,18,0.247,
428,Cunha,Matheus Santos Carneiro da Cunha,MUN,16,MID,3,8.0,4.0,24.0,"[4.11, 4.442, 3.795, 3.758, 3.795, 4.1]",66,0.5,14.1,143,2493,4.3,10,4,0.37,211,8,14,a,,2025-06-01,False,,,,17,0.283,
112,Van Hecke,Jan Paul van Hecke,TOT,19,DEF,2,5.0,3.939,23.63,"[3.763, 4.451, 3.763, 4.102, 4.102, 3.452]",83,0.7877,8.3,148,3210,4.1,3,3,0.13,317,10,8,a,,2026-06-18,True,,,,18,0.239,
368,Szoboszlai,Dominik Szoboszlai,LIV,14,MID,3,7.0,3.92,23.52,"[3.733, 4.011, 4.02, 4.322, 3.733, 3.7]",84,0.56,47.2,160,3232,4.4,6,7,0.32,338,9,21,a,,2023-07-02,False,2,4,1,17,0.307,Iraola using him deeper; still on pens/corners/FKs but further from goal
82,Kelleher,Caoimhín Kelleher,BRE,4,GKP,1,5.0,3.895,23.37,"[4.162, 3.755, 4.585, 3.755, 3.738, 3.376]",88,0.779,5.6,143,3330,3.9,0,0,0.01,0,10,11,a,,2025-06-03,False,,,,19,0.232,
248,Beto,Norberto Bercique Gomes Betuncal,EVE,9,FWD,4,5.5,3.896,23.37,"[3.996, 3.689, 3.653, 3.689, 4.34, 4.007]",60,0.7083,3.2,104,1551,2.8,9,1,0.53,89,5,15,a,,2023-08-29,False,4,,,17,0.224,
400,Doku,Jérémy Doku,MCI,15,MID,3,7.5,3.892,23.35,"[4.037, 3.729, 4.381, 3.411, 4.381, 3.411]",59,0.5189,6.4,120,1773,4.0,5,8,0.45,126,8,15,a,,2023-08-24,False,4,,,18,0.312,
346,Calvert-Lewin,Dominic Calvert-Lewin,LEE,13,FWD,4,6.0,3.887,23.32,"[3.779, 4.094, 3.779, 4.447, 4.094, 3.128]",72,0.6478,22.9,142,2721,4.1,14,2,0.55,105,8,20,a,,2025-08-15,False,1,,,19,0.232,Brace in pre-season; 14 PL goals last season at £6.0m
226,Pickford,Jordan Pickford,EVE,9,GKP,1,5.5,3.808,22.85,"[3.947, 3.548, 3.535, 3.548, 4.359, 3.914]",90,0.6924,9.0,135,3420,3.6,0,0,0.01,0,11,11,a,,2017-07-01,False,,,,17,0.224,
11,Mosquera,Cristhian Mosquera,ARS,1,DEF,2,5.5,3.79,22.74,"[4.297, 3.309, 3.608, 3.615, 3.615, 4.297]",76,0.6892,16.6,40,986,2.0,0,0,0.07,95,3,1,a,,2025-07-24,False,,,,18,0.491,Should start with Saliba out long-term
529,Roefs,Robin Roefs,SUN,20,GKP,1,5.0,3.778,22.67,"[3.939, 4.374, 3.575, 3.56, 2.848, 4.374]",83,0.7557,5.2,136,3150,3.9,0,0,0.0,0,10,12,a,,2025-08-01,False,,,,18,0.247,
335,Stach,Anton Stach,LEE,13,MID,3,6.0,3.755,22.53,"[3.664, 3.932, 3.664, 4.232, 3.932, 3.109]",63,0.6259,1.3,137,2369,4.7,5,6,0.28,266,7,14,a,,2025-07-22,False,,4,1,19,0.232,
25,Gyökeres,Viktor Gyökeres,ARS,1,FWD,4,7.5,3.747,22.48,"[4.228, 3.284, 3.557, 3.593, 3.593, 4.228]",62,0.4996,13.0,128,2217,3.6,14,1,0.58,85,12,16,a,,2025-07-26,False,2,,,18,0.491,
201,Muñoz,Daniel Muñoz Mejía,CRY,8,DEF,2,5.5,3.744,22.46,"[3.561, 3.549, 3.561, 4.306, 3.561, 3.927]",65,0.6807,11.8,136,2400,4.7,4,4,0.24,196,10,9,a,,2024-01-30,False,,,,18,0.253,
527,Richarlison,Richarlison de Andrade,TOT,19,FWD,4,6.0,3.695,22.17,"[3.546, 4.162, 3.546, 3.837, 3.837, 3.245]",61,0.6159,1.9,119,1954,3.7,11,4,0.47,147,7,17,a,,2022-07-01,False,4,,,18,0.239,
384,Donnarumma,Gianluigi Donnarumma,MCI,15,GKP,1,5.5,3.675,22.05,"[3.87, 3.446, 4.299, 3.068, 4.299, 3.068]",81,0.6681,11.1,135,3060,4.0,0,0,0.0,0,15,5,a,,2025-09-01,False,,,,18,0.312,
371,Gravenberch,Ryan Gravenberch,LIV,14,MID,3,6.0,3.649,21.89,"[3.472, 3.735, 3.744, 4.03, 3.472, 3.44]",74,0.6082,1.9,144,2991,4.0,5,5,0.13,298,9,17,a,,2023-09-01,False,,,,17,0.307,
143,Chalobah,Trevoh Chalobah,CHE,6,DEF,2,5.5,3.629,21.77,"[3.455, 4.112, 2.86, 4.112, 3.455, 3.779]",73,0.6598,2.0,136,2780,4.0,3,1,0.08,265,9,7,a,,2018-02-16,False,,,,18,0.254,
109,Verbruggen,Bart Verbruggen,BHA,5,GKP,1,4.5,3.607,21.64,"[3.796, 3.067, 4.188, 3.767, 3.404, 3.417]",90,0.8015,16.8,130,3420,3.4,0,0,0.0,0,10,6,a,,2023-07-03,False,,,,18,0.271,
231,Keane,Michael Keane,EVE,9,DEF,2,5.0,3.589,21.53,"[3.684, 3.41, 3.399, 3.41, 3.968, 3.664]",67,0.7178,1.5,131,2588,4.0,3,1,0.1,302,7,8,a,,2017-07-03,False,,,,17,0.224,
152,Palestra,Marco Palestra,CHE,6,DEF,2,5.5,3.587,21.52,"[3.376, 4.168, 2.665, 4.168, 3.376, 3.767]",70,0.6521,1.5,0,0,0.0,0,0,0,0,0,0,a,,2026-07-01,True,,,,18,0.254,
366,Wirtz,Florian Wirtz,LIV,14,MID,3,7.5,3.573,21.44,"[3.386, 3.664, 3.673, 3.974, 3.386, 3.353]",66,0.4764,12.4,125,2374,3.8,5,4,0.45,176,10,17,a,,2025-06-20,False,4,6,2,17,0.307,
70,Kluivert,Justin Kluivert,BOU,3,MID,3,6.0,3.572,21.43,"[3.015, 3.932, 3.633, 3.932, 3.597, 3.324]",68,0.5954,1.1,41,945,2.0,2,0,0.37,65,4,3,a,,2023-07-01,False,2,,2,22,0.227,Bournemouth's pen taker with Kroupi injured; hat-trick incl. 2 pens v Genoa
154,Palmer,Cole Palmer,CHE,6,MID,3,9.5,3.562,21.37,"[3.413, 4.01, 2.831, 4.01, 3.413, 3.695]",58,0.3749,12.2,114,1954,4.4,10,2,0.6,135,3,11,a,,2023-09-01,False,1,,3,18,0.254,Chelsea's #1 penalty taker under Alonso
204,Mitchell,Tyrick Mitchell,CRY,8,DEF,2,4.5,3.562,21.37,"[3.378, 3.371, 3.378, 4.119, 3.378, 3.745]",84,0.7915,7.0,135,3253,3.6,1,3,0.11,245,12,8,a,,2019-12-15,False,,,,18,0.253,
525,Fernandes,Mateus Fernandes,TOT,19,MID,3,6.0,3.546,21.28,"[3.43, 3.907, 3.43, 3.655, 3.655, 3.198]",77,0.591,3.5,135,3017,3.8,3,4,0.15,369,8,7,a,,2026-07-02,True,,,,18,0.239,
198,Henderson,Dean Henderson,CRY,8,GKP,1,5.0,3.523,21.14,"[3.334, 3.323, 3.334, 4.101, 3.334, 3.712]",88,0.7046,3.1,131,3330,3.5,0,0,0.0,0,11,7,a,,2023-08-31,False,,,,18,0.253,
142,James,Reece James,CHE,6,DEF,2,5.5,3.518,21.11,"[3.329, 4.047, 2.674, 4.047, 3.329, 3.681]",60,0.6396,8.0,115,1957,4.0,2,6,0.2,128,8,11,a,,2019-05-15,False,,5,1,18,0.254,
237,Ndiaye,Iliman Ndiaye,EVE,9,MID,3,6.0,3.507,21.04,"[3.588, 3.339, 3.309, 3.339, 3.868, 3.597]",72,0.5844,16.5,128,2781,4.0,6,3,0.36,283,8,7,a,,2024-07-03,False,1,,,17,0.224,
515,Maddison,James Maddison,TOT,19,MID,3,6.5,3.506,21.04,"[3.353, 3.976, 3.353, 3.65, 3.65, 3.055]",75,0.5394,2.1,3,34,1.0,0,0,0.72,5,0,0,a,,2023-06-28,False,,,,18,0.239,
208,Sarr,Ismaïla Sarr,CRY,8,MID,3,6.5,3.504,21.02,"[3.365, 3.331, 3.365, 3.956, 3.365, 3.644]",64,0.5391,9.3,117,2173,4.2,9,2,0.5,137,9,9,a,,2024-08-01,False,2,,,18,0.253,
367,Gakpo,Cody Gakpo,LIV,14,MID,3,7.0,3.501,21.0,"[3.316, 3.591, 3.6, 3.9, 3.316, 3.283]",71,0.5001,3.5,131,2736,3.6,7,5,0.42,152,10,5,a,,2023-01-01,False,3,5,,17,0.307,
338,Ampadu,Ethan Ampadu,LEE,13,MID,3,5.5,3.496,20.97,"[3.425, 3.631, 3.425, 3.862, 3.631, 2.999]",80,0.6356,1.5,134,3119,3.8,1,4,0.13,416,8,11,a,,2023-07-19,False,,,,19,0.232,
26,Havertz,Kai Havertz,ARS,1,FWD,4,7.5,3.466,20.8,"[3.911, 3.038, 3.291, 3.324, 3.324, 3.911]",58,0.4622,4.0,36,577,3.0,2,3,0.62,32,4,3,a,,2023-06-28,False,,,,18,0.491,
84,Collins,Nathan Collins,BRE,4,DEF,2,5.5,3.466,20.79,"[3.656, 3.364, 3.956, 3.364, 3.357, 3.098]",78,0.6301,2.0,129,2971,3.7,1,2,0.12,319,9,7,a,,2023-07-04,False,,,,19,0.232,
379,Isak,Alexander Isak,LIV,14,FWD,4,9.0,3.461,20.77,"[3.277, 3.551, 3.56, 3.856, 3.277, 3.245]",60,0.3846,11.2,41,694,2.9,3,1,0.35,30,1,4,a,,2025-09-01,False,1,,,17,0.307,Liverpool's #1 penalty taker under Iraola
122,Minteh,Yankuba Minteh,BHA,5,MID,3,6.0,3.46,20.76,"[3.595, 3.045, 3.898, 3.604, 3.292, 3.325]",68,0.5767,0.7,117,2389,3.4,3,8,0.33,185,11,9,a,,2024-07-01,False,,6,,18,0.271,
532,Ballard,Daniel Ballard,SUN,20,DEF,2,5.0,3.417,20.5,"[3.523, 3.811, 3.282, 3.272, 2.8, 3.811]",62,0.6834,3.6,116,2144,4.0,2,2,0.13,264,6,9,a,,2022-07-01,False,,,,18,0.247,
535,Alderete,Omar Alderete,SUN,20,DEF,2,5.0,3.408,20.45,"[3.515, 3.841, 3.256, 3.253, 2.738, 3.841]",73,0.6815,1.2,125,2797,3.8,1,1,0.08,312,10,5,a,,2025-08-12,False,,,,18,0.247,
469,N.Williams,Neco Williams,NFO,18,DEF,2,5.0,3.399,20.4,"[3.887, 2.924, 3.55, 2.924, 3.887, 3.224]",83,0.6799,13.0,128,3203,3.5,2,3,0.17,247,9,15,a,,2022-07-11,False,,5,3,18,0.232,
202,Richards,Chris Richards,CRY,8,DEF,2,5.0,3.398,20.39,"[3.248, 3.246, 3.248, 3.85, 3.248, 3.548]",74,0.6795,0.8,128,2825,3.9,1,0,0.13,311,11,5,a,,2022-07-27,False,,,,18,0.253,
445,Thiaw,Malick Thiaw,NEW,17,DEF,2,5.0,3.378,20.27,"[3.193, 3.208, 3.466, 3.208, 3.739, 3.454]",78,0.6756,2.0,126,2963,3.6,4,0,0.18,292,5,12,a,,2025-08-12,False,,,,17,0.259,
336,Okafor,Noah Okafor,LEE,13,MID,3,6.0,3.375,20.25,"[3.283, 3.553, 3.283, 3.856, 3.553, 2.724]",52,0.5626,0.7,109,1553,3.9,8,3,0.38,113,6,11,a,,2025-08-21,False,,,,19,0.232,
28,Martinez,Emiliano Martínez Romero,AVL,2,GKP,1,5.0,3.365,20.19,"[3.204, 3.187, 3.519, 3.538, 3.204, 3.538]",76,0.6729,4.7,120,2835,3.8,0,1,0.0,0,7,11,a,,2020-09-16,False,,,,18,0.245,
69,Scott,Alex Scott,BOU,3,MID,3,6.0,3.349,20.1,"[2.96, 3.601, 3.392, 3.601, 3.367, 3.176]",73,0.5582,1.6,136,2848,3.7,3,2,0.21,386,11,9,a,,2023-08-10,False,,7,4,22,0.227,2 goals in the 10-1 win over Genoa
94,Schade,Kevin Schade,BRE,4,MID,3,6.0,3.349,20.1,"[3.53, 3.261, 3.83, 3.261, 3.229, 2.984]",71,0.5582,2.2,125,2744,3.6,8,5,0.47,190,11,5,a,,2023-07-01,False,2,,,19,0.232,
68,Tavernier,Marcus Tavernier,BOU,3,MID,3,6.0,3.346,20.08,"[2.849, 3.667, 3.4, 3.667, 3.368, 3.124]",70,0.5576,1.9,137,2732,4.0,7,4,0.45,251,11,14,a,,2022-08-01,False,3,6,1,22,0.227,
544,Xhaka,Granit Xhaka,SUN,20,MID,3,5.5,3.339,20.04,"[3.447, 3.671, 3.233, 3.208, 2.806, 3.671]",75,0.6072,5.8,124,2901,3.6,1,6,0.15,362,9,8,a,,2025-07-30,False,,4,1,18,0.247,
223,Mateta,Jean-Philippe Mateta,CRY,8,FWD,4,6.5,3.315,19.89,"[3.182, 3.151, 3.182, 3.743, 3.182, 3.447]",63,0.5099,6.9,114,2210,3.6,12,0,0.64,125,8,13,a,,2022-01-31,False,1,,,18,0.253,
41,Buendía,Emiliano Buendía Stati,AVL,2,MID,3,6.0,3.305,19.83,"[3.191, 3.163, 3.433, 3.425, 3.191, 3.425]",57,0.5508,0.9,102,1753,2.8,6,2,0.28,197,3,10,a,,2021-06-10,False,1,,1,18,0.245,2 goals + 3 assists in pre-season
141,Jörgensen,Filip Jörgensen,CHE,6,GKP,1,5.0,3.299,19.8,"[3.087, 3.874, 2.394, 3.874, 3.087, 3.48]",83,0.6599,0.1,9,378,1.8,0,0,0.0,0,0,0,a,,2024-07-30,False,,,,18,0.254,
19,Zubimendi,Martín Zubimendi Ibáñez,ARS,1,MID,3,5.5,3.29,19.74,"[3.668, 2.926, 3.141, 3.169, 3.169, 3.668]",71,0.5982,1.5,133,2991,3.5,5,1,0.16,307,16,9,a,,2025-07-06,False,,,,18,0.491,
557,Tzolis,Christos Tzolis,ARS,1,MID,3,6.5,3.26,19.56,"[3.705, 2.833, 3.088, 3.114, 3.114, 3.705]",60,0.5015,2.1,0,0,0.0,0,0,0,0,0,0,a,,2026-07-23,True,,,,18,0.491,Goal + assist on his Arsenal debut
105,Anthony,Jaidon Anthony,BRE,4,MID,3,6.0,3.257,19.54,"[3.443, 3.164, 3.75, 3.164, 3.136, 2.883]",69,0.5428,0.2,0,0,0.0,0,0,0,232,0,0,a,,2026-07-07,True,,,,19,0.232,
249,Barry,Thierno Barry,EVE,9,FWD,4,5.5,3.247,19.48,"[3.331, 3.075, 3.044, 3.075, 3.618, 3.34]",61,0.5904,0.9,95,1898,2.5,8,0,0.41,74,7,9,a,,2025-07-09,False,2,,,17,0.224,
14,Eze,Eberechi Eze,ARS,1,MID,3,6.5,3.24,19.44,"[3.653, 2.841, 3.076, 3.107, 3.107, 3.653]",53,0.4984,3.3,113,1885,3.4,7,3,0.38,120,11,8,a,,2025-08-23,False,,,3,18,0.491,
138,Kostoulas,Charalampos Kostoulas,BHA,5,FWD,4,5.5,3.233,19.4,"[3.362, 2.836, 3.652, 3.371, 3.072, 3.103]",72,0.5878,0.3,35,351,1.7,2,1,0.68,41,1,3,a,,2025-07-01,False,,,,18,0.271,
453,Barnes,Harvey Barnes,NEW,17,MID,3,6.0,3.222,19.33,"[3.021, 3.051, 3.305, 3.051, 3.59, 3.314]",59,0.537,1.2,106,1951,2.9,7,1,0.45,100,5,9,a,,2023-07-23,False,,,,17,0.259,
32,Cash,Matty Cash,AVL,2,DEF,2,4.5,3.215,19.29,"[3.06, 3.047, 3.36, 3.382, 3.06, 3.382]",79,0.7145,7.8,117,3016,3.3,3,3,0.12,186,8,7,a,,2020-09-03,False,,5,,18,0.245,
327,Bijol,Jaka Bijol,LEE,13,DEF,2,5.0,3.208,19.25,"[3.117, 3.368, 3.117, 3.629, 3.368, 2.649]",62,0.6416,0.3,99,1888,4.0,1,3,0.08,219,5,6,a,,2025-06-23,False,,,,19,0.232,
232,O'Brien,Jake O'Brien,EVE,9,DEF,2,5.0,3.206,19.24,"[3.319, 2.997, 2.99, 2.997, 3.647, 3.288]",81,0.6413,0.5,116,3118,3.1,1,3,0.08,231,10,2,a,,2024-07-30,False,,,,17,0.224,
337,Aaronson,Brenden Aaronson,LEE,13,MID,3,5.5,3.207,19.24,"[3.122, 3.371, 3.122, 3.648, 3.371, 2.609]",61,0.5831,0.8,126,2449,3.4,4,8,0.3,216,9,5,a,,2022-07-01,False,,,3,19,0.232,
463,Woltemade,Nick Woltemade,NEW,17,FWD,4,6.0,3.2,19.2,"[3.0, 3.03, 3.282, 3.03, 3.565, 3.291]",55,0.5333,1.7,108,1896,3.3,8,4,0.38,105,8,12,a,,2025-08-30,False,1,,,17,0.259,
417,Dalot,Diogo Dalot Teixeira,MUN,16,DEF,2,5.0,3.198,19.19,"[3.283, 3.621, 2.998, 2.985, 2.998, 3.303]",71,0.6396,3.0,111,2609,3.3,1,6,0.16,180,7,9,a,,2018-06-08,False,,,,17,0.283,
418,Maguire,Harry Maguire,MUN,16,DEF,2,5.0,3.191,19.15,"[3.269, 3.605, 2.995, 2.987, 2.995, 3.296]",59,0.6382,8.3,90,1649,3.9,1,2,0.09,151,7,5,a,,2019-08-05,False,,,,17,0.283,
81,Rodríguez,Álvaro Rodríguez,BOU,3,FWD,4,6.0,3.18,19.08,"[2.678, 3.505, 3.235, 3.505, 3.203, 2.957]",72,0.5301,0.3,0,0,0.0,0,0,0,0,0,0,a,,2026-07-14,True,,,,22,0.227,
423,Shaw,Luke Shaw,MUN,16,DEF,2,4.5,3.179,19.08,"[3.262, 3.625, 2.968, 2.961, 2.968, 3.293]",85,0.7065,24.7,113,3220,3.0,1,1,0.08,224,10,3,a,,2014-07-01,False,,,,17,0.283,
471,Milenković,Nikola Milenković,NFO,18,DEF,2,5.5,3.175,19.05,"[3.594, 2.766, 3.305, 2.766, 3.594, 3.022]",89,0.5772,2.3,119,3375,3.1,0,1,0.04,311,9,2,a,,2024-07-18,False,,,,18,0.232,
9,Hincapie,Piero Hincapié,ARS,1,DEF,2,5.5,3.169,19.02,"[3.673, 2.691, 2.987, 2.996, 2.996, 3.673]",58,0.5762,4.3,87,1787,3.5,1,2,0.1,171,5,7,a,,2026-07-01,True,,,,18,0.491,New signing; rotation risk with Calafiori and Mosquera
60,Hill,James Hill,BOU,3,DEF,2,5.5,3.171,19.02,"[2.711, 3.477, 3.203, 3.477, 3.199, 2.957]",64,0.5765,1.3,110,2102,3.8,0,3,0.09,260,8,4,a,,2022-01-05,False,,,,22,0.227,
123,Hinshelwood,Jack Hinshelwood,BHA,5,MID,3,6.0,3.165,18.99,"[3.291, 2.779, 3.572, 3.299, 3.009, 3.039]",59,0.5275,0.3,91,1736,3.4,4,5,0.38,114,7,2,a,,2022-12-30,False,,,,18,0.271,
250,Leno,Bernd Leno,FUL,10,GKP,1,4.5,3.164,18.98,"[3.098, 3.111, 3.453, 2.795, 3.098, 3.428]",90,0.7031,3.2,122,3420,3.2,0,0,0.0,0,9,8,a,,2022-08-02,False,,,,20,0.247,
491,Igor Jesus,Igor Jesus Maciel da Cruz,NFO,18,FWD,4,6.0,3.149,18.89,"[3.548, 2.757, 3.267, 2.757, 3.548, 3.016]",62,0.5248,5.0,114,2293,3.1,6,6,0.3,123,9,13,a,,2025-07-05,False,3,,,18,0.232,4 goals in 4 pre-season games
156,Neto,Pedro Lomba Neto,CHE,6,MID,3,6.5,3.137,18.82,"[3.005, 3.536, 2.488, 3.536, 3.005, 3.255]",65,0.4827,1.3,125,2629,3.7,5,7,0.39,122,11,9,a,,2024-08-11,False,,6,4,18,0.254,
30,Digne,Lucas Digne,AVL,2,DEF,2,4.5,3.125,18.75,"[2.971, 2.959, 3.266, 3.29, 2.971, 3.29]",60,0.6944,1.4,97,1842,3.1,0,7,0.19,113,7,5,a,,2022-01-13,False,,4,,18,0.245,
357,Frimpong,Jeremie Frimpong,LIV,14,DEF,2,5.5,3.125,18.75,"[2.913, 3.238, 3.212, 3.575, 2.913, 2.902]",56,0.5683,3.0,63,1032,3.0,0,5,0.18,30,5,1,a,,2025-06-01,False,,,,17,0.307,
412,Lammens,Senne Lammens,MUN,16,GKP,1,5.0,3.116,18.7,"[3.203, 3.557, 2.907, 2.895, 2.907, 3.226]",77,0.6232,20.4,109,2880,3.4,0,0,0.0,0,8,11,a,,2025-09-01,False,,,,17,0.283,
499,Pedro Porro,Pedro Porro Sauceda,TOT,19,DEF,2,5.5,3.117,18.7,"[2.959, 3.579, 2.959, 3.264, 3.264, 2.679]",73,0.5668,23.8,117,2793,3.4,1,3,0.17,218,9,8,a,,2023-07-01,False,,6,1,18,0.239,
57,Petrović,Đorđe Petrović,BOU,3,GKP,1,4.5,3.113,18.68,"[2.497, 3.523, 3.159, 3.523, 3.15, 2.828]",90,0.6919,3.7,124,3420,3.3,0,0,0.0,0,11,5,a,,2025-07-16,False,,,,22,0.227,
53,Manzambi,Johan Manzambi,AVL,2,MID,3,6.0,3.109,18.66,"[2.981, 2.955, 3.248, 3.246, 2.981, 3.246]",75,0.5182,2.3,0,0,0.0,0,0,0,0,0,0,a,,2026-07-17,True,,,,18,0.245,
113,F.Kadıoğlu,Ferdi Kadıoğlu,BHA,5,DEF,2,4.5,3.105,18.63,"[3.27, 2.638, 3.609, 3.241, 2.931, 2.94]",78,0.69,2.9,118,3130,3.2,1,2,0.16,170,10,7,a,,2024-08-27,False,,7,,18,0.271,
85,Van den Berg,Sepp van den Berg,BRE,4,DEF,2,5.0,3.071,18.42,"[3.247, 2.976, 3.524, 2.976, 2.97, 2.731]",73,0.6141,0.7,113,2761,3.5,0,3,0.16,272,8,3,a,,2024-08-22,False,,,,19,0.232,
125,Georginio,Georginio Rutter,BHA,5,FWD,4,5.5,3.07,18.42,"[3.191, 2.7, 3.461, 3.199, 2.92, 2.949]",59,0.5581,0.7,87,1776,2.7,3,5,0.3,131,7,2,a,,2024-08-19,False,,,,18,0.271,
503,Van de Ven,Micky van de Ven,TOT,19,DEF,2,5.0,3.069,18.41,"[2.908, 3.535, 2.908, 3.217, 3.217, 2.625]",79,0.6137,6.5,116,3041,3.3,4,1,0.09,212,9,10,a,,2023-08-08,False,,,,18,0.239,
549,Talbi,Chemsdine Talbi,SUN,20,MID,3,5.5,3.065,18.39,"[3.192, 3.457, 2.94, 2.91, 2.435, 3.457]",58,0.5573,0.2,83,1553,3.0,4,2,0.19,92,7,6,a,,2025-07-09,False,,,,18,0.247,
88,Kayode,Michael Kayode,BRE,4,DEF,2,4.5,3.062,18.37,"[3.274, 2.948, 3.606, 2.948, 2.941, 2.653]",85,0.6804,4.0,113,3258,3.1,1,2,0.12,219,10,9,a,,2025-07-01,False,,,,19,0.232,
140,Sánchez,Robert Lynch Sánchez,CHE,6,GKP,1,5.0,3.054,18.32,"[2.88, 3.536, 2.287, 3.536, 2.88, 3.203]",80,0.6107,1.9,113,3040,3.2,0,1,0.0,0,9,7,a,,2023-08-05,False,,,,18,0.254,
334,Muharemović,Tarik Muharemović,LEE,13,DEF,2,5.0,3.047,18.28,"[2.919, 3.265, 2.919, 3.618, 3.265, 2.295]",75,0.6094,1.3,0,0,0.0,0,0,0,0,0,0,a,,2026-07-17,True,,,,19,0.232,
552,Brobbey,Brian Brobbey,SUN,20,FWD,4,6.0,3.046,18.28,"[3.173, 3.437, 2.921, 2.892, 2.418, 3.437]",59,0.5077,19.9,92,1920,3.0,7,2,0.31,74,6,12,a,,2025-09-01,False,,,,18,0.247,"Excellent pre-season, assist v Wrexham"
390,Rúben,Rúben dos Santos Gato Alves Dias,MCI,15,DEF,2,5.5,3.026,18.16,"[3.178, 2.849, 3.509, 2.557, 3.509, 2.557]",56,0.5502,1.4,113,2139,4.3,2,0,0.05,167,12,4,a,,2020-09-29,False,,,,18,0.312,
120,Svoboda,Michael Svoboda,BHA,5,DEF,2,5.0,2.995,17.97,"[3.169, 2.511, 3.52, 3.13, 2.817, 2.821]",75,0.5989,0.1,0,0,0.0,0,0,0,0,0,0,a,,2026-07-02,True,,,,18,0.271,
504,Vuskovic,Luka Vušković,BHA,5,DEF,2,5.0,2.995,17.97,"[3.169, 2.511, 3.52, 3.13, 2.817, 2.821]",75,0.5989,2.9,0,0,0.0,0,0,0,0,0,0,a,,2026-07-14,True,,,,18,0.271,
465,Osula,William Osula,NEW,17,FWD,4,6.0,2.979,17.88,"[2.793, 2.821, 3.057, 2.821, 3.32, 3.064]",64,0.4966,1.6,76,805,3.2,7,1,0.55,31,2,13,a,,2024-08-08,False,2,,,17,0.259,
567,Horníček,Lukás Hornícek,NEW,17,GKP,1,5.0,2.968,17.81,"[2.736, 2.732, 3.098, 2.732, 3.46, 3.049]",83,0.5936,0.2,0,0,0.0,0,0,0,0,0,0,a,,2026-08-03,True,,,,17,0.259,
263,Kevin,Kevin Santos Lopes de Macedo,FUL,10,MID,3,5.5,2.957,17.74,"[2.899, 2.927, 3.162, 2.685, 2.899, 3.17]",65,0.5377,0.1,49,1030,1.9,1,3,0.24,86,4,0,a,,2025-09-01,False,,6,,20,0.247,
534,Hume,Trai Hume,SUN,20,DEF,2,4.5,2.957,17.74,"[3.077, 3.415, 2.8, 2.792, 2.246, 3.415]",77,0.6572,2.3,110,3032,2.9,2,1,0.13,203,9,6,a,,2022-01-04,False,,5,,18,0.247,
86,Lewis-Potter,Keane Lewis-Potter,BRE,4,MID,3,5.5,2.95,17.7,"[3.11, 2.871, 3.378, 2.871, 2.842, 2.624]",51,0.5363,0.5,115,1960,3.2,3,4,0.26,74,9,5,a,,2022-07-12,False,,,1,19,0.232,
203,Canvot,Jaydee Canvot,CRY,8,DEF,2,5.0,2.946,17.68,"[2.827, 2.823, 2.827, 3.307, 2.827, 3.065]",59,0.5892,0.6,72,1331,3.6,0,0,0.12,169,5,9,a,,2025-09-01,False,,,,18,0.253,
526,Solanke,Dominic Solanke-Mitchell,TOT,19,FWD,4,6.0,2.936,17.62,"[2.818, 3.307, 2.818, 3.048, 3.048, 2.579]",60,0.4894,2.7,40,997,2.7,3,0,0.3,71,0,4,a,,2024-08-10,False,1,,,18,0.239,
193,Wright,Haji Wright,COV,7,FWD,4,5.5,2.933,17.6,"[2.355, 3.347, 2.355, 3.347, 2.845, 3.347]",72,0.5332,1.8,0,0,0.0,0,0,0,0,0,0,a,,2023-08-04,False,1,,,19,0.174,
446,Schär,Fabian Schär,NEW,17,DEF,2,5.0,2.933,17.6,"[2.763, 2.767, 3.023, 2.767, 3.283, 2.997]",63,0.5866,0.2,51,1089,3.2,0,0,0.13,115,4,0,a,,2018-07-26,False,,,3,17,0.259,
461,Touré,Bazoumana Touré,NEW,17,MID,3,6.0,2.933,17.6,"[2.744, 2.768, 3.015, 2.768, 3.285, 3.016]",69,0.4888,0.2,0,0,0.0,0,0,0,0,0,0,a,,2026-07-05,True,,,,17,0.259,
467,Sels,Matz Sels,NFO,18,GKP,1,5.0,2.931,17.59,"[3.379, 2.494, 3.069, 2.494, 3.379, 2.772]",73,0.5863,1.4,105,2667,3.4,0,0,0.0,0,7,3,a,,2024-02-01,False,,,,18,0.232,
429,Rashford,Marcus Rashford,MUN,16,MID,3,7.0,2.927,17.56,"[3.01, 3.276, 2.764, 2.739, 2.764, 3.008]",49,0.4181,1.4,0,0,0.0,0,0,0,0,0,0,a,,2015-07-01,False,,,,17,0.283,
295,McBurnie,Oli McBurnie,HUL,11,FWD,4,5.5,2.919,17.52,"[2.817, 3.09, 3.082, 2.6, 2.845, 3.082]",72,0.5308,1.8,0,0,0.0,0,0,0,0,0,0,a,,2025-08-06,False,2,,,19,0.174,
130,Wieffer,Mats Wieffer,BHA,5,DEF,2,5.0,2.902,17.41,"[3.007, 2.606, 3.222, 2.986, 2.792, 2.796]",58,0.5803,0.3,94,1901,3.6,2,4,0.18,269,6,6,a,,2024-07-06,False,,,,18,0.271,
329,Rodon,Joe Rodon,LEE,13,DEF,2,4.5,2.895,17.37,"[2.807, 3.05, 2.807, 3.303, 3.05, 2.353]",76,0.6433,1.8,109,2952,3.1,2,0,0.06,274,6,5,a,,2024-07-02,False,,,,19,0.232,
447,Botman,Sven Botman,NEW,17,DEF,2,5.0,2.895,17.37,"[2.744, 2.751, 2.972, 2.751, 3.199, 2.954]",60,0.5791,0.4,89,1834,3.6,1,1,0.12,216,5,6,a,,2022-06-28,False,,,,17,0.259,
79,Evanilson,Francisco Evanilson de Lima Barbosa,BOU,3,FWD,4,6.0,2.883,17.3,"[2.428, 3.177, 2.933, 3.177, 2.904, 2.68]",72,0.4805,2.0,115,2741,3.2,6,7,0.4,135,11,6,a,,2024-08-16,False,,,,22,0.227,
67,Rayan,Rayan Vitor Simplício Rocha,BOU,3,MID,3,6.5,2.866,17.2,"[2.42, 3.154, 2.915, 3.154, 2.886, 2.667]",54,0.4409,3.5,67,1110,4.5,5,2,0.37,82,6,3,a,,2026-01-27,False,,,,22,0.227,
269,Sessegnon,Ryan Sessegnon,FUL,10,DEF,2,4.5,2.867,17.2,"[2.823, 2.829, 3.065, 2.614, 2.823, 3.045]",60,0.637,0.4,95,1816,3.5,3,3,0.17,218,6,8,a,,2024-07-26,False,,,,20,0.247,
18,Martinelli,Gabriel Martinelli Silva,ARS,1,MID,3,6.5,2.861,17.17,"[3.223, 2.512, 2.718, 2.745, 2.745, 3.223]",52,0.4402,0.3,57,1065,1.9,1,5,0.46,77,2,3,a,,2019-07-15,False,,,,18,0.491,
166,N.Jackson,Nicolas Jackson,CHE,6,FWD,4,6.5,2.855,17.13,"[2.735, 3.218, 2.264, 3.218, 2.735, 2.963]",46,0.4393,0.4,0,0,0.0,0,0,0,0,0,0,a,,2023-07-01,False,,,,18,0.254,
96,Damsgaard,Mikkel Damsgaard,BRE,4,MID,3,5.5,2.848,17.09,"[2.98, 2.783, 3.201, 2.783, 2.76, 2.579]",52,0.5178,0.7,113,2046,3.4,4,4,0.35,241,5,9,a,,2022-08-10,False,,6,3,19,0.232,
442,Pope,Nick Pope,NEW,17,GKP,1,5.0,2.848,17.09,"[2.646, 2.657, 2.948, 2.657, 3.25, 2.927]",69,0.5695,1.1,96,2416,3.6,0,1,0.01,0,7,3,a,,2022-06-23,False,,,,17,0.259,
439,Šeško,Benjamin Sesko,MUN,16,FWD,4,7.0,2.83,16.98,"[2.911, 3.154, 2.68, 2.653, 2.68, 2.903]",41,0.4043,2.7,111,1630,3.7,11,2,0.53,64,2,19,d,Shin injury - 75% chance of playing,2025-08-09,False,,,,17,0.283,
328,Struijk,Pascal Struijk,BHA,5,DEF,2,5.0,2.799,16.79,"[2.918, 2.463, 3.162, 2.896, 2.674, 2.679]",77,0.5597,0.5,108,2935,3.2,0,1,0.11,297,7,4,a,,2026-06-30,True,,,,18,0.271,
457,J.Murphy,Jacob Murphy,NEW,17,MID,3,6.0,2.792,16.75,"[2.618, 2.645, 2.864, 2.645, 3.11, 2.872]",54,0.4654,0.2,82,1606,2.5,3,2,0.32,90,8,5,a,,2017-07-19,False,,,,17,0.259,
332,Justin,James Justin,LEE,13,DEF,2,4.5,2.787,16.72,"[2.696, 2.945, 2.696, 3.203, 2.945, 2.237]",57,0.6193,0.5,94,1893,3.2,2,1,0.15,183,6,9,a,,2025-08-25,False,,,,19,0.232,
543,Diarra,Habib Diarra,SUN,20,MID,3,5.5,2.779,16.68,"[2.894, 3.135, 2.665, 2.639, 2.208, 3.135]",58,0.5053,0.1,65,1403,3.2,2,6,0.26,79,5,3,a,,2025-07-01,False,1,,,18,0.247,
496,Kinsky,Antonín Kinský,TOT,19,GKP,1,4.5,2.775,16.65,"[2.597, 3.279, 2.597, 2.939, 2.939, 2.3]",88,0.6167,19.0,20,630,2.9,0,0,0.0,0,2,0,a,,2025-01-05,False,,,,18,0.239,De Zerbi's confirmed No.1 after a new long-term contract
350,A.Becker,Alisson Becker,LIV,14,GKP,1,5.5,2.771,16.63,"[2.578, 2.874, 2.848, 3.178, 2.578, 2.57]",68,0.5039,4.1,91,2340,3.5,0,0,0.0,0,8,8,a,,2018-07-19,False,,,,17,0.307,
448,Burn,Dan Burn,NEW,17,DEF,2,5.0,2.764,16.58,"[2.609, 2.615, 2.843, 2.615, 3.078, 2.824]",64,0.5528,2.7,93,2195,3.2,1,3,0.05,225,6,5,a,,2022-01-31,False,,,,17,0.259,
569,García,Gonzalo García,FUL,10,FWD,4,6.0,2.76,16.56,"[2.704, 2.731, 2.958, 2.496, 2.704, 2.966]",72,0.4599,0.8,0,0,0.0,0,0,0,0,0,0,a,,2026-08-03,True,,,,20,0.247,
31,Konsa,Ezri Konsa Ngoyo,AVL,2,DEF,2,4.5,2.752,16.51,"[2.612, 2.606, 2.876, 2.904, 2.612, 2.904]",79,0.6117,17.0,100,3035,2.9,0,1,0.06,196,9,3,a,,2019-07-11,False,,,,18,0.245,
261,Iwobi,Alex Iwobi,FUL,10,MID,3,5.5,2.736,16.42,"[2.682, 2.708, 2.928, 2.482, 2.682, 2.935]",65,0.4975,0.9,103,2420,3.6,4,3,0.24,188,5,13,a,,2023-09-01,False,2,4,1,20,0.247,
257,Bassey,Calvin Bassey,FUL,10,DEF,2,4.5,2.727,16.36,"[2.676, 2.686, 2.951, 2.441, 2.676, 2.93]",68,0.606,0.5,103,2532,3.4,1,1,0.07,205,7,9,a,,2023-07-28,False,,,,20,0.247,
230,Branthwaite,Jarrad Branthwaite,EVE,9,DEF,2,5.5,2.722,16.33,"[2.829, 2.524, 2.52, 2.524, 3.138, 2.797]",63,0.4949,1.9,32,678,3.2,1,1,0.06,67,1,0,a,,2020-06-20,False,,,,17,0.224,
160,Garnacho,Alejandro Garnacho Ferreyra,AVL,2,MID,3,6.0,2.719,16.32,"[2.614, 2.588, 2.838, 2.831, 2.614, 2.831]",61,0.4532,1.0,56,1261,2.3,1,4,0.51,71,4,3,a,,2026-07-23,True,,,,18,0.245,
264,Bobb,Oscar Bobb,FUL,10,MID,3,5.5,2.705,16.23,"[2.651, 2.677, 2.896, 2.451, 2.651, 2.903]",63,0.4918,0.4,42,1030,1.8,0,2,0.31,76,4,0,a,,2026-01-30,False,,,,20,0.247,
15,Ødegaard,Martin Ødegaard,ARS,1,MID,3,6.5,2.702,16.21,"[3.043, 2.373, 2.568, 2.593, 2.593, 3.043]",49,0.4157,3.0,74,1363,3.1,1,7,0.32,102,6,5,a,,2021-08-20,False,3,8,,18,0.491,
401,Marmoush,Omar Marmoush,MCI,15,FWD,4,7.0,2.7,16.2,"[2.802, 2.586, 3.043, 2.364, 3.043, 2.364]",39,0.3858,0.7,56,691,2.7,3,3,0.46,39,4,5,a,,2025-01-23,False,2,,2,18,0.312,
268,King,Josh King,FUL,10,MID,3,5.5,2.68,16.08,"[2.628, 2.653, 2.866, 2.433, 2.628, 2.874]",58,0.4873,0.1,63,1290,2.0,1,3,0.22,107,5,3,a,,2024-02-02,False,,,,20,0.247,
186,Mason-Clark,Ephron Mason-Clark,COV,7,MID,3,5.5,2.66,15.96,"[2.115, 3.052, 2.115, 3.052, 2.574, 3.052]",75,0.4837,0.3,0,0,0.0,0,0,0,0,0,0,a,,2024-02-01,False,,,,19,0.174,
188,Torp,Victor Torp,COV,7,MID,3,5.5,2.66,15.96,"[2.115, 3.052, 2.115, 3.052, 2.574, 3.052]",75,0.4837,0.2,0,0,0.0,0,0,0,0,0,0,a,,2024-01-11,False,2,6,2,19,0.174,
190,Tchaouna,Loum Tchaouna,COV,7,MID,3,5.5,2.66,15.96,"[2.115, 3.052, 2.115, 3.052, 2.574, 3.052]",75,0.4837,0.1,0,0,0.0,0,0,0,69,0,0,a,,2026-07-11,True,,,,19,0.174,
45,McGinn,John McGinn,AVL,2,MID,3,5.5,2.633,15.8,"[2.532, 2.507, 2.747, 2.74, 2.532, 2.74]",53,0.4787,2.7,103,2136,3.4,5,4,0.3,150,8,6,a,,2018-08-08,False,,6,,18,0.245,
500,Romero,Cristian Romero,TOT,19,DEF,2,5.0,2.63,15.78,"[2.519, 2.955, 2.519, 2.733, 2.733, 2.32]",55,0.526,1.1,91,1869,4.0,4,1,0.13,197,5,10,a,,2022-08-30,False,,,,18,0.239,
129,Ayari,Yasin Ayari,BHA,5,MID,3,5.5,2.585,15.51,"[2.672, 2.316, 2.868, 2.678, 2.476, 2.497]",50,0.4699,0.5,98,1921,3.4,3,4,0.18,225,6,7,a,,2023-01-30,False,,8,1,18,0.271,
484,Hutchinson,Omari Hutchinson,NFO,18,MID,3,5.5,2.576,15.45,"[2.896, 2.262, 2.671, 2.262, 2.896, 2.469]",53,0.4683,0.2,82,1676,2.6,1,7,0.32,129,6,3,a,,2025-08-16,False,,4,,18,0.232,
330,Bogle,Jayden Bogle,LEE,13,DEF,2,4.5,2.563,15.38,"[2.472, 2.725, 2.472, 2.988, 2.725, 1.999]",72,0.5697,0.4,96,2795,2.8,1,5,0.17,178,6,1,a,,2024-07-20,False,,,,19,0.232,
391,Gvardiol,Joško Gvardiol,MCI,15,DEF,2,5.5,2.558,15.35,"[2.676, 2.42, 2.941, 2.185, 2.941, 2.185]",46,0.4651,11.7,79,1370,4.4,2,2,0.2,103,6,5,a,,2023-08-05,False,,,,18,0.312,
347,Nmecha,Lukas Nmecha,LEE,13,FWD,4,5.5,2.547,15.28,"[2.476, 2.682, 2.476, 2.913, 2.682, 2.05]",42,0.463,0.6,73,1065,2.4,6,1,0.74,57,3,8,a,,2025-07-01,False,2,,,19,0.232,
116,Dunk,Lewis Dunk,BHA,5,DEF,2,4.5,2.535,15.21,"[2.653, 2.2, 2.897, 2.634, 2.41, 2.417]",69,0.5634,0.7,100,2837,3.0,1,1,0.08,231,7,5,a,,2009-07-01,False,,,2,18,0.271,
553,Isidor,Wilson Isidor,SUN,20,FWD,4,5.5,2.527,15.16,"[2.632, 2.851, 2.423, 2.399, 2.006, 2.851]",42,0.4595,1.2,74,1148,2.3,6,1,0.4,51,4,7,a,,2025-02-01,False,,,,18,0.247,
262,Smith Rowe,Emile Smith Rowe,FUL,10,MID,3,5.5,2.521,15.13,"[2.471, 2.496, 2.698, 2.287, 2.471, 2.704]",60,0.4584,0.4,80,1909,2.2,3,1,0.27,148,6,1,a,,2024-08-02,False,,,,20,0.247,
159,Caicedo,Moisés Caicedo Corozo,CHE,6,MID,3,5.5,2.52,15.12,"[2.444, 2.751, 2.145, 2.751, 2.444, 2.589]",64,0.4582,3.7,110,2796,3.3,3,1,0.13,366,6,10,a,,2023-08-14,False,,,,18,0.254,
454,Elanga,Anthony Elanga,NEW,17,MID,3,6.0,2.508,15.05,"[2.352, 2.375, 2.573, 2.375, 2.795, 2.58]",58,0.418,0.7,48,1302,1.5,0,1,0.23,55,2,0,a,,2025-07-11,False,,8,,17,0.259,
16,Madueke,Noni Madueke,ARS,1,MID,3,6.5,2.506,15.04,"[2.826, 2.197, 2.379, 2.403, 2.403, 2.826]",43,0.3855,0.4,72,1205,2.8,3,1,0.3,70,8,9,a,,2025-07-18,False,,7,,18,0.491,
97,Jensen,Mathias Jensen,BRE,4,MID,3,5.5,2.505,15.03,"[2.63, 2.445, 2.837, 2.445, 2.423, 2.254]",56,0.4555,0.1,98,2239,2.7,3,2,0.33,220,9,1,a,,2019-07-10,False,3,5,2,19,0.232,
233,Mykolenko,Vitalii Mykolenko,EVE,9,DEF,2,4.5,2.502,15.01,"[2.59, 2.339, 2.336, 2.339, 2.845, 2.564]",73,0.5561,1.3,95,2959,2.9,0,1,0.08,231,9,2,a,,2022-01-01,False,,,,17,0.224,
34,Pau,Pau Torres,AVL,2,DEF,2,4.5,2.494,14.97,"[2.372, 2.364, 2.605, 2.626, 2.372, 2.626]",62,0.5543,0.2,64,1673,3.0,0,2,0.09,112,5,2,a,,2023-07-12,False,,,,18,0.245,
10,White,Benjamin White,ARS,1,DEF,2,5.5,2.476,14.85,"[2.917, 2.059, 2.32, 2.32, 2.32, 2.917]",42,0.4501,0.3,45,699,3.8,0,1,0.15,53,5,3,a,,2021-07-30,False,,,,18,0.491,
286,Belloumi,Mohamed Belloumi,HUL,11,MID,3,5.0,2.468,14.81,"[2.38, 2.615, 2.614, 2.187, 2.401, 2.614]",75,0.4937,0.6,0,0,0.0,0,0,0,0,0,0,a,,2024-08-30,False,,5,2,19,0.174,
287,Millar,Liam Millar,HUL,11,MID,3,5.0,2.468,14.81,"[2.38, 2.615, 2.614, 2.187, 2.401, 2.614]",75,0.4937,0.1,0,0,0.0,0,0,0,0,0,0,a,,2024-08-09,False,,,,19,0.174,
292,Ömür,Abdülkadir Ömür,HUL,11,MID,3,5.0,2.468,14.81,"[2.38, 2.615, 2.614, 2.187, 2.401, 2.614]",75,0.4937,0.0,0,0,0.0,0,0,0,0,0,0,a,,2024-02-01,False,,,,19,0.174,
293,Kamara,Abu Kamara,HUL,11,MID,3,5.0,2.468,14.81,"[2.38, 2.615, 2.614, 2.187, 2.401, 2.614]",75,0.4937,0.1,0,0,0.0,0,0,0,0,0,0,a,,2024-08-30,False,,,,19,0.174,
296,Akintola,David Akintola,HUL,11,MID,3,5.0,2.468,14.81,"[2.38, 2.615, 2.614, 2.187, 2.401, 2.614]",75,0.4937,0.0,0,0,0.0,0,0,0,0,0,0,a,,2025-08-15,False,,,,19,0.174,
563,Morita,Hidemasa Morita,HUL,11,MID,3,5.0,2.468,14.81,"[2.38, 2.615, 2.614, 2.187, 2.401, 2.614]",75,0.4937,0.1,0,0,0.0,0,0,0,0,0,0,a,,2026-07-24,True,,,,19,0.174,
372,Mac Allister,Alexis Mac Allister,LIV,14,MID,3,5.5,2.468,14.81,"[2.343, 2.528, 2.534, 2.735, 2.343, 2.321]",59,0.4487,1.9,108,2654,2.9,2,5,0.19,229,7,9,a,,2023-06-14,False,5,,,17,0.307,
570,Palacios,César Palacios,FUL,10,MID,3,5.5,2.463,14.78,"[2.413, 2.434, 2.652, 2.215, 2.413, 2.653]",75,0.4479,0.0,0,0,0.0,0,0,0,0,0,0,a,,2026-08-03,True,,,,20,0.247,
449,Hall,Lewis Hall,NEW,17,DEF,2,5.0,2.457,14.74,"[2.306, 2.317, 2.53, 2.317, 2.755, 2.519]",65,0.4915,4.1,79,2176,2.6,1,2,0.15,173,4,4,a,,2024-07-01,False,,5,1,17,0.259,
514,Tel,Mathys Tel,TOT,19,MID,3,6.0,2.448,14.69,"[2.35, 2.753, 2.35, 2.54, 2.54, 2.154]",45,0.4079,0.4,78,1334,2.5,4,2,0.33,111,3,7,a,,2025-07-01,False,,9,,18,0.239,
358,Kerkez,Milos Kerkez,LIV,14,DEF,2,5.5,2.447,14.68,"[2.287, 2.531, 2.513, 2.783, 2.287, 2.278]",61,0.4448,5.7,85,2251,2.5,2,1,0.09,134,6,4,a,,2025-06-26,False,,,,17,0.307,
440,Zirkzee,Joshua Zirkzee,MUN,16,FWD,4,5.5,2.441,14.64,"[2.51, 2.719, 2.311, 2.288, 2.311, 2.504]",43,0.4438,0.7,42,607,1.8,2,1,0.46,44,2,6,a,,2024-07-17,False,,,,17,0.283,
256,Tete,Kenny Tete,FUL,10,DEF,2,4.5,2.426,14.55,"[2.383, 2.389, 2.621, 2.178, 2.383, 2.6]",57,0.5391,0.2,81,1791,3.7,1,0,0.12,165,6,5,a,,2020-09-10,False,,,,20,0.247,
393,Khusanov,Abdukodir Khusanov,MCI,15,DEF,2,5.5,2.41,14.46,"[2.52, 2.28, 2.765, 2.064, 2.765, 2.064]",49,0.4381,2.0,67,1427,3.2,0,0,0.12,123,6,3,a,,2025-01-20,False,,,,18,0.312,
209,Johnson,Brennan Johnson,CRY,8,MID,3,6.0,2.395,14.37,"[2.301, 2.278, 2.301, 2.7, 2.301, 2.489]",58,0.3991,0.2,65,1710,1.9,2,1,0.2,121,6,2,a,,2026-01-02,False,,,2,18,0.253,
87,Ajer,Kristoffer Ajer,BRE,4,DEF,2,4.5,2.387,14.32,"[2.516, 2.318, 2.719, 2.318, 2.313, 2.138]",56,0.5305,1.5,76,1805,2.8,0,2,0.07,192,5,1,a,,2021-07-21,False,,,,19,0.232,
392,Aït-Nouri,Rayan Aït-Nouri,MCI,15,DEF,2,5.5,2.38,14.28,"[2.494, 2.247, 2.749, 2.02, 2.749, 2.02]",43,0.4327,1.0,60,971,3.5,0,2,0.24,67,5,9,a,,2025-06-09,False,,,,18,0.312,
490,Wood,Chris Wood,NFO,18,FWD,4,6.0,2.38,14.28,"[2.683, 2.084, 2.47, 2.084, 2.683, 2.28]",54,0.3967,1.8,41,896,2.7,3,0,0.46,29,2,4,a,,2023-07-01,False,1,,,18,0.232,
362,Jacquet,Jeremy Jacquet,LIV,14,DEF,2,5.0,2.367,14.2,"[2.191, 2.462, 2.432, 2.735, 2.191, 2.189]",55,0.4733,1.9,0,0,0.0,0,0,0,0,0,0,a,,2026-07-01,True,,,,17,0.307,
364,Tsimikas,Kostas Tsimikas,LIV,14,DEF,2,5.0,2.367,14.2,"[2.191, 2.462, 2.432, 2.735, 2.191, 2.189]",55,0.4733,0.1,0,0,0.0,0,0,0,0,0,0,a,,2020-08-10,False,,,,17,0.307,
33,Mings,Tyrone Mings,AVL,2,DEF,2,4.5,2.364,14.18,"[2.26, 2.251, 2.461, 2.475, 2.26, 2.475]",59,0.5253,0.2,50,1322,2.9,0,1,0.12,107,3,4,a,,2019-07-08,False,,,,18,0.245,
377,Munoz,Victor Munoz,LIV,14,MID,3,6.5,2.354,14.12,"[2.222, 2.42, 2.421, 2.637, 2.222, 2.202]",49,0.3621,0.8,0,0,0.0,0,0,0,0,0,0,a,,2026-06-18,True,,,,17,0.307,
91,Pinnock,Ethan Pinnock,BRE,4,DEF,2,4.5,2.343,14.06,"[2.516, 2.25, 2.787, 2.25, 2.245, 2.01]",64,0.5207,0.1,14,318,3.5,0,0,0.02,42,1,2,a,,2019-07-02,False,,,,19,0.232,
92,Ji-soo,Kim Ji-soo,BRE,4,DEF,2,4.5,2.343,14.06,"[2.516, 2.25, 2.787, 2.25, 2.245, 2.01]",64,0.5207,0.0,0,0,0.0,0,0,0,0,0,0,a,,2023-07-20,False,,,,19,0.232,
93,Schuster,Jannik Schuster,BRE,4,DEF,2,4.5,2.343,14.06,"[2.516, 2.25, 2.787, 2.25, 2.245, 2.01]",64,0.5207,0.1,0,0,0.0,0,0,0,0,0,0,a,,2026-06-15,True,,,,19,0.232,
108,Wilson,Callum Wilson,BRE,4,FWD,4,5.5,2.336,14.02,"[2.464, 2.274, 2.676, 2.274, 2.251, 2.078]",46,0.4248,0.4,0,0,0.0,0,0,0,41,0,0,a,,2026-07-09,True,,,,19,0.232,
144,Gusto,Malo Gusto,CHE,6,DEF,2,5.0,2.326,13.96,"[2.199, 2.682, 1.759, 2.682, 2.199, 2.436]",53,0.4652,1.1,96,2255,2.8,2,3,0.18,126,7,7,a,,2023-01-28,False,,,,18,0.254,
333,Bornauw,Sebastiaan Bornauw,LEE,13,DEF,2,4.5,2.321,13.93,"[2.224, 2.488, 2.224, 2.756, 2.488, 1.748]",64,0.5158,0.0,25,429,2.1,0,0,0.04,49,2,0,a,,2025-07-01,False,,,,19,0.232,
420,Yoro,Leny Yoro,MUN,16,DEF,2,5.0,2.313,13.88,"[2.366, 2.558, 2.199, 2.187, 2.199, 2.373]",62,0.4627,0.7,56,1730,1.8,0,1,0.1,156,2,1,a,,2024-07-19,False,,,,17,0.283,
124,Groß,Pascal Groß,BHA,5,MID,3,5.5,2.312,13.87,"[2.4, 2.042, 2.596, 2.406, 2.203, 2.224]",47,0.4203,8.4,78,1636,4.1,1,6,0.3,145,6,10,a,,2026-01-02,False,1,5,,18,0.271,On penalties for Brighton in pre-season
254,Robinson,Antonee Robinson,FUL,10,DEF,2,4.5,2.312,13.87,"[2.271, 2.279, 2.489, 2.085, 2.271, 2.474]",56,0.5137,2.7,65,1487,3.0,1,0,0.16,136,4,7,a,,2020-08-20,False,1,,,20,0.247,
136,Welbeck,Danny Welbeck,CHE,6,FWD,4,6.0,2.301,13.81,"[2.204, 2.593, 1.825, 2.593, 2.204, 2.388]",32,0.3835,2.7,126,2249,3.4,13,1,0.55,112,10,18,a,,2026-08-01,True,,,,18,0.254,Surprise Chelsea signing at 35; squad role behind Joao Pedro
470,Morato,Felipe Rodrigues da Silva,NFO,18,DEF,2,5.0,2.293,13.76,"[2.54, 2.052, 2.369, 2.052, 2.54, 2.207]",55,0.4586,0.1,53,1340,2.5,1,0,0.1,144,2,1,a,,2024-08-30,False,,,,18,0.232,
415,Dorgu,Patrick Dorgu,MUN,16,MID,3,6.0,2.288,13.73,"[2.352, 2.547, 2.167, 2.146, 2.167, 2.346]",37,0.3813,1.8,95,1440,3.7,4,4,0.27,98,4,11,a,,2025-02-02,False,,,,17,0.283,
36,Maatsen,Ian Maatsen,AVL,2,DEF,2,4.5,2.287,13.72,"[2.196, 2.184, 2.378, 2.385, 2.196, 2.385]",62,0.5083,0.6,54,1590,1.8,0,1,0.21,128,2,1,a,,2024-06-28,False,,,,18,0.245,
501,Danso,Kevin Danso,TOT,19,DEF,2,5.0,2.28,13.68,"[2.195, 2.524, 2.195, 2.358, 2.358, 2.048]",53,0.456,0.2,63,1489,2.6,0,0,0.06,192,4,1,a,,2025-07-01,False,,,,18,0.239,
566,Silva,António João Pereira de Albuquerque Tavares da Silva,BOU,3,DEF,2,5.0,2.27,13.62,"[1.806, 2.579, 2.302, 2.579, 2.298, 2.054]",64,0.454,0.1,0,0,0.0,0,0,0,0,0,0,a,,2026-08-01,True,,,,22,0.227,
102,Yarmoliuk,Yehor Yarmoliuk,BRE,4,MID,3,5.0,2.261,13.57,"[2.352, 2.217, 2.503, 2.217, 2.201, 2.077]",56,0.4522,1.5,104,2652,2.8,1,3,0.09,338,8,1,a,,2022-10-28,False,,,,19,0.232,
486,McAtee,James McAtee,NFO,18,MID,3,5.5,2.242,13.45,"[2.54, 1.949, 2.331, 1.949, 2.54, 2.141]",60,0.4076,0.1,17,288,1.2,0,1,0.18,32,0,0,a,,2025-08-16,False,,,,18,0.232,
110,Rushworth,Carl Rushworth,COV,7,GKP,1,4.5,2.238,13.43,"[1.84, 2.678, 1.84, 2.678, 2.121, 2.678]",83,0.4973,0.8,0,0,0.0,0,0,0,0,0,0,a,,2026-08-04,True,,,,19,0.174,
172,Wilson,Ben Wilson,COV,7,GKP,1,4.5,2.238,13.43,"[1.84, 2.678, 1.84, 2.678, 2.121, 2.678]",83,0.4973,0.6,0,0,0.0,0,0,0,0,0,0,a,,2019-07-01,False,,,,19,0.174,
137,Tzimas,Stefanos Tzimas,BHA,5,FWD,4,5.5,2.231,13.38,"[2.32, 1.957, 2.52, 2.326, 2.12, 2.141]",50,0.4056,0.0,16,132,1.8,1,1,0.38,15,0,0,d,Knee injury - 75% chance of playing,2025-02-03,False,,,,18,0.271,
89,Henry,Rico Henry,BRE,4,DEF,2,4.5,2.227,13.36,"[2.381, 2.145, 2.625, 2.145, 2.137, 1.928]",55,0.4948,0.2,52,1322,2.1,0,2,0.05,68,4,0,a,,2016-08-31,False,,,,19,0.232,
431,Amad,Amad Diallo,MUN,16,MID,3,6.0,2.224,13.34,"[2.284, 2.466, 2.111, 2.091, 2.111, 2.279]",54,0.3706,1.5,91,2339,2.8,2,5,0.39,198,6,7,a,,2021-01-07,False,,6,,17,0.283,
274,Butland,Jack Butland,HUL,11,GKP,1,4.5,2.215,13.29,"[2.123, 2.364, 2.4, 1.879, 2.121, 2.4]",83,0.4922,1.0,0,0,0.0,0,0,0,0,0,0,a,,2026-07-02,True,,,,19,0.174,
572,Tzolakis,Konstantinos Tzolakis,HUL,11,GKP,1,4.5,2.215,13.29,"[2.123, 2.364, 2.4, 1.879, 2.121, 2.4]",83,0.4922,0.0,0,0,0.0,0,0,0,0,0,0,a,,2026-08-05,True,,,,19,0.174,
37,Lindelöf,Victor Lindelöf,AVL,2,DEF,2,4.5,2.199,13.19,"[2.104, 2.089, 2.296, 2.301, 2.104, 2.301]",59,0.4887,0.2,29,942,1.7,0,1,0.04,54,1,0,a,,2025-09-01,False,,,,18,0.245,
565,Sangaré,Mamadou Sangaré,BRE,4,MID,3,5.5,2.191,13.15,"[2.317, 2.129, 2.523, 2.129, 2.11, 1.94]",49,0.3984,1.0,0,0,0.0,0,0,0,0,0,0,a,,2026-08-01,True,,,,19,0.232,
255,J.Cuenca,Jorge Cuenca Barreno,FUL,10,DEF,2,4.5,2.171,13.03,"[2.142, 2.147, 2.3, 2.007, 2.142, 2.288]",55,0.4825,0.0,39,935,2.6,0,0,0.05,117,2,1,a,,2024-08-03,False,,,,20,0.247,
42,Guessand,Evann Guessand,AVL,2,MID,3,5.5,2.159,12.95,"[2.079, 2.06, 2.248, 2.243, 2.079, 2.243]",44,0.3925,0.0,44,909,2.1,1,3,0.23,83,2,0,a,,2025-08-08,False,,,,18,0.245,
265,Berge,Sander Berge,FUL,10,MID,3,5.0,2.142,12.85,"[2.104, 2.123, 2.279, 1.961, 2.104, 2.284]",70,0.4285,0.4,91,2904,2.6,0,3,0.1,280,8,3,a,,2024-08-22,False,,,,20,0.247,
326,Perri,Lucas Estella Perri,LEE,13,GKP,1,4.5,2.121,12.73,"[2.041, 2.262, 2.041, 2.492, 2.262, 1.629]",64,0.4713,0.7,43,1440,2.7,0,0,0.0,0,3,3,a,,2025-07-26,False,,,,19,0.232,
483,Ndoye,Dan Ndoye,NFO,18,MID,3,5.5,2.113,12.68,"[2.371, 1.859, 2.19, 1.859, 2.371, 2.027]",47,0.3842,0.5,50,1167,2.1,1,2,0.2,96,2,4,a,,2025-07-31,False,,,,18,0.232,
211,Yeremy,Yéremy Pino Santos,CRY,8,MID,3,5.5,2.109,12.66,"[2.028, 2.009, 2.028, 2.372, 2.028, 2.191]",54,0.3835,0.2,77,2074,2.3,2,2,0.47,167,7,3,a,,2025-08-29,False,,6,1,18,0.253,
54,Gomes,Joao Gomes,AVL,2,MID,3,5.5,2.108,12.65,"[2.067, 2.057, 2.154, 2.151, 2.067, 2.151]",55,0.3832,0.3,85,2207,3.0,1,1,0.1,387,4,4,a,,2026-07-20,True,,,,18,0.245,
536,Reinildo,Reinildo Mandava,SUN,20,DEF,2,4.5,2.091,12.55,"[2.169, 2.394, 1.987, 1.982, 1.622, 2.394]",53,0.4647,0.5,74,1966,3.0,0,2,0.04,164,6,6,a,,2025-07-08,False,,,,18,0.247,
403,Savinho,Sávio Moreira de Oliveira,MCI,15,MID,3,6.5,2.06,12.36,"[2.141, 1.968, 2.332, 1.793, 2.332, 1.793]",33,0.3169,0.1,43,817,1.8,1,2,0.46,59,3,1,a,,2024-07-18,False,,,,18,0.312,
485,Bakwa,Dilane Bakwa,NFO,18,MID,3,5.5,2.048,12.29,"[2.321, 1.781, 2.13, 1.781, 2.321, 1.956]",55,0.3724,0.0,26,549,1.9,0,2,0.26,35,2,1,a,,2025-09-01,False,,6,,18,0.232,
258,Castagne,Timothy Castagne,FUL,10,DEF,2,4.5,2.045,12.27,"[2.008, 2.018, 2.201, 1.845, 2.008, 2.191]",60,0.4545,0.2,61,1838,2.0,0,2,0.14,146,3,3,a,,2023-08-29,False,,,,20,0.247,
545,Sadiki,Noah Sadiki,SUN,20,MID,3,5.0,2.039,12.24,"[2.118, 2.282, 1.962, 1.944, 1.649, 2.282]",71,0.4079,0.4,80,2891,2.4,0,2,0.09,248,9,0,a,,2025-07-04,False,,,,18,0.247,
115,De Cuyper,Maxim De Cuyper,BHA,5,DEF,2,4.5,2.018,12.11,"[2.118, 1.729, 2.328, 2.107, 1.908, 1.918]",38,0.4485,1.4,84,1404,2.8,2,3,0.37,64,5,9,a,,2025-07-05,False,,,3,18,0.271,
205,Sosa,Borna Sosa,CRY,8,DEF,2,4.5,2.008,12.05,"[1.894, 1.891, 1.894, 2.352, 1.894, 2.121]",55,0.4461,0.0,6,99,0.9,0,0,0.1,9,0,0,a,,2025-07-11,False,,,,18,0.253,
207,Mingueza,Oscar Mingueza,CRY,8,DEF,2,4.5,2.008,12.05,"[1.894, 1.891, 1.894, 2.352, 1.894, 2.121]",55,0.4461,0.1,0,0,0.0,0,0,0,0,0,0,a,,2026-07-09,True,,,,18,0.253,
220,Cardines,Rio Cardines,CRY,8,DEF,2,4.5,2.008,12.05,"[1.894, 1.891, 1.894, 2.352, 1.894, 2.121]",55,0.4461,0.0,2,90,2.0,0,0,0.18,7,0,0,a,,2025-07-24,False,,,,18,0.253,
210,Wharton,Adam Wharton,CRY,8,MID,3,5.5,1.991,11.95,"[1.927, 1.911, 1.927, 2.201, 1.927, 2.056]",45,0.3621,0.2,112,2552,3.3,1,6,0.31,303,8,8,d,Ankle injury - 75% chance of playing,2024-02-01,False,,5,,18,0.253,
127,Gomez,Diego Gómez Amarilla,BHA,5,MID,3,5.0,1.967,11.8,"[2.034, 1.762, 2.184, 2.039, 1.884, 1.9]",42,0.3934,1.8,97,2117,3.0,5,1,0.34,238,8,9,a,,2025-01-01,False,,,4,18,0.271,
450,Livramento,Tino Livramento,NEW,17,DEF,2,5.0,1.966,11.8,"[1.822, 1.825, 2.042, 1.825, 2.263, 2.02]",43,0.3932,0.1,59,1326,3.5,0,1,0.07,68,6,3,d,Calf injury - 75% chance of playing,2023-08-08,False,,,,17,0.259,
239,Garner,James Garner,EVE,9,MID,3,6.0,1.966,11.79,"[2.004, 1.887, 1.873, 1.887, 2.134, 2.008]",40,0.3276,0.7,159,3413,4.2,2,7,0.22,458,11,13,i,Groin injury - Expected back 22 Aug,2022-09-01,False,3,4,1,17,0.224,
242,George,Tyrique George,EVE,9,MID,3,5.5,1.964,11.78,"[2.019, 1.854, 1.838, 1.854, 2.199, 2.02]",49,0.3571,0.1,16,351,1.1,0,0,0.47,23,1,0,a,,2026-07-06,True,,,,17,0.224,
245,Dibling,Tyler Dibling,EVE,9,MID,3,5.5,1.964,11.78,"[2.019, 1.854, 1.838, 1.854, 2.199, 2.02]",49,0.3571,0.1,18,349,1.3,0,0,0.09,40,2,0,a,,2025-08-25,False,,,,17,0.224,
247,Hackney,Hayden Hackney,EVE,9,MID,3,5.5,1.964,11.78,"[2.019, 1.854, 1.838, 1.854, 2.199, 2.02]",49,0.3571,0.3,0,0,0.0,0,0,0,0,0,0,a,,2026-07-02,True,,,,17,0.224,
173,Thomas,Bobby Thomas,COV,7,DEF,2,4.0,1.96,11.76,"[1.662, 2.319, 1.662, 2.319, 1.868, 2.319]",75,0.49,8.9,0,0,0.0,0,0,0,0,0,0,a,,2023-07-22,False,,,,19,0.174,
174,Kitching,Liam Kitching,COV,7,DEF,2,4.0,1.96,11.76,"[1.662, 2.319, 1.662, 2.319, 1.868, 2.319]",75,0.49,0.4,0,0,0.0,0,0,0,0,0,0,a,,2023-09-01,False,,,,19,0.174,
176,Dasilva,Jay Dasilva,COV,7,DEF,2,4.0,1.96,11.76,"[1.662, 2.319, 1.662, 2.319, 1.868, 2.319]",75,0.49,0.5,0,0,0.0,0,0,0,0,0,0,a,,2023-07-01,False,,,,19,0.174,
177,Kesler-Hayden,Kaine Kesler-Hayden,COV,7,DEF,2,4.0,1.96,11.76,"[1.662, 2.319, 1.662, 2.319, 1.868, 2.319]",75,0.49,0.1,0,0,0.0,0,0,0,0,0,0,a,,2025-07-01,False,,,,19,0.174,
178,Bidwell,Jake Bidwell,COV,7,DEF,2,4.0,1.96,11.76,"[1.662, 2.319, 1.662, 2.319, 1.868, 2.319]",75,0.49,0.1,0,0,0.0,0,0,0,0,0,0,a,,2022-01-17,False,,,,19,0.174,
179,Latibeaudiere,Joel Latibeaudiere,COV,7,DEF,2,4.0,1.96,11.76,"[1.662, 2.319, 1.662, 2.319, 1.868, 2.319]",75,0.49,0.1,0,0,0.0,0,0,0,0,0,0,a,,2023-07-18,False,,,,19,0.174,
180,Woolfenden,Luke Woolfenden,COV,7,DEF,2,4.0,1.96,11.76,"[1.662, 2.319, 1.662, 2.319, 1.868, 2.319]",75,0.49,0.3,0,0,0.0,0,0,0,0,0,0,a,,2025-09-01,False,,,,19,0.174,
181,Brau,Miguel Brau,COV,7,DEF,2,4.0,1.96,11.76,"[1.662, 2.319, 1.662, 2.319, 1.868, 2.319]",75,0.49,0.1,0,0,0.0,0,0,0,0,0,0,a,,2025-07-01,False,,,,19,0.174,
182,Amenda,Aurèle Amenda,COV,7,DEF,2,4.0,1.96,11.76,"[1.662, 2.319, 1.662, 2.319, 1.868, 2.319]",75,0.49,0.5,0,0,0.0,0,0,0,0,0,0,a,,2026-07-16,True,,,,19,0.174,
157,Estêvão,Estêvão Almeida de Oliveira Gonçalves,CHE,6,MID,3,6.5,1.953,11.72,"[1.866, 2.21, 1.536, 2.21, 1.866, 2.03]",34,0.3005,1.8,58,839,2.6,2,5,0.54,56,4,4,a,,2025-07-14,False,3,8,,18,0.254,Scored v Spurs; first goal of pre-season
126,O'Riley,Matt O'Riley,BHA,5,MID,3,5.5,1.952,11.71,"[2.035, 1.701, 2.218, 2.036, 1.852, 1.868]",49,0.3548,0.1,16,202,2.7,1,0,0.62,10,1,2,a,,2024-08-26,False,2,,,18,0.271,
241,McNeil,Dwight McNeil,EVE,9,MID,3,5.5,1.951,11.71,"[1.998, 1.856, 1.838, 1.856, 2.158, 2.003]",41,0.3548,0.1,53,1161,2.4,0,3,0.26,111,6,1,a,,2022-07-28,False,,6,2,17,0.224,
419,Martinez,Lisandro Martínez,MUN,16,DEF,2,5.0,1.952,11.71,"[1.999, 2.218, 1.824, 1.823, 1.824, 2.021]",43,0.3903,0.6,51,1229,2.8,0,0,0.05,105,5,3,d,Thigh injury - 75% chance of playing,2022-07-17,False,,,,17,0.283,
277,Egan,John Egan,HUL,11,DEF,2,4.0,1.942,11.65,"[1.865, 2.069, 2.092, 1.667, 1.868, 2.092]",75,0.4856,0.9,0,0,0.0,0,0,0,0,0,0,a,,2025-02-03,False,,,,19,0.174,
279,Ajayi,Semi Ajayi,HUL,11,DEF,2,4.0,1.942,11.65,"[1.865, 2.069, 2.092, 1.667, 1.868, 2.092]",75,0.4856,0.6,0,0,0.0,0,0,0,0,0,0,a,,2025-07-01,False,,,,19,0.174,
280,Coyle,Lewie Coyle,HUL,11,DEF,2,4.0,1.942,11.65,"[1.865, 2.069, 2.092, 1.667, 1.868, 2.092]",75,0.4856,0.4,0,0,0.0,0,0,0,0,0,0,a,,2020-08-07,False,,,,19,0.174,
281,Drameh,Cody Drameh,HUL,11,DEF,2,4.0,1.942,11.65,"[1.865, 2.069, 2.092, 1.667, 1.868, 2.092]",75,0.4856,0.1,0,0,0.0,0,0,0,0,0,0,a,,2024-07-23,False,,,,19,0.174,
282,Giles,Ryan Giles,HUL,11,DEF,2,4.0,1.942,11.65,"[1.865, 2.069, 2.092, 1.667, 1.868, 2.092]",75,0.4856,0.6,0,0,0.0,0,0,0,0,0,0,a,,2024-06-27,False,,4,1,19,0.174,
284,McCarthy,Cathal McCarthy,HUL,11,DEF,2,4.0,1.942,11.65,"[1.865, 2.069, 2.092, 1.667, 1.868, 2.092]",75,0.4856,0.1,0,0,0.0,0,0,0,0,0,0,a,,,False,,,,19,0.174,
285,McNair,Paddy McNair,HUL,11,DEF,2,4.0,1.942,11.65,"[1.865, 2.069, 2.092, 1.667, 1.868, 2.092]",75,0.4856,0.1,0,0,0.0,0,0,0,0,0,0,a,,2026-01-28,False,,,,19,0.174,
556,Targett,Matt Targett,HUL,11,DEF,2,4.0,1.942,11.65,"[1.865, 2.069, 2.092, 1.667, 1.868, 2.092]",75,0.4856,2.6,0,0,0.0,0,0,0,0,0,0,a,,2026-07-23,True,,,,19,0.174,
62,Diakité,Bafodé Diakité,BOU,3,DEF,2,5.0,1.929,11.58,"[1.609, 2.143, 1.951, 2.143, 1.949, 1.78]",51,0.3859,0.2,46,1275,2.6,0,0,0.01,117,4,2,a,,2025-08-13,False,,,,22,0.227,
482,Hudson-Odoi,Callum Hudson-Odoi,NFO,18,MID,3,6.0,1.928,11.57,"[2.173, 1.689, 2.001, 1.689, 2.173, 1.847]",40,0.3214,0.0,88,1838,2.9,3,4,0.29,106,6,8,d,Thigh injury - 75% chance of playing,2023-09-01,False,,,4,18,0.232,
90,Hickey,Aaron Hickey,BRE,4,DEF,2,4.5,1.921,11.53,"[2.063, 1.845, 2.285, 1.845, 1.841, 1.648]",53,0.427,0.1,37,679,1.8,0,0,0.08,51,2,0,a,,2022-07-09,False,,,,19,0.232,
5,J.Timber,Jurriën Timber,ARS,1,DEF,2,6.5,1.907,11.44,"[2.214, 1.615, 1.796, 1.801, 1.801, 2.214]",30,0.2933,0.5,149,2452,5.0,3,6,0.23,148,13,9,i,Groin injury - Expected back 21 Aug,2023-07-14,False,,,,18,0.491,
512,Kudus,Mohammed Kudus,TOT,19,MID,3,6.5,1.9,11.4,"[1.825, 2.133, 1.825, 1.971, 1.971, 1.675]",38,0.2923,0.2,75,1535,3.9,2,6,0.25,133,7,7,d,Thigh injury - 75% chance of playing,2025-07-10,False,2,7,3,18,0.239,
222,Strand Larsen,Jørgen Strand Larsen,CRY,8,FWD,4,6.0,1.898,11.39,"[1.822, 1.804, 1.822, 2.144, 1.822, 1.974]",56,0.3163,0.6,75,2301,2.1,4,1,0.25,95,5,3,a,,2026-02-02,False,,,,18,0.253,
455,Tonali,Sandro Tonali,TOT,19,MID,3,5.5,1.868,11.21,"[1.802, 2.072, 1.802, 1.929, 1.929, 1.67]",57,0.3395,4.0,81,2534,2.3,0,2,0.16,257,7,2,a,,2026-07-06,True,,10,4,18,0.239,Scored v Chelsea
271,Muniz,Rodrigo Muniz Carvalho,FUL,10,FWD,4,5.5,1.865,11.19,"[1.827, 1.846, 1.999, 1.687, 1.827, 2.004]",42,0.3391,0.7,36,987,1.7,1,1,0.31,52,3,3,a,,2021-08-20,False,,,,20,0.247,Converted a penalty v Farense - Fulham's pen situation is open
149,Colwill,Levi Samuels Colwill,CHE,6,DEF,2,5.0,1.853,11.12,"[1.744, 2.154, 1.377, 2.154, 1.744, 1.947]",40,0.3706,1.8,8,225,2.7,0,0,0.05,25,0,0,a,,2022-07-01,False,,,,18,0.254,
206,Chadi Riad,Chadi Riad Dnanou,CRY,8,DEF,2,4.5,1.844,11.06,"[1.74, 1.736, 1.74, 2.16, 1.74, 1.948]",51,0.4097,0.1,20,550,2.2,0,1,0.07,45,1,0,a,,,False,,,,18,0.253,
300,Walton,Christian Walton,IPS,12,GKP,1,4.5,1.84,11.04,"[2.131, 1.84, 1.84, 1.84, 1.84, 2.131]",83,0.4089,0.6,0,0,0.0,0,0,0,0,0,0,a,,2022-01-19,False,,,,18,0.174,
554,Van Oevelen,Kayne van Oevelen,IPS,12,GKP,1,4.5,1.84,11.04,"[2.131, 1.84, 1.84, 1.84, 1.84, 2.131]",83,0.4089,0.1,0,0,0.0,0,0,0,0,0,0,a,,2026-07-21,True,,,,18,0.174,
564,Scherpen,Kjell Scherpen,IPS,12,GKP,1,4.5,1.84,11.04,"[2.131, 1.84, 1.84, 1.84, 1.84, 2.131]",83,0.4089,0.3,0,0,0.0,0,0,0,0,0,0,a,,2026-07-28,True,,,,18,0.174,
537,Seelt,Jenson Seelt,SUN,20,DEF,2,4.5,1.829,10.97,"[1.907, 2.146, 1.718, 1.716, 1.339, 2.146]",55,0.4064,0.0,2,133,1.0,0,0,0.01,12,0,0,a,,2023-07-01,False,,,,18,0.247,
541,Meunier,Thomas Meunier,SUN,20,DEF,2,4.5,1.829,10.97,"[1.907, 2.146, 1.718, 1.716, 1.339, 2.146]",55,0.4064,0.5,0,0,0.0,0,0,0,0,0,0,a,,2026-07-15,True,,,,18,0.247,
331,Gudmundsson,Gabriel Gudmundsson,LEE,13,DEF,2,4.5,1.818,10.91,"[1.753, 1.932, 1.753, 2.116, 1.932, 1.512]",68,0.404,0.5,68,2637,2.1,0,0,0.14,184,5,8,a,,2025-07-08,False,,,,19,0.232,
194,Thomas-Asante,Brandon Thomas-Asante,COV,7,FWD,4,5.0,1.804,10.82,"[1.448, 2.059, 1.448, 2.059, 1.75, 2.059]",46,0.3607,0.9,0,0,0.0,0,0,0,0,0,0,a,,2024-08-01,False,4,,,19,0.174,
195,Simms,Ellis Simms,COV,7,FWD,4,5.0,1.804,10.82,"[1.448, 2.059, 1.448, 2.059, 1.75, 2.059]",46,0.3607,0.6,0,0,0.0,0,0,0,0,0,0,a,,2023-07-07,False,,,,19,0.174,
196,Markelo,Jahnoah Markelo,COV,7,FWD,4,5.0,1.804,10.82,"[1.448, 2.059, 1.448, 2.059, 1.75, 2.059]",46,0.3607,0.1,0,0,0.0,0,0,0,0,0,0,a,,2026-01-27,False,,,,19,0.174,
175,van Ewijk,Milan van Ewijk,COV,7,DEF,2,4.0,1.764,10.58,"[1.662, 2.087, 1.662, 2.087, 1.681, 2.087]",75,0.441,16.4,0,0,0.0,0,0,0,0,0,0,a,,2023-07-27,False,,,,19,0.174,Promoted-side defender; cheap DefCon punt
298,Destan,Enis Destan,HUL,11,FWD,4,4.5,1.739,10.44,"[1.678, 1.841, 1.836, 1.549, 1.695, 1.836]",46,0.3865,2.6,0,0,0.0,0,0,0,0,0,0,a,,2025-08-01,False,,,,19,0.174,
472,Murillo,Murillo Costa dos Santos,NFO,18,DEF,2,5.5,1.728,10.37,"[1.94, 1.521, 1.794, 1.521, 1.94, 1.65]",43,0.3141,0.2,83,2130,3.3,1,0,0.05,223,6,3,d,Muscular injury - 75% chance of playing,2023-08-31,False,,,2,18,0.232,
473,Aina,Ola Aina,NFO,18,DEF,2,4.5,1.729,10.37,"[1.986, 1.479, 1.809, 1.479, 1.986, 1.635]",41,0.3842,4.6,67,1587,3.7,0,2,0.07,130,6,5,a,,2023-07-22,False,,,,18,0.232,
488,Sangaré,Ibrahim Sangaré,NFO,18,MID,3,5.0,1.716,10.3,"[1.881, 1.555, 1.765, 1.555, 1.881, 1.662]",40,0.3432,0.5,89,2073,3.2,2,2,0.13,267,8,2,a,,2023-09-01,False,,,,18,0.232,
316,Emersonn,Emersonn Correia da Silva,IPS,12,FWD,4,5.5,1.692,10.15,"[1.909, 1.604, 1.607, 1.623, 1.623, 1.909]",72,0.3077,0.3,0,0,0.0,0,0,0,0,0,0,a,,2026-07-08,True,,,,18,0.174,
303,Kipré,Cédric Kipré,IPS,12,DEF,2,4.0,1.662,9.97,"[1.725, 1.662, 1.662, 1.662, 1.662, 1.725]",75,0.4156,0.4,0,0,0.0,0,0,0,0,0,0,a,,2026-07-01,True,,,,18,0.174,
304,O'Shea,Dara O'Shea,IPS,12,DEF,2,4.0,1.662,9.97,"[1.725, 1.662, 1.662, 1.662, 1.662, 1.725]",75,0.4156,1.6,0,0,0.0,0,0,0,0,0,0,a,,2024-08-25,False,,,,18,0.174,
305,Davis,Leif Davis,IPS,12,DEF,2,4.0,1.662,9.97,"[1.725, 1.662, 1.662, 1.662, 1.662, 1.725]",75,0.4156,3.4,0,0,0.0,0,0,0,0,0,0,a,,2022-07-25,False,,6,2,18,0.174,
306,Greaves,Jacob Greaves,IPS,12,DEF,2,4.0,1.662,9.97,"[1.725, 1.662, 1.662, 1.662, 1.662, 1.725]",75,0.4156,0.5,0,0,0.0,0,0,0,0,0,0,a,,2024-07-12,False,,,,18,0.174,
307,Johnson,Ben Johnson,IPS,12,DEF,2,4.0,1.662,9.97,"[1.725, 1.662, 1.662, 1.662, 1.662, 1.725]",75,0.4156,0.1,0,0,0.0,0,0,0,0,0,0,a,,2024-07-01,False,,,,18,0.174,
308,Furlong,Darnell Furlong,IPS,12,DEF,2,4.0,1.662,9.97,"[1.725, 1.662, 1.662, 1.662, 1.662, 1.725]",75,0.4156,0.3,0,0,0.0,0,0,0,0,0,0,a,,2025-08-28,False,,,,18,0.174,
313,Clarke,Jack Clarke,IPS,12,MID,3,5.5,1.662,9.97,"[1.818, 1.662, 1.662, 1.662, 1.662, 1.818]",75,0.3022,0.3,0,0,0.0,0,0,0,0,0,0,a,,2024-08-24,False,2,8,3,18,0.174,
315,Fatawu,Abdul Fatawu,IPS,12,MID,3,5.5,1.662,9.97,"[1.818, 1.662, 1.662, 1.662, 1.662, 1.818]",75,0.3022,0.3,0,0,0.0,0,0,0,0,0,0,a,,2026-07-21,True,,,,18,0.174,Created the winner v Le Havre
318,Philogene,Jaden Philogene,IPS,12,MID,3,5.5,1.662,9.97,"[1.818, 1.662, 1.662, 1.662, 1.662, 1.818]",75,0.3022,0.2,0,0,0.0,0,0,0,0,0,0,a,,2025-01-15,False,3,5,,18,0.174,
562,Maeda,Daizen Maeda,IPS,12,MID,3,5.5,1.662,9.97,"[1.818, 1.662, 1.662, 1.662, 1.662, 1.818]",75,0.3022,0.4,0,0,0.0,0,0,0,0,0,0,a,,2026-07-25,True,,,,18,0.174,Impressed with pressing and directness
104,Onyeka,Frank Onyeka,COV,7,MID,3,5.0,1.635,9.81,"[1.3, 1.876, 1.3, 1.876, 1.582, 1.876]",49,0.327,0.2,12,88,2.0,0,2,0.37,10,0,0,a,,2026-07-01,True,,,,19,0.174,
184,Grimes,Matt Grimes,COV,7,MID,3,5.0,1.635,9.81,"[1.3, 1.876, 1.3, 1.876, 1.582, 1.876]",49,0.327,0.2,0,0,0.0,0,0,0,0,0,0,a,,2025-01-31,False,3,4,,19,0.174,
185,Sakamoto,Tatsuhiro Sakamoto,COV,7,MID,3,5.0,1.635,9.81,"[1.3, 1.876, 1.3, 1.876, 1.582, 1.876]",49,0.327,0.1,0,0,0.0,0,0,0,0,0,0,a,,2023-07-10,False,,,,19,0.174,
187,Eccles,Josh Eccles,COV,7,MID,3,5.0,1.635,9.81,"[1.3, 1.876, 1.3, 1.876, 1.582, 1.876]",49,0.327,0.0,0,0,0.0,0,0,0,0,0,0,a,,2018-07-01,False,,,,19,0.174,
213,Lerma,Jefferson Lerma Solís,CRY,8,MID,3,5.0,1.634,9.8,"[1.585, 1.573, 1.585, 1.791, 1.585, 1.682]",40,0.3267,0.1,69,1722,2.2,0,5,0.18,220,7,3,a,,2023-07-01,False,,,,18,0.253,
214,Kamada,Daichi Kamada,CRY,8,MID,3,5.0,1.608,9.65,"[1.555, 1.542, 1.555, 1.78, 1.555, 1.661]",43,0.3216,0.3,67,1899,2.4,0,2,0.23,208,6,0,a,,2024-07-01,False,,8,,18,0.253,
516,Bentancur,Rodrigo Bentancur,TOT,19,MID,3,5.5,1.575,9.45,"[1.531, 1.712, 1.531, 1.616, 1.616, 1.442]",34,0.2863,0.1,86,1880,3.3,1,1,0.07,278,8,4,a,,2022-01-31,False,,,,18,0.239,
369,Ngumoha,Rio Ngumoha,LIV,14,MID,3,6.0,1.508,9.05,"[1.423, 1.55, 1.55, 1.689, 1.423, 1.411]",34,0.2513,1.7,43,547,2.3,2,1,0.55,30,2,4,a,,2024-12-17,False,,,,17,0.307,
505,Spence,Djed Spence,TOT,19,DEF,2,4.5,1.503,9.02,"[1.412, 1.761, 1.412, 1.586, 1.586, 1.259]",38,0.3339,9.3,78,2049,2.6,0,0,0.12,116,9,3,a,,2022-07-19,False,,,,18,0.239,
259,Diop,Issa Diop,IPS,12,DEF,2,4.0,1.463,8.78,"[1.463, 1.463, 1.463, 1.463, 1.463, 1.463]",66,0.3656,19.6,31,812,2.4,1,0,0.1,61,1,3,a,,2026-07-22,True,,,,18,0.174,£4.0m Ipswich defender under O'Neil's organised setup
73,Adams,Tyler Adams,BOU,3,MID,3,5.0,1.459,8.76,"[1.29, 1.569, 1.478, 1.569, 1.467, 1.384]",35,0.2919,0.7,77,1769,3.1,2,2,0.06,232,7,3,a,,2023-08-20,False,,,,22,0.227,
117,Coppola,Diego Coppola,BHA,5,DEF,2,4.5,1.438,8.63,"[1.521, 1.206, 1.69, 1.503, 1.353, 1.354]",40,0.3195,0.0,10,193,2.0,0,0,0.0,18,1,0,a,,,False,,,,18,0.271,
118,Igor,Igor Julio dos Santos de Paulo,BHA,5,DEF,2,4.5,1.438,8.63,"[1.521, 1.206, 1.69, 1.503, 1.353, 1.354]",40,0.3195,0.1,6,103,1.5,0,0,0.0,13,0,0,a,,2023-07-26,False,,,,18,0.271,
119,Costinha,João Pedro Loureiro da Costa,BHA,5,DEF,2,4.5,1.438,8.63,"[1.521, 1.206, 1.69, 1.503, 1.353, 1.354]",40,0.3195,0.0,0,0,0.0,0,0,0,0,0,0,a,,2026-06-15,True,,,,18,0.271,
216,Esse,Romain Esse,CRY,8,MID,3,5.0,1.409,8.45,"[1.349, 1.337, 1.349, 1.599, 1.349, 1.468]",35,0.2817,0.1,4,40,1.0,0,0,0.09,5,0,0,a,,2025-01-18,False,,,,18,0.253,
217,M.França,Matheus França de Oliveira,CRY,8,MID,3,5.0,1.409,8.45,"[1.349, 1.337, 1.349, 1.599, 1.349, 1.468]",35,0.2817,0.0,0,0,0.0,0,0,0,0,0,0,a,,2023-08-05,False,,,,18,0.253,
218,Doucouré,Cheick Doucouré,CRY,8,MID,3,5.0,1.409,8.45,"[1.349, 1.337, 1.349, 1.599, 1.349, 1.468]",35,0.2817,0.1,0,0,0.0,0,0,0,0,0,0,a,,2022-07-11,False,,,,18,0.253,
219,J.Rak-Sakyi,Jesurun Rak-Sakyi,CRY,8,MID,3,5.0,1.409,8.45,"[1.349, 1.337, 1.349, 1.599, 1.349, 1.468]",35,0.2817,0.0,0,0,0.0,0,0,0,0,0,0,a,,2021-04-09,False,,,,18,0.253,
234,Patterson,Nathan Patterson,EVE,9,DEF,2,4.5,1.391,8.34,"[1.445, 1.289, 1.287, 1.289, 1.603, 1.429]",40,0.309,0.0,22,238,3.1,0,0,0.03,31,2,0,a,,2022-01-04,False,,,,17,0.224,
238,Grealish,Jack Grealish,MCI,15,MID,3,6.5,1.363,8.18,"[1.413, 1.308, 1.53, 1.199, 1.53, 1.199]",27,0.2097,0.2,79,1627,4.0,2,6,0.3,135,7,12,d,Foot injury - 75% chance of playing,2021-08-05,False,,,,18,0.312,
27,G.Jesus,Gabriel Fernando de Jesus,ARS,1,FWD,4,6.0,1.355,8.13,"[1.529, 1.187, 1.286, 1.299, 1.299, 1.529]",25,0.2258,0.4,24,418,1.7,3,0,0.64,30,1,0,a,,2022-07-04,False,,,,18,0.491,
283,Jacob,Matty Jacob,HUL,11,DEF,2,4.0,1.34,8.04,"[1.287, 1.428, 1.444, 1.15, 1.289, 1.444]",52,0.3351,0.1,0,0,0.0,0,0,0,0,0,0,d,Hip injury - 75% chance of playing,2019-07-01,False,,,,19,0.174,
404,Reijnders,Tijjani Reijnders,MCI,15,MID,3,6.0,1.337,8.02,"[1.387, 1.281, 1.506, 1.171, 1.506, 1.171]",24,0.2228,0.4,92,1623,3.3,5,3,0.39,100,7,6,a,,2025-06-10,False,,6,4,18,0.312,
43,Tielemans,Youri Tielemans,MUN,16,MID,3,6.0,1.33,7.98,"[1.364, 1.466, 1.267, 1.256, 1.267, 1.361]",30,0.2217,0.8,68,1857,2.7,0,4,0.22,203,4,3,d,Hamstring injury - 75% chance of playing,2026-07-14,True,3,,,17,0.283,
215,Devenny,Justin Devenny,CRY,8,MID,3,5.0,1.326,7.96,"[1.27, 1.259, 1.27, 1.506, 1.27, 1.382]",33,0.2652,0.0,36,785,1.7,1,0,0.31,72,1,0,a,,2024-03-13,False,3,,3,18,0.253,
478,Netz,Luca Netz,NFO,18,DEF,2,4.5,1.326,7.96,"[1.549, 1.109, 1.396, 1.109, 1.549, 1.244]",40,0.2947,0.0,11,353,1.6,0,0,0.1,27,0,0,a,,2026-02-02,False,,,,18,0.232,
345,Tanaka,Tanaka Ao,LEE,13,MID,3,5.0,1.312,7.87,"[1.28, 1.372, 1.28, 1.475, 1.372, 1.09]",27,0.2623,0.3,67,1307,2.4,2,1,0.2,147,3,4,a,,2024-08-30,False,,6,,19,0.232,
441,Obi,Chido Obi,MUN,16,FWD,4,4.5,1.31,7.86,"[1.347, 1.459, 1.24, 1.228, 1.24, 1.344]",25,0.2911,1.2,0,0,0.0,0,0,0,0,0,0,a,,2025-02-15,False,,,,17,0.283,
114,Boscagli,Olivier Boscagli,BHA,5,DEF,2,4.5,1.284,7.7,"[1.358, 1.076, 1.509, 1.342, 1.208, 1.209]",36,0.2853,0.1,39,799,3.2,0,1,0.06,78,3,4,a,,2025-07-02,False,,,,18,0.271,
422,Mazraoui,Noussair Mazraoui,MUN,16,DEF,2,4.5,1.237,7.42,"[1.266, 1.402, 1.158, 1.157, 1.158, 1.28]",26,0.2749,0.7,53,977,2.6,0,0,0.05,94,5,6,a,,2024-08-13,False,,,,17,0.283,
224,Nketiah,Eddie Nketiah,CRY,8,FWD,4,5.5,1.208,7.25,"[1.16, 1.148, 1.16, 1.364, 1.16, 1.256]",25,0.2196,0.5,23,414,1.9,2,0,0.48,38,0,3,a,,2024-08-30,False,,,,18,0.253,
348,Piroe,Joël Piroe,LEE,13,FWD,4,5.0,1.198,7.19,"[1.165, 1.262, 1.165, 1.371, 1.262, 0.964]",25,0.2396,0.5,17,244,1.1,0,0,0.38,14,1,0,a,,2023-08-24,False,3,,,19,0.232,
373,C.Jones,Curtis Jones,LIV,14,MID,3,5.5,1.191,7.14,"[1.141, 1.215, 1.217, 1.297, 1.141, 1.132]",27,0.2165,0.1,81,1923,2.4,1,3,0.23,237,3,6,a,,2018-04-06,False,,,,17,0.307,
547,Mundle,Romaine Mundle,SUN,20,MID,3,5.0,1.19,7.14,"[1.239, 1.35, 1.137, 1.127, 0.933, 1.35]",35,0.2379,0.0,14,399,1.0,0,0,0.31,33,0,0,a,,2024-02-01,False,,,,18,0.247,
550,Jocelin.T,Djiamgone Jocelin Ta Bi,SUN,20,MID,3,5.0,1.19,7.14,"[1.239, 1.35, 1.137, 1.127, 0.933, 1.35]",35,0.2379,0.0,1,38,1.0,0,0,0.09,3,0,0,a,,2026-01-16,False,,,,18,0.247,
551,Angulo,Nilson Angulo,SUN,20,MID,3,5.0,1.19,7.14,"[1.239, 1.35, 1.137, 1.127, 0.933, 1.35]",35,0.2379,0.1,13,401,1.6,0,0,0.2,35,1,0,a,,2026-02-02,False,,,,18,0.247,
107,Furo,Kaye Furo,BRE,4,FWD,4,4.5,1.182,7.09,"[1.246, 1.151, 1.354, 1.151, 1.139, 1.051]",25,0.2627,0.9,1,1,1.0,0,0,0.0,0,0,0,a,,2026-01-11,False,,,,19,0.232,
344,Gruev,Ilia Gruev,LEE,13,MID,3,5.0,1.181,7.09,"[1.15, 1.241, 1.15, 1.343, 1.241, 0.962]",27,0.2362,0.0,56,1318,2.4,0,4,0.09,114,5,3,a,,2023-08-31,False,,,,19,0.232,
158,Gittens,Jamie Bynoe-Gittens,CHE,6,MID,3,6.0,1.174,7.04,"[1.122, 1.328, 0.923, 1.328, 1.122, 1.22]",22,0.1956,0.1,25,486,1.6,0,2,0.32,29,1,0,a,,2025-07-05,False,,,,18,0.254,3 goals + 2 assists across pre-season
267,Lukić,Saša Lukić,FUL,10,MID,3,5.0,1.159,6.96,"[1.139, 1.149, 1.231, 1.064, 1.139, 1.234]",30,0.2318,0.1,67,1730,2.6,1,4,0.22,183,6,4,a,,2023-01-31,False,,5,2,20,0.247,
474,Jair Cunha,Jair Paula da Cunha Filho,NFO,18,DEF,2,4.5,1.157,6.94,"[1.352, 0.968, 1.218, 0.968, 1.352, 1.086]",35,0.2572,0.4,13,514,1.4,0,0,0.06,47,0,0,a,,2025-07-11,False,,,,18,0.232,
339,Longstaff,Sean Longstaff,LEE,13,MID,3,5.0,1.152,6.91,"[1.124, 1.207, 1.124, 1.299, 1.207, 0.952]",23,0.2304,0.2,56,1003,2.4,2,2,0.28,110,1,5,a,,2025-07-18,False,,5,2,19,0.232,
77,Adli,Amine Adli,BOU,3,MID,3,5.0,1.148,6.89,"[0.989, 1.251, 1.165, 1.251, 1.155, 1.077]",23,0.2296,0.2,67,1074,2.2,3,2,0.36,123,3,4,a,,2025-08-21,False,,,,22,0.227,
131,Baleba,Carlos Baleba,BHA,5,MID,3,5.0,1.141,6.85,"[1.173, 1.043, 1.245, 1.175, 1.101, 1.109]",30,0.2282,0.6,56,1646,1.8,0,0,0.08,209,7,0,a,,2023-08-29,False,,,,18,0.271,
74,Brooks,David Brooks,BOU,3,MID,3,5.0,1.133,6.8,"[0.959, 1.246, 1.152, 1.246, 1.141, 1.056]",26,0.2266,0.2,59,1188,1.9,1,3,0.7,94,5,4,a,,2018-07-01,False,,9,3,22,0.227,
183,Rudoni,Jack Rudoni,COV,7,MID,3,5.0,1.128,6.77,"[0.897, 1.294, 0.897, 1.294, 1.092, 1.294]",34,0.2256,0.3,0,0,0.0,0,0,0,0,0,0,d,Shoulder injury - 75% chance of playing,2024-06-20,False,,5,1,19,0.174,
253,Andersen,Joachim Andersen,FUL,10,DEF,2,5.0,1.108,6.65,"[1.092, 1.094, 1.184, 1.013, 1.092, 1.175]",26,0.2217,0.1,123,2882,3.7,0,1,0.1,329,8,8,s,Suspended until 30 Aug,2024-08-23,False,,,,20,0.247,
528,Scarlett,Dane Scarlett,TOT,19,FWD,4,4.5,1.093,6.56,"[1.048, 1.233, 1.048, 1.135, 1.135, 0.958]",25,0.2429,1.7,2,7,1.0,0,0,0.13,1,0,0,a,,2020-08-21,False,,,,18,0.239,
458,Joelinton,Joelinton Cássio Apolinário de Lira,NEW,17,MID,3,5.5,1.074,6.44,"[1.023, 1.03, 1.095, 1.03, 1.167, 1.097]",27,0.1952,0.0,73,1950,2.7,2,1,0.17,238,5,2,d,Thigh injury - 75% chance of playing,2019-07-24,False,,,,17,0.259,
64,Smith,Adam Smith,BOU,3,DEF,2,4.5,1.064,6.39,"[0.852, 1.206, 1.079, 1.206, 1.078, 0.965]",24,0.2366,0.1,58,1073,2.6,0,2,0.02,70,6,4,a,,2014-01-28,False,,,,22,0.227,
421,Heaven,Ayden Heaven,MUN,16,DEF,2,4.5,1.06,6.36,"[1.084, 1.176, 1.005, 1.001, 1.005, 1.088]",24,0.2355,0.4,42,920,2.5,0,1,0.05,93,2,3,a,,2025-02-01,False,,,,17,0.283,
80,Enes Ünal,Enes Ünal,BOU,3,FWD,4,5.5,1.054,6.33,"[0.888, 1.162, 1.072, 1.162, 1.062, 0.98]",25,0.1917,0.2,27,214,1.2,1,0,0.87,23,0,1,a,,2024-07-01,False,,,5,22,0.227,
493,Kalimuendo,Arnaud Kalimuendo,NFO,18,FWD,4,5.5,1.049,6.29,"[1.182, 0.918, 1.088, 0.918, 1.182, 1.005]",25,0.1907,0.1,9,89,1.0,0,0,0.46,6,0,0,a,,2025-08-18,False,,,,18,0.232,
317,Hirst,George Hirst,IPS,12,FWD,4,5.0,1.041,6.24,"[1.174, 0.912, 0.988, 0.998, 0.998, 1.174]",46,0.2081,0.5,0,0,0.0,0,0,0,0,0,0,a,,2023-07-13,False,1,,,18,0.174,
320,Akpom,Chuba Akpom,IPS,12,FWD,4,5.0,1.041,6.24,"[1.174, 0.912, 0.988, 0.998, 0.998, 1.174]",46,0.2081,0.5,0,0,0.0,0,0,0,0,0,0,a,,2026-07-01,True,,,,18,0.174,
322,Al-Hamadi,Ali Al-Hamadi,IPS,12,FWD,4,5.0,1.041,6.24,"[1.174, 0.912, 0.988, 0.998, 0.998, 1.174]",46,0.2081,0.2,0,0,0.0,0,0,0,0,0,0,a,,2024-01-29,False,,,,18,0.174,
325,Darlow,Karl Darlow,MUN,16,GKP,1,4.5,1.01,6.06,"[1.038, 1.15, 0.943, 0.939, 0.943, 1.044]",23,0.2244,0.1,71,1980,3.2,0,0,0.0,0,5,3,d,Unspecified injury - 75% chance of playing,2026-06-14,True,,,,17,0.283,
240,Iroegbunam,Tim Iroegbunam,EVE,9,MID,3,5.0,0.969,5.81,"[0.988, 0.929, 0.922, 0.929, 1.055, 0.99]",21,0.1938,0.1,68,1477,2.3,0,3,0.07,189,8,1,a,,2024-06-22,False,,,,17,0.224,
432,Mainoo,Kobbie Mainoo,MUN,16,MID,3,5.5,0.938,5.63,"[0.96, 1.028, 0.896, 0.888, 0.896, 0.958]",20,0.1705,1.3,73,1653,2.6,1,2,0.1,187,6,2,a,,2022-10-15,False,,,,17,0.283,
405,N.Gonzalez,Nico González Iglesias,MCI,15,MID,3,5.5,0.927,5.56,"[0.952, 0.899, 1.012, 0.844, 1.012, 0.844]",22,0.1686,0.1,63,1561,2.5,1,0,0.1,206,7,1,a,,2025-02-03,False,,,,18,0.312,
56,Abraham,Tammy Abraham,AVL,2,FWD,4,5.5,0.911,5.46,"[0.875, 0.866, 0.95, 0.948, 0.875, 0.948]",21,0.1656,0.0,23,278,1.9,2,0,0.78,13,0,2,i,Shoulder injury - Expected back 23 Aug,2026-01-27,False,,,,18,0.245,
522,Gray,Archie Gray,TOT,19,MID,3,5.0,0.904,5.43,"[0.869, 1.013, 0.869, 0.937, 0.937, 0.799]",21,0.1808,0.2,61,1471,2.5,2,2,0.17,132,5,6,a,,2024-07-02,False,,,,18,0.239,
340,Gelhardt,Joe Gelhardt,LEE,13,MID,3,5.0,0.897,5.38,"[0.871, 0.947, 0.871, 1.032, 0.947, 0.716]",22,0.1795,0.0,0,0,0.0,0,0,0,0,0,0,a,,2021-02-07,False,,,,19,0.232,
98,Janelt,Vitaly Janelt,BRE,4,MID,3,5.0,0.895,5.37,"[0.934, 0.876, 0.999, 0.876, 0.869, 0.816]",18,0.179,0.1,74,1434,3.0,1,4,0.19,183,5,6,a,,2020-10-03,False,,7,,19,0.232,
47,Kamara,Boubacar Kamara,AVL,2,MID,3,5.0,0.883,5.3,"[0.853, 0.845, 0.917, 0.915, 0.853, 0.915]",20,0.1766,0.1,61,1410,3.4,1,3,0.08,149,5,7,a,,2022-06-11,False,,,,18,0.245,Scored on his return after 7 months out
546,Adingra,Simon Adingra,SUN,20,MID,3,5.0,0.881,5.28,"[0.917, 1.0, 0.842, 0.834, 0.691, 1.0]",26,0.1761,0.3,34,649,2.4,1,1,0.14,45,4,3,a,,2025-07-10,False,,,,18,0.247,
343,James,Daniel James,LEE,13,MID,3,5.0,0.875,5.25,"[0.85, 0.924, 0.85, 1.007, 0.924, 0.698]",21,0.1751,0.1,23,547,1.2,0,0,0.27,35,1,0,a,,2021-08-31,False,,,,19,0.232,
272,Kusi-Asare,Jonah Kusi-Asare,FUL,10,FWD,4,4.5,0.859,5.16,"[0.842, 0.85, 0.921, 0.777, 0.842, 0.924]",25,0.191,8.1,6,49,0.9,0,0,0.13,5,0,0,a,,2026-06-27,True,,,,20,0.247,
548,Rigg,Chris Rigg,SUN,20,MID,3,5.0,0.857,5.14,"[0.893, 0.973, 0.819, 0.812, 0.672, 0.973]",25,0.1714,0.1,36,758,2.0,1,1,0.21,57,3,1,a,,2022-12-31,False,,,,18,0.247,
167,Delap,Liam Delap,CHE,6,FWD,4,5.5,0.85,5.1,"[0.815, 0.958, 0.674, 0.958, 0.815, 0.882]",18,0.1546,0.5,45,1092,1.6,1,2,0.39,42,2,1,a,,2025-06-04,False,4,,,18,0.254,
487,Dominguez,Nicolás Domínguez,NFO,18,MID,3,5.0,0.801,4.81,"[0.881, 0.723, 0.825, 0.723, 0.881, 0.775]",19,0.1603,0.1,48,1168,1.8,1,1,0.17,143,3,3,a,,2023-09-01,False,,,,18,0.232,
502,Robertson,Andrew Robertson,TOT,19,DEF,2,4.5,0.801,4.81,"[0.758, 0.925, 0.758, 0.84, 0.84, 0.682]",18,0.178,1.8,55,1165,2.3,1,0,0.19,55,4,4,a,,2026-07-01,True,,,,18,0.239,
65,J.Araujo,Julián Araujo Zúñiga,BOU,3,DEF,2,4.5,0.8,4.8,"[0.636, 0.909, 0.811, 0.909, 0.81, 0.724]",26,0.1778,0.1,0,0,0.0,0,0,0,0,0,0,a,,2024-08-13,False,,,,22,0.227,
456,J.Ramsey,Jacob Ramsey,NEW,17,MID,3,5.0,0.797,4.78,"[0.752, 0.759, 0.815, 0.759, 0.877, 0.817]",18,0.1593,0.5,62,1441,2.2,2,3,0.16,149,1,3,a,,2025-08-17,False,,,,17,0.259,
519,Gallagher,Conor Gallagher,TOT,19,MID,3,5.5,0.791,4.75,"[0.763, 0.878, 0.763, 0.817, 0.817, 0.707]",19,0.1438,0.2,44,1183,2.8,1,1,0.14,124,2,3,a,,2026-01-14,False,,,,18,0.239,
71,Cook,Lewis Cook,BOU,3,MID,3,5.0,0.776,4.65,"[0.648, 0.858, 0.789, 0.858, 0.782, 0.718]",22,0.1551,0.1,40,872,2.2,0,1,0.06,143,1,0,a,,2016-07-08,False,,8,,22,0.227,
520,Bergvall,Lucas Bergvall,TOT,19,MID,3,5.5,0.771,4.63,"[0.74, 0.867, 0.74, 0.8, 0.8, 0.679]",16,0.1402,0.2,49,955,2.1,1,3,0.16,79,3,0,a,,2024-07-01,False,,,,18,0.239,
212,Hughes,Will Hughes,CRY,8,MID,3,4.5,0.768,4.61,"[0.741, 0.734, 0.741, 0.856, 0.741, 0.795]",23,0.1707,11.1,45,1560,1.5,0,1,0.17,148,5,0,a,,2021-08-28,False,,7,,18,0.253,
72,Gannon-Doak,Ben Gannon-Doak,BOU,3,MID,3,5.0,0.767,4.6,"[0.641, 0.849, 0.78, 0.849, 0.773, 0.711]",22,0.1535,0.1,11,105,1.4,0,1,0.33,13,0,0,a,,2025-08-18,False,,,,22,0.227,
76,Tóth.A,Alex Tóth,BOU,3,MID,3,5.0,0.767,4.6,"[0.641, 0.849, 0.78, 0.849, 0.773, 0.711]",22,0.1535,0.0,8,135,0.9,0,0,0.29,17,0,0,a,,2026-01-20,False,,,,22,0.227,
518,P.M.Sarr,Pape Matar Sarr,TOT,19,MID,3,5.0,0.716,4.29,"[0.693, 0.787, 0.693, 0.738, 0.738, 0.647]",15,0.1432,0.4,71,1388,2.7,2,4,0.18,183,3,2,a,,2021-08-27,False,,,,18,0.239,
309,Núñez,Marcelino Núñez,IPS,12,MID,3,5.0,0.702,4.21,"[0.798, 0.609, 0.664, 0.67, 0.67, 0.798]",35,0.1403,0.2,0,0,0.0,0,0,0,0,0,0,a,,2025-08-29,False,,7,1,18,0.174,
311,Burns,Wes Burns,IPS,12,MID,3,5.0,0.702,4.21,"[0.798, 0.609, 0.664, 0.67, 0.67, 0.798]",35,0.1403,0.1,0,0,0.0,0,0,0,0,0,0,a,,2021-06-09,False,,,,18,0.174,
314,Ogbene,Chiedozie Ogbene,IPS,12,MID,3,5.0,0.702,4.21,"[0.798, 0.609, 0.664, 0.67, 0.67, 0.798]",35,0.1403,0.0,0,0,0.0,0,0,0,0,0,0,a,,2024-08-28,False,,,,18,0.174,
319,Szmodics,Sam Szmodics,IPS,12,MID,3,5.0,0.702,4.21,"[0.798, 0.609, 0.664, 0.67, 0.67, 0.798]",35,0.1403,0.1,0,0,0.0,0,0,0,0,0,0,a,,2024-08-16,False,,,,18,0.174,
324,Mehmeti,Anis Mehmeti,IPS,12,MID,3,5.0,0.702,4.21,"[0.798, 0.609, 0.664, 0.67, 0.67, 0.798]",35,0.1403,0.1,0,0,0.0,0,0,0,0,0,0,a,,2026-01-23,False,,,,18,0.174,
571,Florentino,Florentino Ibrain Morris Luís,IPS,12,MID,3,5.0,0.702,4.21,"[0.798, 0.609, 0.664, 0.67, 0.67, 0.798]",35,0.1403,0.0,0,0,0.0,0,0,0,0,0,0,a,,2026-08-04,True,,,,18,0.174,
162,Andrey Santos,Andrey Nascimento dos Santos,MUN,16,MID,3,5.0,0.699,4.19,"[0.717, 0.772, 0.664, 0.658, 0.664, 0.715]",15,0.1397,1.4,47,1247,1.7,1,0,0.2,129,1,3,a,,2026-07-13,True,,,,17,0.283,
464,Wissa,Yoane Wissa,NEW,17,FWD,4,6.0,0.669,4.01,"[0.627, 0.633, 0.686, 0.633, 0.745, 0.688]",14,0.1115,1.3,27,517,1.4,1,1,0.63,22,1,0,a,,2025-09-01,False,4,,,17,0.259,
430,Mount,Mason Mount,MUN,16,MID,3,5.5,0.662,3.97,"[0.68, 0.732, 0.63, 0.624, 0.63, 0.678]",12,0.1204,0.1,58,1010,2.5,3,0,0.28,102,5,3,a,,2023-07-05,False,,,3,17,0.283,
506,Udogie,Destiny Udogie,TOT,19,DEF,2,4.5,0.65,3.9,"[0.62, 0.741, 0.62, 0.679, 0.679, 0.563]",22,0.1446,0.4,29,1335,1.4,0,1,0.06,68,1,1,a,,2022-08-16,False,,,,18,0.239,
17,Merino,Mikel Merino Zazón,ARS,1,MID,3,6.0,0.646,3.87,"[0.721, 0.574, 0.616, 0.622, 0.622, 0.721]",11,0.1076,1.2,67,1024,3.0,4,3,0.43,113,4,5,a,,2024-08-27,False,,,,18,0.491,
164,Quenda,Geovany Quenda,CHE,6,MID,3,5.5,0.628,3.77,"[0.6, 0.711, 0.494, 0.711, 0.6, 0.653]",12,0.1143,0.0,0,0,0.0,0,0,0,0,0,0,a,,2026-06-15,True,,,,18,0.254,
568,Barco,Valentín Barco,CHE,6,MID,3,5.5,0.628,3.77,"[0.6, 0.711, 0.494, 0.711, 0.6, 0.653]",12,0.1143,0.0,0,0,0.0,0,0,0,0,0,0,a,,2026-08-02,True,,,,18,0.254,
459,L.Miley,Lewis Miley,NEW,17,MID,3,5.5,0.613,3.68,"[0.579, 0.584, 0.627, 0.584, 0.676, 0.629]",13,0.1115,0.0,72,1493,3.1,1,4,0.21,155,2,5,i,Leg injury - Expected back 30 Aug,2023-02-01,False,,7,,17,0.259,
145,Fofana,Wesley Fofana,CHE,6,DEF,2,5.0,0.592,3.55,"[0.57, 0.655, 0.493, 0.655, 0.57, 0.612]",15,0.1185,0.0,65,1718,2.6,0,2,0.07,206,4,3,s,Suspended until 6 Sep,2022-08-31,False,,,,18,0.254,
341,Gnonto,Wilfried Gnonto,LEE,13,MID,3,5.0,0.587,3.52,"[0.57, 0.62, 0.57, 0.675, 0.62, 0.468]",14,0.1174,0.1,32,521,1.4,0,3,0.2,59,1,0,a,,2022-09-01,False,,,,19,0.232,
492,Awoniyi,Taiwo Awoniyi,NFO,18,FWD,4,5.5,0.565,3.39,"[0.636, 0.494, 0.586, 0.494, 0.636, 0.541]",13,0.1026,0.4,43,480,2.5,4,2,0.83,26,1,4,a,,2022-06-25,False,,,,18,0.232,
489,Yates,Ryan Yates,NFO,18,MID,3,4.5,0.54,3.24,"[0.611, 0.469, 0.561, 0.469, 0.611, 0.515]",17,0.1199,7.3,30,602,1.4,0,2,0.13,69,0,0,a,,2018-08-01,False,,,,18,0.232,
466,Neave,Sean Neave,NEW,17,FWD,4,4.5,0.526,3.16,"[0.493, 0.498, 0.54, 0.498, 0.586, 0.541]",12,0.1169,0.7,1,13,1.0,0,0,0.21,0,0,0,a,,2025-02-07,False,,,,17,0.259,
35,Bogarde,Lamare Bogarde,AVL,2,MID,3,5.0,0.522,3.13,"[0.502, 0.497, 0.545, 0.543, 0.502, 0.543]",12,0.1043,0.1,40,1042,1.4,0,0,0.02,60,2,4,a,,2021-01-07,False,,,,18,0.245,
370,Chiesa,Federico Chiesa,LIV,14,MID,3,5.5,0.519,3.11,"[0.49, 0.533, 0.534, 0.581, 0.49, 0.485]",12,0.0943,0.2,37,317,1.4,2,1,0.58,30,0,0,a,,2024-08-29,False,,,,17,0.307,
383,Elliott,Harvey Elliott,LIV,14,MID,3,5.5,0.519,3.11,"[0.49, 0.533, 0.534, 0.581, 0.49, 0.485]",12,0.0943,0.1,5,110,1.0,0,0,0.31,6,0,0,a,,2019-07-28,False,,,,17,0.307,
507,Phillips,Ashley Phillips,TOT,19,DEF,2,4.5,0.493,2.96,"[0.464, 0.576, 0.464, 0.519, 0.519, 0.414]",14,0.1095,0.1,0,0,0.0,0,0,0,0,0,0,a,,2023-08-05,False,,,,18,0.239,
44,Bailey,Leon Bailey,AVL,2,MID,3,5.5,0.484,2.91,"[0.464, 0.46, 0.506, 0.506, 0.464, 0.506]",12,0.0881,0.1,21,450,1.6,0,2,0.39,48,0,0,a,,2021-08-04,False,,,,18,0.245,
460,Willock,Joe Willock,NEW,17,MID,3,5.0,0.468,2.81,"[0.44, 0.444, 0.479, 0.444, 0.517, 0.48]",11,0.0935,0.1,38,972,1.6,0,2,0.22,89,3,0,a,,2021-08-13,False,,,,17,0.259,
351,Mamardashvili,Giorgi Mamardashvili,LIV,14,GKP,1,5.0,0.457,2.74,"[0.42, 0.477, 0.469, 0.533, 0.42, 0.421]",12,0.0913,0.2,34,867,3.4,0,0,0.0,0,2,2,a,,2024-08-27,False,,,,17,0.307,
128,Buonanotte,Facundo Buonanotte,BHA,5,MID,3,5.0,0.455,2.73,"[0.475, 0.397, 0.517, 0.475, 0.432, 0.436]",12,0.091,0.1,3,81,0.8,0,0,0.38,6,0,0,a,,2023-01-01,False,,,,18,0.271,
135,Yohanna,Zadok Yohanna,BHA,5,MID,3,5.0,0.455,2.73,"[0.475, 0.397, 0.517, 0.475, 0.432, 0.436]",12,0.091,0.1,0,0,0.0,0,0,0,0,0,0,a,,2026-06-15,True,,,,18,0.271,
451,A.Murphy,Alex Murphy,NEW,17,DEF,2,4.0,0.433,2.6,"[0.4, 0.401, 0.45, 0.401, 0.499, 0.445]",14,0.1082,0.8,2,7,1.0,0,0,0.0,4,0,0,a,,2023-07-19,False,,,,17,0.259,
558,Schlager,Xaver Schlager,NFO,18,MID,3,5.0,0.431,2.58,"[0.488, 0.374, 0.448, 0.374, 0.488, 0.411]",12,0.0861,0.1,0,0,0.0,0,0,0,0,0,0,a,,2026-07-23,True,,,,18,0.232,
235,Aznou,Adam Aznou,EVE,9,DEF,2,4.0,0.422,2.53,"[0.439, 0.391, 0.391, 0.391, 0.487, 0.434]",14,0.1055,0.2,0,0,0.0,0,0,0,0,0,0,a,,2025-07-29,False,,,,17,0.224,
2,Arrizabalaga,Kepa Arrizabalaga Revuelta,ARS,1,GKP,1,5.0,0.405,2.43,"[0.482, 0.332, 0.378, 0.377, 0.377, 0.482]",8,0.081,0.1,2,90,2.0,0,0,0.0,0,0,0,a,,2025-07-01,False,,,,18,0.491,
3,Meslier,Illan Meslier,ARS,1,GKP,1,5.0,0.405,2.43,"[0.482, 0.332, 0.378, 0.377, 0.377, 0.482]",8,0.081,0.1,0,0,0.0,11,0,0,0,0,0,a,,2026-07-09,True,,,,18,0.491,
148,Hato,Jorrel Hato,CHE,6,DEF,2,4.5,0.403,2.42,"[0.391, 0.436, 0.347, 0.436, 0.391, 0.413]",14,0.0895,1.1,19,1139,0.9,0,0,0.07,99,0,0,a,,2025-08-03,False,,,,18,0.254,
266,Cairney,Tom Cairney,FUL,10,MID,3,5.0,0.404,2.42,"[0.395, 0.399, 0.435, 0.363, 0.395, 0.435]",13,0.0807,0.0,41,756,1.7,2,0,0.24,61,2,1,a,,2015-07-07,False,,,,20,0.247,
147,Tosin,Tosin Adarabioyo,CHE,6,DEF,2,4.5,0.402,2.41,"[0.378, 0.467, 0.298, 0.467, 0.378, 0.422]",10,0.0892,0.1,34,788,2.1,0,0,0.06,97,2,2,a,,2024-07-01,False,,,,18,0.254,
288,Dowell,Kieran Dowell,HUL,11,MID,3,4.5,0.377,2.26,"[0.364, 0.4, 0.399, 0.334, 0.367, 0.399]",12,0.0838,0.5,0,0,0.0,0,0,0,0,0,0,a,,2026-01-23,False,,,,19,0.174,
289,Crooks,Matt Crooks,HUL,11,MID,3,4.5,0.377,2.26,"[0.364, 0.4, 0.399, 0.334, 0.367, 0.399]",12,0.0838,0.7,0,0,0.0,0,0,0,0,0,0,a,,2025-01-10,False,1,,,19,0.174,
290,Slater,Regan Slater,HUL,11,MID,3,4.5,0.377,2.26,"[0.364, 0.4, 0.399, 0.334, 0.367, 0.399]",12,0.0838,1.9,0,0,0.0,0,0,0,0,0,0,a,,2022-01-27,False,,6,,19,0.174,
151,Acheampong,Josh Acheampong,CHE,6,DEF,2,4.5,0.358,2.15,"[0.337, 0.417, 0.266, 0.417, 0.337, 0.377]",9,0.0797,0.2,39,657,2.3,1,0,0.1,44,2,5,a,,2024-03-10,False,,,,18,0.254,
385,Trafford,James Trafford,MCI,15,GKP,1,5.0,0.356,2.14,"[0.376, 0.333, 0.419, 0.295, 0.419, 0.295]",8,0.0713,1.4,13,360,3.2,0,0,0.0,0,1,0,a,,2025-07-29,False,,,,18,0.312,
394,Alleyne,Max Alleyne,MCI,15,DEF,2,5.0,0.353,2.12,"[0.371, 0.332, 0.411, 0.297, 0.411, 0.297]",7,0.0706,0.0,5,135,2.5,0,0,0.21,11,0,0,a,,2022-12-16,False,,,,18,0.312,
168,Marc Guiu,Marc Guiu Paz,CHE,6,FWD,4,5.0,0.351,2.11,"[0.337, 0.396, 0.279, 0.396, 0.337, 0.365]",6,0.0703,0.4,13,265,1.3,0,1,0.62,8,0,0,a,,2024-07-01,False,,,,18,0.254,
7,Lewis-Skelly,Myles Lewis-Skelly,ARS,1,MID,3,5.5,0.345,2.07,"[0.392, 0.3, 0.327, 0.33, 0.33, 0.392]",7,0.0627,0.3,29,697,1.4,0,0,0.04,25,2,0,a,,2022-12-04,False,,,,18,0.491,
75,Christie,Ryan Christie,BOU,3,MID,3,5.0,0.341,2.05,"[0.299, 0.369, 0.346, 0.369, 0.343, 0.322]",8,0.0683,0.0,47,978,1.8,2,1,0.24,123,3,2,s,Suspended until 29 Aug,2021-08-31,False,,10,,22,0.227,
169,Mheuka,Shumaira Mheuka,CHE,6,FWD,4,4.5,0.341,2.04,"[0.326, 0.384, 0.27, 0.384, 0.326, 0.353]",6,0.0757,0.4,1,1,1.0,0,0,0.0,1,0,0,a,,,False,,,,18,0.254,
406,Kovačić,Mateo Kovačić,MCI,15,MID,3,5.5,0.338,2.03,"[0.351, 0.323, 0.382, 0.294, 0.382, 0.294]",6,0.0614,0.0,9,125,1.5,0,1,0.39,18,0,0,a,,2023-06-27,False,,,,18,0.312,
413,Bayindir,Altay Bayındır,MUN,16,GKP,1,4.5,0.337,2.02,"[0.346, 0.392, 0.311, 0.311, 0.311, 0.351]",9,0.0748,0.2,11,540,1.8,0,0,0.01,0,0,0,a,,2023-09-01,False,,,,17,0.283,
407,Echeverri,Claudio Echeverri,MCI,15,MID,3,5.0,0.315,1.89,"[0.327, 0.301, 0.356, 0.274, 0.356, 0.274]",6,0.063,0.0,0,0,0.0,0,0,0,0,0,0,a,,2024-01-25,False,,,,18,0.312,
408,Phillips,Kalvin Phillips,MCI,15,MID,3,5.0,0.315,1.89,"[0.327, 0.301, 0.356, 0.274, 0.356, 0.274]",6,0.063,0.0,0,0,0.0,0,0,0,0,0,0,a,,2022-07-04,False,,,,18,0.312,
410,Monga,Jeremy Monga,MCI,15,MID,3,5.0,0.315,1.89,"[0.327, 0.301, 0.356, 0.274, 0.356, 0.274]",6,0.063,0.0,0,0,0.0,0,0,0,0,0,0,a,,2026-07-11,True,,,,18,0.312,
395,Lewis,Rico Lewis,MCI,15,DEF,2,4.5,0.313,1.88,"[0.329, 0.295, 0.364, 0.263, 0.364, 0.263]",7,0.0696,0.2,19,401,1.7,0,1,0.35,19,1,2,a,,2022-07-16,False,,,,18,0.312,
396,Vitor Reis,Vitor de Oliveira Nunes dos Reis,MCI,15,DEF,2,4.5,0.313,1.88,"[0.329, 0.295, 0.364, 0.263, 0.364, 0.263]",7,0.0696,0.0,0,0,0.0,0,0,0,0,0,0,a,,2025-01-21,False,,,,18,0.312,
46,Barkley,Ross Barkley,AVL,2,MID,3,5.0,0.304,1.83,"[0.292, 0.289, 0.318, 0.318, 0.292, 0.318]",8,0.0609,0.2,56,844,2.7,3,2,0.3,74,1,5,a,,2024-07-01,False,,,,18,0.245,
6,Saliba,William Saliba,ARS,1,DEF,2,6.0,0.3,1.8,"[0.35, 0.253, 0.283, 0.283, 0.283, 0.35]",5,0.05,0.5,137,2614,4.4,1,0,0.07,193,15,12,i,Back injury - Unknown return date,2019-07-25,False,,,,18,0.491,
20,Dowman,Max Dowman,ARS,1,MID,3,5.5,0.296,1.78,"[0.336, 0.257, 0.28, 0.283, 0.283, 0.336]",6,0.0538,0.2,16,152,2.7,1,1,0.88,16,1,0,a,,,False,,,,18,0.491,Goal + assist in pre-season
22,Nwaneri,Ethan Nwaneri,ARS,1,MID,3,5.5,0.296,1.78,"[0.336, 0.257, 0.28, 0.283, 0.283, 0.336]",6,0.0538,0.0,8,165,1.3,0,0,0.17,13,1,0,a,,2022-09-17,False,,,,18,0.491,
23,Fábio Vieira,Fábio Ferreira Vieira,ARS,1,MID,3,5.5,0.296,1.78,"[0.336, 0.257, 0.28, 0.283, 0.283, 0.336]",6,0.0538,0.0,0,0,0.0,0,0,0,0,0,0,a,,2022-06-21,False,,,,18,0.491,
24,Nelson,Reiss Nelson,ARS,1,MID,3,5.5,0.296,1.78,"[0.336, 0.257, 0.28, 0.283, 0.283, 0.336]",6,0.0538,0.0,13,118,1.3,0,1,0.62,23,0,0,a,,2017-07-12,False,,,,18,0.491,
146,B.Badiashile,Benoît Badiashile Mukinayi,CHE,6,DEF,2,4.5,0.294,1.76,"[0.276, 0.341, 0.218, 0.341, 0.276, 0.308]",7,0.0653,0.0,7,470,0.9,0,0,0.01,48,0,0,a,,2023-01-05,False,,,,18,0.254,
161,Lavia,Roméo Lavia,CHE,6,MID,3,5.0,0.293,1.76,"[0.28, 0.332, 0.23, 0.332, 0.28, 0.305]",6,0.0586,0.0,13,374,1.1,0,0,0.18,37,0,0,a,,2023-08-18,False,,,,18,0.254,
409,Mukasa,Divine Mukasa,MCI,15,MID,3,4.5,0.292,1.75,"[0.304, 0.279, 0.331, 0.254, 0.331, 0.254]",6,0.0649,0.1,2,25,1.0,0,0,0.76,1,0,0,a,,,False,,,,18,0.312,
29,M.Bizot,Marco Bizot,AVL,2,GKP,1,4.5,0.29,1.74,"[0.272, 0.273, 0.304, 0.309, 0.272, 0.309]",9,0.0644,0.1,16,585,2.3,0,0,0.0,0,1,0,a,,2025-07-15,False,,,,18,0.245,
150,M.Sarr,Mamadou Sarr,CHE,6,DEF,2,4.5,0.286,1.72,"[0.269, 0.332, 0.212, 0.332, 0.269, 0.3]",7,0.0635,0.1,3,100,1.0,0,0,0.32,8,0,0,a,,2025-06-09,False,,,,18,0.254,
153,Disasi,Axel Disasi,CHE,6,DEF,2,4.5,0.286,1.72,"[0.269, 0.332, 0.212, 0.332, 0.269, 0.3]",7,0.0635,0.1,0,0,0.0,0,0,0,88,0,0,a,,2023-08-04,False,,,,18,0.254,
561,Anselmino,Aaron Anselmino,CHE,6,DEF,2,4.5,0.286,1.72,"[0.269, 0.332, 0.212, 0.332, 0.269, 0.3]",7,0.0635,0.0,0,0,0.0,0,0,0,0,0,0,a,,2024-08-08,False,,,,18,0.254,
243,Alcaraz,Carlos Alcaraz Durán,EVE,9,MID,3,5.0,0.287,1.72,"[0.295, 0.271, 0.269, 0.271, 0.321, 0.295]",8,0.0574,0.1,29,679,1.4,0,1,0.23,70,3,0,a,,2025-07-01,False,,,,17,0.224,
246,Röhl,Merlin Röhl,EVE,9,MID,3,5.0,0.287,1.72,"[0.295, 0.271, 0.269, 0.271, 0.321, 0.295]",8,0.0574,0.1,36,675,2.2,1,1,0.14,68,2,2,a,,2026-06-15,True,,,,17,0.224,Scored from the right; carrying end-of-season form into pre-season
434,J.Fletcher,Jack Fletcher,MUN,16,MID,3,5.0,0.284,1.7,"[0.292, 0.318, 0.268, 0.266, 0.268, 0.292]",6,0.0568,0.0,3,107,1.0,0,0,0.05,11,0,0,a,,2024-07-12,False,,,,17,0.283,
435,Lacey,Shea Lacey,MUN,16,MID,3,5.0,0.284,1.7,"[0.292, 0.318, 0.268, 0.266, 0.268, 0.292]",6,0.0568,0.1,3,40,1.0,0,0,0.24,3,0,0,a,,2025-05-26,False,,,,17,0.283,
436,Collyer,Toby Collyer,MUN,16,MID,3,5.0,0.284,1.7,"[0.292, 0.318, 0.268, 0.266, 0.268, 0.292]",6,0.0568,0.0,0,0,0.0,0,0,0,0,0,0,a,,2023-07-01,False,,,,17,0.283,
227,Travers,Mark Travers,EVE,9,GKP,1,5.0,0.281,1.69,"[0.293, 0.259, 0.259, 0.259, 0.328, 0.289]",8,0.0563,0.1,0,0,0.0,0,0,0,0,0,0,a,,2025-07-15,False,,,,17,0.224,
521,Kulusevski,Dejan Kulusevski,TOT,19,MID,3,6.5,0.281,1.68,"[0.268, 0.318, 0.268, 0.292, 0.292, 0.244]",6,0.0432,0.0,0,0,0.0,0,0,0,0,0,0,i,Knee injury - Unknown return date,2023-07-01,False,,,,18,0.239,
21,Nørgaard,Christian Nørgaard,ARS,1,MID,3,5.0,0.276,1.66,"[0.314, 0.24, 0.261, 0.264, 0.264, 0.314]",6,0.0552,0.3,7,101,1.0,0,0,0.11,16,0,0,a,,2025-07-10,False,,,,18,0.491,
163,D.Essugo,Dário Luís Essugo,CHE,6,MID,3,4.5,0.272,1.63,"[0.26, 0.308, 0.214, 0.308, 0.26, 0.283]",6,0.0604,0.2,1,26,0.3,0,0,0.03,8,0,0,a,,2025-06-02,False,,,,18,0.254,
244,Armstrong,Harrison Armstrong,EVE,9,MID,3,5.0,0.272,1.63,"[0.28, 0.257, 0.255, 0.257, 0.305, 0.28]",7,0.0545,0.1,21,524,1.6,0,0,0.18,50,1,0,a,,2024-08-09,False,,,,17,0.224,
78,Kroupi.Jr,Junior Kroupi,BOU,3,MID,3,7.5,0.269,1.62,"[0.227, 0.297, 0.274, 0.297, 0.271, 0.251]",4,0.0359,5.1,113,1663,3.4,13,0,0.53,112,10,13,i,Foot injury - Unknown return date,2025-02-02,False,1,,,22,0.227,
83,Valdimarsson,Hákon Rafn Valdimarsson,BRE,4,GKP,1,4.5,0.263,1.58,"[0.284, 0.252, 0.317, 0.252, 0.252, 0.223]",8,0.0585,0.1,1,90,1.0,0,0,0.0,0,0,0,a,,2024-01-26,False,,,,19,0.232,
199,Benitez,Walter Benítez,CRY,8,GKP,1,4.5,0.264,1.58,"[0.248, 0.248, 0.248, 0.313, 0.248, 0.28]",8,0.0587,0.1,7,90,7.0,0,0,0.0,0,1,0,a,,2025-07-01,False,,,,18,0.253,
437,Bendito Mantato,Bendito Mantato,MUN,16,MID,3,4.5,0.264,1.58,"[0.271, 0.295, 0.249, 0.247, 0.249, 0.271]",6,0.0586,0.2,1,15,1.0,0,0,0.06,0,0,0,a,,,False,,,,17,0.283,
438,Fletcher,Tyler Fletcher,MUN,16,MID,3,4.5,0.264,1.58,"[0.271, 0.295, 0.249, 0.247, 0.249, 0.271]",6,0.0586,0.3,2,17,1.0,0,0,0.05,2,0,0,a,,2025-05-26,False,,,,17,0.283,
103,Dasilva,Josh Dasilva,BRE,4,MID,3,5.0,0.256,1.53,"[0.27, 0.248, 0.294, 0.248, 0.246, 0.226]",6,0.0511,0.0,2,2,1.0,0,0,3.6,1,0,0,a,,2025-10-23,False,,,,19,0.232,
424,Amass,Harry Amass,MUN,16,DEF,2,4.0,0.254,1.53,"[0.261, 0.293, 0.236, 0.236, 0.236, 0.264]",7,0.0636,0.2,0,0,0.0,0,0,0,0,0,0,a,,2024-04-06,False,,,,17,0.283,
425,Fredricson,Tyler Fredricson,MUN,16,DEF,2,4.0,0.254,1.53,"[0.261, 0.293, 0.236, 0.236, 0.236, 0.264]",7,0.0636,0.1,1,2,1.0,0,0,0.0,2,0,0,a,,2022-09-07,False,,,,17,0.283,
531,Ellborg,Melker Ellborg,SUN,20,GKP,1,4.5,0.247,1.48,"[0.258, 0.293, 0.231, 0.231, 0.177, 0.293]",8,0.0549,0.1,16,270,5.3,0,0,0.01,0,1,3,a,,2026-02-01,False,,,,18,0.247,
170,Emegha,Emmanuel Emegha,CHE,6,FWD,4,5.0,0.243,1.46,"[0.232, 0.273, 0.192, 0.273, 0.232, 0.252]",4,0.0485,0.2,0,0,0.0,0,0,0,0,0,0,d,Hamstring injury - 75% chance of playing,2026-06-15,True,,,,18,0.254,
139,Ferguson,Evan Ferguson,BHA,5,FWD,4,5.0,0.241,1.45,"[0.25, 0.211, 0.272, 0.251, 0.229, 0.231]",6,0.0482,0.0,0,0,0.0,0,0,0,0,0,0,i,Ankle injury - Expected back 10 Oct,2021-08-23,False,,,,18,0.271,
375,Nyoni,Trey Nyoni,LIV,14,MID,3,5.0,0.242,1.45,"[0.228, 0.249, 0.249, 0.271, 0.228, 0.226]",6,0.0484,0.1,6,21,1.0,0,0,1.68,5,0,0,a,,2023-11-11,False,,,,17,0.307,
381,Koumas,Lewis Koumas,LIV,14,MID,3,5.0,0.242,1.45,"[0.228, 0.249, 0.249, 0.271, 0.228, 0.226]",6,0.0484,0.0,0,0,0.0,0,0,0,0,0,0,a,,2023-07-18,False,,,,17,0.307,
468,John,John Victor Maciel Furtado,NFO,18,GKP,1,4.5,0.242,1.45,"[0.286, 0.2, 0.256, 0.2, 0.286, 0.226]",8,0.0538,0.1,11,437,2.2,0,0,0.0,0,1,0,a,,2025-08-31,False,,,,18,0.232,
523,Moore,Mikey Moore,TOT,19,MID,3,5.0,0.237,1.42,"[0.227, 0.269, 0.227, 0.247, 0.247, 0.207]",6,0.0475,0.1,0,0,0.0,0,0,0,0,0,0,a,,2024-05-01,False,,,,18,0.239,
111,Steele,Jason Steele,BHA,5,GKP,1,4.0,0.234,1.41,"[0.249, 0.194, 0.278, 0.245, 0.22, 0.219]",8,0.0586,4.6,0,0,0.0,0,0,0,0,0,0,a,,2018-07-01,False,,,,18,0.271,
361,Lucky,Wellity Lucky,LIV,14,DEF,2,4.0,0.233,1.4,"[0.215, 0.242, 0.239, 0.269, 0.215, 0.215]",7,0.0582,0.1,0,0,0.0,0,0,0,0,0,0,a,,,False,,,,17,0.307,
365,Ramsay,Calvin Ramsay,LIV,14,DEF,2,4.0,0.233,1.4,"[0.215, 0.242, 0.239, 0.269, 0.215, 0.215]",7,0.0582,0.2,0,0,0.0,0,0,0,0,0,0,a,,2022-06-19,False,,,,17,0.307,
462,Steur,Sean Steur,NEW,17,MID,3,5.0,0.23,1.38,"[0.215, 0.217, 0.237, 0.217, 0.258, 0.237]",6,0.046,0.1,0,0,0.0,0,0,0,0,0,0,a,,2026-07-09,True,,,,17,0.259,
559,Bamba,Aladji Bamba,NEW,17,MID,3,5.0,0.23,1.38,"[0.215, 0.217, 0.237, 0.217, 0.258, 0.237]",6,0.046,0.1,0,0,0.0,0,0,0,0,0,0,a,,2026-07-24,True,,,,17,0.259,
539,O'Nien,Luke O'Nien,SUN,20,DEF,2,4.0,0.23,1.38,"[0.24, 0.27, 0.216, 0.216, 0.168, 0.27]",8,0.0575,2.3,26,565,2.2,0,1,0.04,43,2,1,a,,2018-07-30,False,,,,18,0.247,
221,Drakes-Thomas,Joél Drakes-Thomas,CRY,8,MID,3,4.5,0.229,1.37,"[0.219, 0.217, 0.219, 0.26, 0.219, 0.238]",6,0.0508,0.1,2,7,1.0,0,0,0.0,3,0,0,a,,2025-12-10,False,,,,18,0.253,
378,McConnell,James McConnell,LIV,14,MID,3,4.5,0.225,1.35,"[0.212, 0.231, 0.231, 0.252, 0.212, 0.21]",6,0.0499,0.2,0,0,0.0,0,0,0,0,0,0,a,,2023-07-18,False,,,,17,0.307,
49,Iling Jr,Samuel Iling-Junior,AVL,2,MID,3,5.0,0.224,1.34,"[0.215, 0.213, 0.234, 0.234, 0.215, 0.234]",6,0.0448,0.0,0,0,0.0,0,0,0,0,0,0,a,,2024-07-01,False,,,,18,0.245,
52,Alysson,Alysson Edward Franco da Rocha dos Santos,AVL,2,MID,3,5.0,0.224,1.34,"[0.215, 0.213, 0.234, 0.234, 0.215, 0.234]",6,0.0448,0.0,3,47,1.0,0,0,0.2,4,0,0,a,,2026-01-01,False,,,,18,0.245,
524,Olusesi,Callum Olusesi,TOT,19,MID,3,4.5,0.22,1.32,"[0.211, 0.25, 0.211, 0.229, 0.229, 0.192]",6,0.049,0.9,1,14,1.0,0,0,0.06,2,0,0,a,,,False,,,,18,0.239,
508,Davies,Ben Davies,TOT,19,DEF,2,4.0,0.215,1.29,"[0.202, 0.251, 0.202, 0.227, 0.227, 0.181]",7,0.0538,0.8,10,136,3.3,1,0,0.37,14,0,1,a,,2014-07-23,False,,,,18,0.239,
509,Byfield,Jun'ai Byfield,TOT,19,DEF,2,4.0,0.215,1.29,"[0.202, 0.251, 0.202, 0.227, 0.227, 0.181]",7,0.0538,0.1,1,1,1.0,0,0,0.0,0,0,0,a,,,False,,,,18,0.239,
510,Rowswell,James Rowswell,TOT,19,DEF,2,4.0,0.215,1.29,"[0.202, 0.251, 0.202, 0.227, 0.227, 0.181]",7,0.0538,0.1,1,1,1.0,0,0,0.0,0,0,0,a,,,False,,,,18,0.239,
511,Souza,João Victor de Souza Menezes,TOT,19,DEF,2,4.0,0.215,1.29,"[0.202, 0.251, 0.202, 0.227, 0.227, 0.181]",7,0.0538,0.3,3,142,0.8,0,0,0.03,6,0,0,a,,2026-01-22,False,,,,18,0.239,
132,Howell,Harry Howell,BHA,5,MID,3,4.5,0.211,1.27,"[0.22, 0.184, 0.24, 0.22, 0.2, 0.202]",6,0.0469,0.3,4,92,1.3,0,0,0.03,7,0,0,a,,,False,,,,18,0.271,
134,Oriola,Nehemiah Oriola,BHA,5,MID,3,4.5,0.211,1.27,"[0.22, 0.184, 0.24, 0.22, 0.2, 0.202]",6,0.0469,0.2,1,1,1.0,0,0,0.0,0,0,0,a,,,False,,,,18,0.271,
38,A.García,Andrés García,AVL,2,DEF,2,4.0,0.21,1.26,"[0.199, 0.198, 0.22, 0.223, 0.199, 0.223]",7,0.0526,1.6,5,83,0.8,0,0,0.01,10,0,0,a,,,False,,,,18,0.245,
39,Nedeljkovic,Kosta Nedeljkovic,AVL,2,DEF,2,4.0,0.21,1.26,"[0.199, 0.198, 0.22, 0.223, 0.199, 0.223]",7,0.0526,0.5,0,0,0.0,0,0,0,0,0,0,a,,2024-01-22,False,,,,18,0.245,
50,Burrowes,Bradley Burrowes,AVL,2,MID,3,4.5,0.208,1.25,"[0.199, 0.197, 0.217, 0.217, 0.199, 0.217]",6,0.0462,0.9,1,16,1.0,0,0,0.0,1,0,0,a,,,False,,,,18,0.245,
51,George Hemmings,George Hemmings,AVL,2,MID,3,4.5,0.208,1.25,"[0.199, 0.197, 0.217, 0.217, 0.199, 0.217]",6,0.0462,0.3,2,25,1.0,0,0,0.18,1,0,0,a,,,False,,,,18,0.245,
416,De Ligt,Matthijs de Ligt,MUN,16,DEF,2,5.0,0.207,1.24,"[0.211, 0.228, 0.197, 0.196, 0.197, 0.212]",5,0.0413,0.0,43,1170,3.3,1,0,0.17,107,1,5,i,Back injury - Unknown return date,2024-08-13,False,,,,17,0.283,
538,Hjelde,Leo Fuhr Hjelde,SUN,20,DEF,2,4.0,0.203,1.22,"[0.211, 0.238, 0.19, 0.19, 0.148, 0.238]",7,0.0507,0.3,0,0,0.0,0,0,0,0,0,0,a,,2024-01-30,False,,,,18,0.247,
540,Masuaku,Arthur Masuaku,SUN,20,DEF,2,4.0,0.203,1.22,"[0.211, 0.238, 0.19, 0.19, 0.148, 0.238]",7,0.0507,1.4,1,125,0.3,0,0,0.11,10,0,0,a,,2025-08-10,False,,,,18,0.247,
58,Forster,Fraser Forster,BOU,3,GKP,1,4.0,0.202,1.21,"[0.158, 0.232, 0.205, 0.232, 0.205, 0.181]",8,0.0505,3.1,0,0,0.0,0,0,0,0,0,0,a,,2026-01-02,False,,,,22,0.227,
59,Dennis,Will Dennis,BOU,3,GKP,1,4.0,0.202,1.21,"[0.158, 0.232, 0.205, 0.232, 0.205, 0.181]",8,0.0505,0.2,0,0,0.0,0,0,0,0,0,0,a,,2019-08-01,False,,,,22,0.227,
121,Mitoma,Mitoma Kaoru,BHA,5,MID,3,6.0,0.202,1.21,"[0.21, 0.178, 0.228, 0.211, 0.192, 0.194]",5,0.0337,0.2,62,1714,2.5,3,1,0.35,107,5,2,i,Hamstring injury - Unknown return date,2021-08-09,False,,,,18,0.271,
476,O.Richards,Omar Richards,NFO,18,DEF,2,4.0,0.201,1.21,"[0.235, 0.168, 0.212, 0.168, 0.235, 0.189]",7,0.0503,0.2,0,0,0.0,0,0,0,0,0,0,a,,2022-07-10,False,,,,18,0.232,
477,Abbott,Zach Abbott,NFO,18,DEF,2,4.0,0.201,1.21,"[0.235, 0.168, 0.212, 0.168, 0.235, 0.189]",7,0.0503,0.2,3,165,1.0,0,0,0.01,13,0,0,a,,2022-08-22,False,,,,18,0.232,
479,Bindon,Tyler Bindon,NFO,18,DEF,2,4.0,0.201,1.21,"[0.235, 0.168, 0.212, 0.168, 0.235, 0.189]",7,0.0503,0.2,0,0,0.0,0,0,0,0,0,0,a,,2025-02-03,False,,,,18,0.232,
251,Lecomte,Benjamin Lecomte,FUL,10,GKP,1,4.0,0.2,1.2,"[0.196, 0.195, 0.222, 0.172, 0.196, 0.218]",8,0.05,1.4,0,0,0.0,0,0,0,0,0,0,a,,2025-07-26,False,,,,20,0.247,
252,McNally,Alfie McNally,FUL,10,GKP,1,4.0,0.2,1.2,"[0.196, 0.195, 0.222, 0.172, 0.196, 0.218]",8,0.05,0.2,0,0,0.0,0,0,0,0,0,0,a,,,False,,,,20,0.247,
66,Soler,Julio Soler Barreto,BOU,3,DEF,2,4.0,0.193,1.16,"[0.153, 0.219, 0.195, 0.219, 0.195, 0.174]",7,0.0481,0.6,3,34,1.0,0,0,0.0,1,0,0,a,,2025-01-07,False,,,,22,0.227,
189,Shepherd,George Shepherd,COV,7,MID,3,4.5,0.19,1.14,"[0.151, 0.218, 0.151, 0.218, 0.184, 0.218]",6,0.0421,0.3,0,0,0.0,0,0,0,0,0,0,a,,,False,,,,19,0.174,
191,Borges Rodrigues,Raphael Borges Rodrigues,COV,7,MID,3,4.5,0.19,1.14,"[0.151, 0.218, 0.151, 0.218, 0.184, 0.218]",6,0.0421,0.2,0,0,0.0,0,0,0,0,0,0,a,,2024-07-01,False,,,,19,0.174,
192,Andrews,Kaine Andrews,COV,7,MID,3,4.5,0.19,1.14,"[0.151, 0.218, 0.151, 0.218, 0.184, 0.218]",6,0.0421,0.7,0,0,0.0,0,0,0,0,0,0,a,,2023-08-11,False,,,,19,0.174,
63,Milosavljević,Veljko Milosavljevic,BOU,3,DEF,2,5.0,0.182,1.09,"[0.144, 0.206, 0.184, 0.206, 0.184, 0.164]",5,0.0363,0.1,19,367,2.7,0,0,0.09,39,1,0,i,Unspecified injury - Unknown return date,2025-09-01,False,,,,22,0.227,
99,Milambo,Antoni Milambo,BRE,4,MID,3,5.0,0.176,1.06,"[0.186, 0.171, 0.203, 0.171, 0.17, 0.156]",4,0.0353,0.0,1,45,1.0,0,0,0.02,4,0,0,d,Knee injury - 75% chance of playing,2025-07-03,False,,,,19,0.232,
270,Reed,Harrison Reed,FUL,10,MID,3,4.5,0.176,1.05,"[0.172, 0.174, 0.189, 0.158, 0.172, 0.189]",6,0.039,1.1,15,89,2.1,1,0,0.59,6,0,2,a,,2020-08-30,False,,,,20,0.247,
374,Endo,Endo Wataru,LIV,14,MID,3,5.0,0.167,1.0,"[0.158, 0.172, 0.172, 0.187, 0.158, 0.156]",4,0.0334,0.0,12,170,1.5,0,1,0.05,23,1,0,d,Ankle injury - 75% chance of playing,2023-08-18,False,,,,17,0.307,
278,Hughes,Charlie Hughes,HUL,11,DEF,2,4.0,0.155,0.93,"[0.149, 0.166, 0.167, 0.133, 0.149, 0.167]",6,0.0388,1.2,0,0,0.0,0,0,0,0,0,0,i,Groin injury - Unknown return date,2024-08-16,False,,,,19,0.174,
321,Walle Egeli,Sindre Walle Egeli,IPS,12,FWD,4,4.5,0.136,0.81,"[0.153, 0.119, 0.129, 0.13, 0.13, 0.153]",6,0.0302,2.1,0,0,0.0,0,0,0,0,0,0,a,,2025-08-29,False,,,,18,0.174,
323,McAteer,Kasey McAteer,IPS,12,MID,3,4.5,0.114,0.68,"[0.13, 0.099, 0.108, 0.109, 0.109, 0.13]",6,0.0253,1.7,0,0,0.0,0,0,0,0,0,0,a,,2025-08-22,False,,,,18,0.174,
48,Onana,Amadou Onana,AVL,2,MID,3,5.0,0.0,0.0,"[0.0, 0.0, 0.0, 0.0, 0.0, 0.0]",2,0.0,0.0,76,1755,3.0,2,0,0.13,219,6,4,i,Knee injury - Unknown return date,2024-07-22,False,,,,18,0.245,
100,Carvalho,Fábio Freitas Gouveia Carvalho,BRE,4,MID,3,5.0,0.0,0.0,"[0.0, 0.0, 0.0, 0.0, 0.0, 0.0]",1,0.0,0.0,13,100,2.2,1,0,0.66,8,0,1,d,Lack of match fitness - 25% chance of playing,2024-08-12,False,,,,19,0.232,
133,Watson,Tom Watson,BHA,5,MID,3,5.0,0.0,0.0,"[0.0, 0.0, 0.0, 0.0, 0.0, 0.0]",0,0.0,0.0,5,57,0.8,0,0,0.11,5,0,0,u,Has joined Leicester City on loan for the rest of the season,2025-06-01,False,,,,18,0.271,
101,Henderson,Jordan Henderson,CHE,6,MID,3,5.0,0.0,0.0,"[0.0, 0.0, 0.0, 0.0, 0.0, 0.0]",0,0.0,0.0,76,1911,2.4,1,3,0.13,183,6,5,u,has departed the club as a free agent.,2026-08-03,True,,,,18,0.254,
560,Penders,Mike Penders,CHE,6,GKP,1,4.5,0.0,0.0,"[0.0, 0.0, 0.0, 0.0, 0.0, 0.0]",3,0.0,0.1,0,0,0.0,0,0,0,0,0,0,a,,2024-08-27,False,,,,18,0.254,
171,Dovin,Oliver Dovin,COV,7,GKP,1,4.0,0.0,0.0,"[0.0, 0.0, 0.0, 0.0, 0.0, 0.0]",3,0.0,2.8,0,0,0.0,0,0,0,0,0,0,a,,2024-07-19,False,,,,19,0.174,
197,Bassette,Norman Bassette,COV,7,FWD,4,4.5,0.0,0.0,"[0.0, 0.0, 0.0, 0.0, 0.0, 0.0]",0,0.0,0.5,0,0,0.0,0,0,0,0,0,0,u,Has joined KVC Westerlo on loan for the rest of the season,,False,,,,19,0.174,
225,Uche,Christantus Uche,CRY,8,FWD,4,5.0,0.0,0.0,"[0.0, 0.0, 0.0, 0.0, 0.0, 0.0]",0,0.0,0.0,17,159,1.2,0,1,0.29,13,0,0,u,has returned to Getafe CF,,False,,,,18,0.253,
555,Matthews,Remi Matthews,CRY,8,GKP,1,4.0,0.0,0.0,"[0.0, 0.0, 0.0, 0.0, 0.0, 0.0]",3,0.0,1.7,0,0,0.0,0,0,0,0,0,0,a,,2021-07-13,False,,,,18,0.253,
228,King,Tom King,EVE,9,GKP,1,4.5,0.0,0.0,"[0.0, 0.0, 0.0, 0.0, 0.0, 0.0]",3,0.0,0.1,0,0,0.0,0,0,0,0,0,0,a,,2025-08-15,False,,,,17,0.224,
273,Phillips,Dillon Phillips,HUL,11,GKP,1,4.0,0.0,0.0,"[0.0, 0.0, 0.0, 0.0, 0.0, 0.0]",3,0.0,2.1,0,0,0.0,0,0,0,0,0,0,a,,2025-07-01,False,,,,19,0.174,
275,Cartwright,Harvey Cartwright,HUL,11,GKP,1,4.0,0.0,0.0,"[0.0, 0.0, 0.0, 0.0, 0.0, 0.0]",0,0.0,0.1,0,0,0.0,0,0,0,0,0,0,u,Has joined Grimsby Town on loan for the rest of the season,2020-07-01,False,,,,19,0.174,
276,Lo-Tutala,Thimothée Lo-Tutala,HUL,11,GKP,1,4.0,0.0,0.0,"[0.0, 0.0, 0.0, 0.0, 0.0, 0.0]",3,0.0,0.2,0,0,0.0,0,0,0,0,0,0,a,,2023-07-01,False,,,,19,0.174,
291,Matazo,Eliot Matazo,HUL,11,MID,3,4.5,0.0,0.0,"[0.0, 0.0, 0.0, 0.0, 0.0, 0.0]",1,0.0,0.0,0,0,0.0,0,0,0,0,0,0,i,Knee injury - Unknown return date,2025-01-23,False,,,,19,0.174,
294,Zambrano,Óscar Zambrano,HUL,11,MID,3,4.5,0.0,0.0,"[0.0, 0.0, 0.0, 0.0, 0.0, 0.0]",1,0.0,0.5,0,0,0.0,0,0,0,0,0,0,i,Thigh injury - Unknown return date,2026-07-21,True,,,,19,0.174,
297,Gyabi,Darko Gyabi,HUL,11,MID,3,4.5,0.0,0.0,"[0.0, 0.0, 0.0, 0.0, 0.0, 0.0]",1,0.0,0.2,0,0,0.0,0,0,0,0,0,0,i,Thigh injury - Unknown return date,2025-09-01,False,,,,19,0.174,
299,Burstow,Mason Burstow,HUL,11,FWD,4,4.5,0.0,0.0,"[0.0, 0.0, 0.0, 0.0, 0.0, 0.0]",0,0.0,0.7,0,0,0.0,0,0,0,0,0,0,u,Has joined Sheffield Wednesday on loan for the rest of the season,2024-08-16,False,,,,19,0.174,
301,Palmer,Alex Palmer,IPS,12,GKP,1,4.0,0.0,0.0,"[0.0, 0.0, 0.0, 0.0, 0.0, 0.0]",2,0.0,5.9,0,0,0.0,0,0,0,0,0,0,a,,2025-02-03,False,,,,18,0.174,
302,Button,David Button,IPS,12,GKP,1,4.0,0.0,0.0,"[0.0, 0.0, 0.0, 0.0, 0.0, 0.0]",2,0.0,0.5,0,0,0.0,0,0,0,0,0,0,a,,2025-07-04,False,,,,18,0.174,
310,Matusiwa,Azor Matusiwa,IPS,12,MID,3,5.0,0.0,0.0,"[0.0, 0.0, 0.0, 0.0, 0.0, 0.0]",3,0.0,0.0,0,0,0.0,0,0,0,0,0,0,i,Muscular injury - Unknown return date,2025-07-13,False,,,,18,0.174,
312,Taylor,Jack Taylor,IPS,12,MID,3,4.5,0.0,0.0,"[0.0, 0.0, 0.0, 0.0, 0.0, 0.0]",0,0.0,0.3,0,0,0.0,0,0,0,0,0,0,i,Knee injury - Unknown return date,2023-06-26,False,,,,18,0.174,
342,Harrison,Jack Harrison,LEE,13,MID,3,5.0,0.0,0.0,"[0.0, 0.0, 0.0, 0.0, 0.0, 0.0]",0,0.0,0.0,12,262,1.1,0,0,0.18,24,0,0,u,Has joined New England Revolution permanently,2021-07-02,False,,,,19,0.232,
349,Mateo Joseph,Mateo Joseph Fernández-Regatillo,LEE,13,FWD,4,4.5,0.0,0.0,"[0.0, 0.0, 0.0, 0.0, 0.0, 0.0]",1,0.0,0.3,0,0,0.0,0,0,0,0,0,0,i,Knee injury - Unknown return date,2022-11-04,False,,,,19,0.232,
352,Woodman,Freddie Woodman,LIV,14,GKP,1,4.0,0.0,0.0,"[0.0, 0.0, 0.0, 0.0, 0.0, 0.0]",3,0.0,1.2,6,212,2.0,0,0,0.0,0,0,0,a,,2025-07-01,False,,,,17,0.307,
353,Pecsi,Armin Pecsi,LIV,14,GKP,1,4.0,0.0,0.0,"[0.0, 0.0, 0.0, 0.0, 0.0, 0.0]",3,0.0,0.1,0,0,0.0,0,0,0,0,0,0,a,,,False,,,,17,0.307,
354,Jaros,Vitezslav Jaros,LIV,14,GKP,1,4.0,0.0,0.0,"[0.0, 0.0, 0.0, 0.0, 0.0, 0.0]",0,0.0,0.0,0,0,0.0,0,0,0,0,0,0,i,Knee injury - Unknown return date,2019-07-10,False,,,,17,0.307,
355,Davies,Harvey Davies,LIV,14,GKP,1,4.0,0.0,0.0,"[0.0, 0.0, 0.0, 0.0, 0.0, 0.0]",3,0.0,0.1,0,0,0.0,0,0,0,0,0,0,a,,2021-03-09,False,,,,17,0.307,
359,Gomez,Joe Gomez,LIV,14,DEF,2,5.0,0.0,0.0,"[0.0, 0.0, 0.0, 0.0, 0.0, 0.0]",4,0.0,0.1,33,594,1.6,0,2,0.14,46,2,2,i,Muscular injury - Unknown return date,2015-06-20,False,,,,17,0.307,
360,Bradley,Conor Bradley,LIV,14,DEF,2,5.0,0.0,0.0,"[0.0, 0.0, 0.0, 0.0, 0.0, 0.0]",3,0.0,0.0,42,928,2.8,0,2,0.1,65,4,2,i,Knee injury - Unknown return date,2023-09-25,False,,,,17,0.307,
363,Leoni,Giovanni Leoni,LIV,14,DEF,2,4.0,0.0,0.0,"[0.0, 0.0, 0.0, 0.0, 0.0, 0.0]",1,0.0,0.1,0,0,0.0,0,0,0,0,0,0,i,Knee injury - Unknown return date,2025-08-15,False,,,,17,0.307,
376,Bajcetic,Stefan Bajčetić Maquieira,LIV,14,MID,3,5.0,0.0,0.0,"[0.0, 0.0, 0.0, 0.0, 0.0, 0.0]",3,0.0,0.0,0,0,0.0,0,0,0,0,0,0,i,Hamstring injury - Expected back 23 Aug,2022-07-11,False,,,,17,0.307,
380,Ekitiké,Hugo Ekitiké,LIV,14,FWD,4,7.5,0.0,0.0,"[0.0, 0.0, 0.0, 0.0, 0.0, 0.0]",4,0.0,0.2,125,1797,4.5,11,4,0.63,85,7,22,i,Achilles injury - Unknown return date,2025-07-23,False,,,,17,0.307,
382,Danns,Jayden Danns,LIV,14,FWD,4,4.5,0.0,0.0,"[0.0, 0.0, 0.0, 0.0, 0.0, 0.0]",2,0.0,0.1,0,0,0.0,0,0,0,0,0,0,i,Unspecified injury - Unknown return date,,False,,,,17,0.307,
386,Bettinelli,Marcus Bettinelli,MCI,15,GKP,1,4.5,0.0,0.0,"[0.0, 0.0, 0.0, 0.0, 0.0, 0.0]",3,0.0,0.0,0,0,0.0,0,0,0,0,0,0,a,,2025-06-10,False,,,,18,0.312,
402,Rodrigo,Rodrigo 'Rodri' Hernandez Cascante,MCI,15,MID,3,6.5,0.0,0.0,"[0.0, 0.0, 0.0, 0.0, 0.0, 0.0]",3,0.0,0.1,69,1510,3.3,1,1,0.22,206,5,6,i,Back injury - Unknown return date,2019-07-04,False,,,,18,0.312,
414,Heaton,Tom Heaton,MUN,16,GKP,1,4.0,0.0,0.0,"[0.0, 0.0, 0.0, 0.0, 0.0, 0.0]",2,0.0,0.3,0,0,0.0,0,0,0,0,0,0,a,,2021-07-02,False,,,,17,0.283,
433,Ugarte,Manuel Ugarte Ribeiro,MUN,16,MID,3,5.0,0.0,0.0,"[0.0, 0.0, 0.0, 0.0, 0.0, 0.0]",1,0.0,0.0,38,876,1.7,0,0,0.09,142,1,0,i,Knee injury - Unknown return date,2024-08-30,False,,,,17,0.283,
443,Gillespie,Mark Gillespie,NEW,17,GKP,1,4.5,0.0,0.0,"[0.0, 0.0, 0.0, 0.0, 0.0, 0.0]",3,0.0,0.0,0,0,0.0,0,0,0,0,0,0,a,,2020-07-27,False,,,,17,0.259,
444,Jaouen,Ewen Jaouen,NEW,17,GKP,1,4.5,0.0,0.0,"[0.0, 0.0, 0.0, 0.0, 0.0, 0.0]",3,0.0,0.1,0,0,0.0,0,0,0,0,0,0,a,,2026-06-15,True,,,,17,0.259,
475,Savona,Nicolò Savona,NFO,18,DEF,2,4.5,0.0,0.0,"[0.0, 0.0, 0.0, 0.0, 0.0, 0.0]",3,0.0,0.0,39,1025,2.8,2,0,0.16,57,3,0,i,Knee injury - Unknown return date,2025-08-30,False,,,,18,0.232,
494,Vicario,Guglielmo Vicario,TOT,19,GKP,1,4.5,0.0,0.0,"[0.0, 0.0, 0.0, 0.0, 0.0, 0.0]",4,0.0,1.5,90,2790,2.9,0,0,0.0,0,7,6,a,,2023-07-01,False,,,,18,0.239,Being moved on; Spurs are working to sell him
495,Austin,Brandon Austin,TOT,19,GKP,1,4.0,0.0,0.0,"[0.0, 0.0, 0.0, 0.0, 0.0, 0.0]",3,0.0,0.6,0,0,0.0,0,0,0,0,0,0,a,,2017-07-22,False,,,,18,0.239,
497,Dubravka,Martin Dubravka,TOT,19,GKP,1,4.0,0.0,0.0,"[0.0, 0.0, 0.0, 0.0, 0.0, 0.0]",4,0.0,24.0,96,3150,2.7,0,0,0.0,0,4,7,a,,2026-07-01,True,,,,18,0.239,Signed as Kinsky's BACKUP - a £4.0m non-playing bench enabler only
513,Xavi,Xavi Simons,TOT,19,MID,3,6.0,0.0,0.0,"[0.0, 0.0, 0.0, 0.0, 0.0, 0.0]",4,0.0,0.0,80,1747,2.9,2,5,0.36,149,4,7,i,Knee injury - Unknown return date,2025-08-29,False,3,8,2,18,0.239,
517,Odobert,Wilson Odobert,TOT,19,MID,3,5.5,0.0,0.0,"[0.0, 0.0, 0.0, 0.0, 0.0, 0.0]",1,0.0,0.0,46,972,1.9,0,2,0.29,77,2,6,i,Knee injury - Unknown return date,2024-08-16,False,,,,18,0.239,
530,Patterson,Anthony Patterson,SUN,20,GKP,1,4.0,0.0,0.0,"[0.0, 0.0, 0.0, 0.0, 0.0, 0.0]",3,0.0,1.0,0,0,0.0,0,0,0,0,0,0,a,,2018-10-09,False,,,,18,0.247,
